digital3_image_path,cache_path,file_stem,traffic_type,variant,hardware_source,label,digital3_assigned_q,source_sha256,digital3_cache_sha256,split,parent_image_path,parent_assigned_q,parent_cache_sha256,parent_membership,controlled_digital3_score,augmented_digital3_score
test/attack/digital_3/huawei/arabic-01_0002_000-c7338db1_1.jpg,data/processed/policy_c_official_test/test/attack/digital_3/huawei/arabic-01_0002_000-c7338db1_1.jpg,arabic-01_0002_000-c7338db1_1,attack,digital_3,huawei,1,55,2528c4ab6c2fdda791be65bc231bc910b9f9e368812bd4b0ba8cba7f9ff92ac6,be2a98d12c86cd2ef0afae58a980a65a5b99ed973d7d2d938a31e6356c8ede7e,,,,,outside_frozen_project_split,0.03253173828125,0.0300140380859375
test/attack/digital_3/huawei/arabic-01_0076_000-fd5000df_1.jpg,data/processed/policy_c_official_test/test/attack/digital_3/huawei/arabic-01_0076_000-fd5000df_1.jpg,arabic-01_0076_000-fd5000df_1,attack,digital_3,huawei,1,51,105083cf0b63f03dac1805faeb91dc1148e50e8ff2a64827a2c8959c7e60b59b,8e3dd634cb5ad6909d5ff5b3ec675f87eb2aa81c2984fa6d15b6bd3f1a55eecc,,,,,outside_frozen_project_split,0.038909912109375,0.033233642578125
test/attack/digital_3/huawei/arabic-01_0095_000-18471808_1.jpg,data/processed/policy_c_official_test/test/attack/digital_3/huawei/arabic-01_0095_000-18471808_1.jpg,arabic-01_0095_000-18471808_1,attack,digital_3,huawei,1,65,f44736bc8825a287c6a7ac6bf181f90756f72888b1ee7ba6da9d9c60ef290a0c,b17c599d1492b7a466ebb615a077da1cbc941f515cf420bf4e405e06c5aac8ad,,,,,outside_frozen_project_split,0.12060546875,0.0287628173828125
test/attack/digital_3/huawei/chinese-01_0003_000-98e8eaef_0.jpg,data/processed/policy_c_official_test/test/attack/digital_3/huawei/chinese-01_0003_000-98e8eaef_0.jpg,chinese-01_0003_000-98e8eaef_0,attack,digital_3,huawei,1,65,dcce9d8fe8168e8f4513c063d5918c930bc4a7e3302218ba8b49317be81b8863,da5af2bc22ae702ce7949c0b96847492dd1c6b21fbdbf56582d8879ead127b50,,,,,outside_frozen_project_split,0.0031414031982421,0.033233642578125
test/attack/digital_3/huawei/chinese-01_0007_000-08f07a73_0.jpg,data/processed/policy_c_official_test/test/attack/digital_3/huawei/chinese-01_0007_000-08f07a73_0.jpg,chinese-01_0007_000-08f07a73_0,attack,digital_3,huawei,1,76,ccb19cdb7c6f61884dfb0c53dd3b91d88c0eddc2b4a50a34100a9d64047c5053,819e1ca2b35a2dc1d8ceac698124a4cd7e0b8a47c80cdeb92bc558e46dc1bbc0,,,,,outside_frozen_project_split,0.0174560546875,0.04986572265625
test/attack/digital_3/huawei/chinese-01_0012_000-48c56e4b_0.jpg,data/processed/policy_c_official_test/test/attack/digital_3/huawei/chinese-01_0012_000-48c56e4b_0.jpg,chinese-01_0012_000-48c56e4b_0,attack,digital_3,huawei,1,77,412b211ca4d9e644abbd1c41a4683e4fd1b3eecca7988fa0f52ba53205cd1cd3,497472bdcec23c281aca03934091beeee21b37a66f0bfb294b46380f02764490,,,,,outside_frozen_project_split,0.06829833984375,0.03289794921875
test/attack/digital_3/huawei/chinese-01_0019_000-06d51424_0.jpg,data/processed/policy_c_official_test/test/attack/digital_3/huawei/chinese-01_0019_000-06d51424_0.jpg,chinese-01_0019_000-06d51424_0,attack,digital_3,huawei,1,58,f6a451e51656cb85345769a10af65adadbd9cbb6c9edee8fc0faa47bed03c1b6,8719aea54ea7520cb4b180264533d0d1b516b829fc2162c8796a6c9e1931e1ef,,,,,outside_frozen_project_split,0.0071754455566406,0.045684814453125
test/attack/digital_3/huawei/chinese-01_0022_000-3b9715ed_0.jpg,data/processed/policy_c_official_test/test/attack/digital_3/huawei/chinese-01_0022_000-3b9715ed_0.jpg,chinese-01_0022_000-3b9715ed_0,attack,digital_3,huawei,1,51,d9f818b783c802295a586308e8eaac7e360204a4af30c48cc2dbb718f5e47f28,6a40c01a145c6fd5f7de32fdaa5e92c45027d58bfb22c44dc5c6bea6fb35125b,,,,,outside_frozen_project_split,0.0039749145507812,0.0309906005859375
test/attack/digital_3/huawei/chinese-01_0028_000-611e103a_0.jpg,data/processed/policy_c_official_test/test/attack/digital_3/huawei/chinese-01_0028_000-611e103a_0.jpg,chinese-01_0028_000-611e103a_0,attack,digital_3,huawei,1,59,f285dc99ed9e6d85578234f10022bd16a4827071126f56525c8755c930fe2b2a,998add40d8802bb62e494134d2aa9fa9c4a58f8e61e34b20c77fa3089aabff7f,,,,,outside_frozen_project_split,0.0032539367675781,0.032562255859375
test/attack/digital_3/huawei/chinese-01_0034_000-9b26d58c_0.jpg,data/processed/policy_c_official_test/test/attack/digital_3/huawei/chinese-01_0034_000-9b26d58c_0.jpg,chinese-01_0034_000-9b26d58c_0,attack,digital_3,huawei,1,54,35afa93491279d92cd534caba65394e6a282767c57171fd9fb0d0df8ba438c25,6ef28337cedba55c2b8b82bbf4983fb56915152de51f76aa6ec2150a829f3c11,,,,,outside_frozen_project_split,0.04046630859375,0.03204345703125
test/attack/digital_3/huawei/chinese-01_0084_000-ba83f345_1.jpg,data/processed/policy_c_official_test/test/attack/digital_3/huawei/chinese-01_0084_000-ba83f345_1.jpg,chinese-01_0084_000-ba83f345_1,attack,digital_3,huawei,1,80,2aa52777767075cd4d0332ee649e3615dc41c43a3514dd36b19dc53fa091dc19,5a58197842a555e34f7f7ef15c41f7d1f46a15d4e0fb7908387f5b7173f916b6,,,,,outside_frozen_project_split,0.197265625,0.038330078125
test/attack/digital_3/huawei/chinese-01_0086_000-5a7ac9e6_1.jpg,data/processed/policy_c_official_test/test/attack/digital_3/huawei/chinese-01_0086_000-5a7ac9e6_1.jpg,chinese-01_0086_000-5a7ac9e6_1,attack,digital_3,huawei,1,62,21cd5684b8c06124aa9e6c8014086b726c23104e49bd11ccb56fb854781318f5,4ff41c9d3fcbd601ca08e2fd6f092c161001cba8409bf9ebb09f2a388f58c1f6,,,,,outside_frozen_project_split,0.0274505615234375,0.2327880859375
test/attack/digital_3/huawei/french-01_0006_000-f9f1aca7_0.jpg,data/processed/policy_c_official_test/test/attack/digital_3/huawei/french-01_0006_000-f9f1aca7_0.jpg,french-01_0006_000-f9f1aca7_0,attack,digital_3,huawei,1,75,d646ef5e85e8566c1802285bcccedb5a8fefa842138bebe97f7da9fc104f7709,0e279ee6d92fd687ebbe6e807ea46a35137f3226d19745dcc3e2d6dd4951f160,,,,,outside_frozen_project_split,0.309326171875,0.0247344970703125
test/attack/digital_3/huawei/french-01_0029_000-d00491e2_1.jpg,data/processed/policy_c_official_test/test/attack/digital_3/huawei/french-01_0029_000-d00491e2_1.jpg,french-01_0029_000-d00491e2_1,attack,digital_3,huawei,1,67,3cda2fcd0249267fda488f1cedab75c81c1848dd3609cdae3fe131fd46152066,8c8700d6ed9d6039f9c4f56ac52b357633ef967dda26245ad462253908902c63,,,,,outside_frozen_project_split,0.0052413940429687,0.0245361328125
test/attack/digital_3/huawei/french-01_0070_000-a4a25cda_0.jpg,data/processed/policy_c_official_test/test/attack/digital_3/huawei/french-01_0070_000-a4a25cda_0.jpg,french-01_0070_000-a4a25cda_0,attack,digital_3,huawei,1,51,9d2db1f6fc190baf3000acfc544e3e2bdc71d71014bc465e4bda23fbcb13b20b,cc8243bc9dbed6be709112436fd32cbb55521d356265dab99092760c665d2c27,,,,,outside_frozen_project_split,0.000960350036621,0.0213470458984375
test/attack/digital_3/huawei/french-01_0094_000-51fbbc37_0.jpg,data/processed/policy_c_official_test/test/attack/digital_3/huawei/french-01_0094_000-51fbbc37_0.jpg,french-01_0094_000-51fbbc37_0,attack,digital_3,huawei,1,52,8a75b57b1a656b15532002d6ab5f7d451433fff4c4f0e7cf9a82987995634334,3e490c888edceb2c51ad0cc3c1758648e5a9a5a401323aea0f92fbc73f8428c1,,,,,outside_frozen_project_split,0.0172119140625,0.0254974365234375
test/attack/digital_3/huawei/indian-01_0004_000-2423feb1_0.jpg,data/processed/policy_c_official_test/test/attack/digital_3/huawei/indian-01_0004_000-2423feb1_0.jpg,indian-01_0004_000-2423feb1_0,attack,digital_3,huawei,1,54,def3366428aeebcff3f54dede5565cdec29e4058566c37d9dc81d603ddd65166,f93aa7187739ed92fb6d069952923fa73002cd29ccf51181409bf7a2bb54aa9a,,,,,outside_frozen_project_split,0.009857177734375,0.0280303955078125
test/attack/digital_3/huawei/indian-01_0005_000-59069fdd_1.jpg,data/processed/policy_c_official_test/test/attack/digital_3/huawei/indian-01_0005_000-59069fdd_1.jpg,indian-01_0005_000-59069fdd_1,attack,digital_3,huawei,1,55,37b933e6457f62aca2fbc182543aa22dc3383e115b1b7374eef38ac5c258da30,1f025fa55235a01685044ce406cf4fdd54ad329fa360d85b2abffa136718da4e,,,,,outside_frozen_project_split,0.0096359252929687,0.0266571044921875
test/attack/digital_3/huawei/indian-01_0062_000-c236043f_0.jpg,data/processed/policy_c_official_test/test/attack/digital_3/huawei/indian-01_0062_000-c236043f_0.jpg,indian-01_0062_000-c236043f_0,attack,digital_3,huawei,1,66,53c21c0ac63aa408ae9e6ba1e00b010afa40bff995bc0fdcfdb6dc7ea6d724ec,a7e34eabc44261c64a8c61358458f8fb4093524d5925849bb31278f33b01707c,,,,,outside_frozen_project_split,0.0169830322265625,0.028167724609375
test/attack/digital_3/huawei/indian-01_0068_000-1b9539d8_0.jpg,data/processed/policy_c_official_test/test/attack/digital_3/huawei/indian-01_0068_000-1b9539d8_0.jpg,indian-01_0068_000-1b9539d8_0,attack,digital_3,huawei,1,67,044a4aca63b4178be993d3d48d90283d818982e92de66c36f83b6fa592bdc6e2,a14332c5307fa474d92a4b2ea7dab43fb07f44f3a00f6e15818ff31afdb43c85,,,,,outside_frozen_project_split,0.0065765380859375,0.0280914306640625
test/attack/digital_3/huawei/indian-01_0071_000-73870eac_1.jpg,data/processed/policy_c_official_test/test/attack/digital_3/huawei/indian-01_0071_000-73870eac_1.jpg,indian-01_0071_000-73870eac_1,attack,digital_3,huawei,1,59,3fe33aed4f13f6edb682131464d17d05e3b81c049590e2edaa62959f15c1e172,905a9ab55d8a5fc894e758d1d495c055955f41dbd17da9dfc756702694dc26bd,,,,,outside_frozen_project_split,0.0040626525878906,0.028350830078125
test/attack/digital_3/huawei/indian-01_0082_000-1b935c0e_0.jpg,data/processed/policy_c_official_test/test/attack/digital_3/huawei/indian-01_0082_000-1b935c0e_0.jpg,indian-01_0082_000-1b935c0e_0,attack,digital_3,huawei,1,72,a2539ec955bccf317cc6d25df521808cb0701d4bcc27f3c57719d62ded0b9e8b,465264f8e2f731713a155d1b7b640292307069876894f2504fa7073874054fee,,,,,outside_frozen_project_split,0.0025768280029296,0.0281982421875
test/attack/digital_3/huawei/indian-01_0087_000-7edaffe9_0.jpg,data/processed/policy_c_official_test/test/attack/digital_3/huawei/indian-01_0087_000-7edaffe9_0.jpg,indian-01_0087_000-7edaffe9_0,attack,digital_3,huawei,1,50,27b6ba2f943176196f1eb3674fff5a1670acbc0e6028e21c8b2a89c5f0105b45,7497396eac4cc16e3083838e7d808a26f757f22067358d831fb8544fd43a4cb0,,,,,outside_frozen_project_split,0.0110092163085937,0.0271453857421875
test/attack/digital_3/huawei/indian-01_0089_000-f38cdec4_1.jpg,data/processed/policy_c_official_test/test/attack/digital_3/huawei/indian-01_0089_000-f38cdec4_1.jpg,indian-01_0089_000-f38cdec4_1,attack,digital_3,huawei,1,78,edcef954bd987fc0ec000fad92cea851abaa01a4550bccf2fa17d80de4e2e26d,b1d0928ea8436213708abfd492e5a30ea18eeafcde0f775947b7100d1aaf38c2,,,,,outside_frozen_project_split,0.0033760070800781,0.0276641845703125
test/attack/digital_3/huawei/indian-01_0097_000-b71b0c19_0.jpg,data/processed/policy_c_official_test/test/attack/digital_3/huawei/indian-01_0097_000-b71b0c19_0.jpg,indian-01_0097_000-b71b0c19_0,attack,digital_3,huawei,1,88,c17bd5c972de8d06a8ff096b098070a39a304707aa35948be6e0521ad94a036f,654b8461909d32af95af1d50939004c08fbecb353589a984629df58d8fb72e74,,,,,outside_frozen_project_split,0.0086441040039062,0.026580810546875
test/attack/digital_3/huawei/persian-01_0064_000-daacc8f3_0.jpg,data/processed/policy_c_official_test/test/attack/digital_3/huawei/persian-01_0064_000-daacc8f3_0.jpg,persian-01_0064_000-daacc8f3_0,attack,digital_3,huawei,1,61,bdb12be93bcc990316978d329b86988f75f3ce2f23fecb1e003653caf2e3a054,6e88ef3cafc99502281decd6c5d419471ed5bf19ad1090e5c593fbcac0c09b5d,,,,,outside_frozen_project_split,0.466796875,0.06915283203125
test/attack/digital_3/huawei/persian-01_0065_000-763dd95b_0.jpg,data/processed/policy_c_official_test/test/attack/digital_3/huawei/persian-01_0065_000-763dd95b_0.jpg,persian-01_0065_000-763dd95b_0,attack,digital_3,huawei,1,74,b6db7d4f5df58d11ad93dd01da4ae3e55ba27ed329615e19c3e3b83946a55a12,8fbf6ff315c2d6b872e4cfa5f44447d254b2e85fcc3112d628ceecce40ea65fc,,,,,outside_frozen_project_split,0.029388427734375,0.171875
test/attack/digital_3/huawei/persian-01_0092_000-fad05fcd_1.jpg,data/processed/policy_c_official_test/test/attack/digital_3/huawei/persian-01_0092_000-fad05fcd_1.jpg,persian-01_0092_000-fad05fcd_1,attack,digital_3,huawei,1,73,685e7c0092ea279b2e3321a58388978dba2952e728ec7db7e8a28cd7d8242036,c7c0f019a042e6977e45e0227391251bcf4c9d52e06b6b5d4ce93de206718d10,,,,,outside_frozen_project_split,0.56103515625,0.1328125
test/attack/digital_3/huawei/persian-01_0096_000-75b0e83b_0.jpg,data/processed/policy_c_official_test/test/attack/digital_3/huawei/persian-01_0096_000-75b0e83b_0.jpg,persian-01_0096_000-75b0e83b_0,attack,digital_3,huawei,1,76,18c57b5a307b08c1412a10cc442ab68661344362e0fbd0b08b0bdb64320497ef,181783300bb8cdeca1c164499e5c4973f6cfe6c08debb0df0b29053c69e28271,,,,,outside_frozen_project_split,0.0045547485351562,0.034210205078125
test/attack/digital_3/huawei/persian-01_0200_000-78393150_0.jpg,data/processed/policy_c_official_test/test/attack/digital_3/huawei/persian-01_0200_000-78393150_0.jpg,persian-01_0200_000-78393150_0,attack,digital_3,huawei,1,52,9e7a306af7994b93cee6144915c664951334eaaeefe53c00d80fc60a4f99ceb6,1057ebdb5c4322b99eea0d8e751bf27ff2d936f0c2303d52c5e10b0cfdc2b283,,,,,outside_frozen_project_split,0.0036296844482421,0.03594970703125
test/attack/digital_3/huawei/portugal-01_0014_000-6f7ea414_0.jpg,data/processed/policy_c_official_test/test/attack/digital_3/huawei/portugal-01_0014_000-6f7ea414_0.jpg,portugal-01_0014_000-6f7ea414_0,attack,digital_3,huawei,1,57,6e3ad06f5f34ff7fabfa9bf38a3b9c61ea3308539d43aa8aaa4483e26f1d5dbf,3a7e9862994ed117e013dbea346298233b74bafbfcdf8b4316a9af06e5d89b9b,,,,,outside_frozen_project_split,0.0604248046875,0.028656005859375
test/attack/digital_3/huawei/russian-01_0001_000-ff703650_1.jpg,data/processed/policy_c_official_test/test/attack/digital_3/huawei/russian-01_0001_000-ff703650_1.jpg,russian-01_0001_000-ff703650_1,attack,digital_3,huawei,1,50,fa1c28b8d404bb0ff2978604aa00f58e58206f3d64aee484fac60857de281dbf,32bc4b83019b094c0ba5030354e27d899ab9c7e828d9d25363ecd14cb53c2373,,,,,outside_frozen_project_split,0.0022792816162109,0.03192138671875
test/attack/digital_3/huawei/russian-01_0030_000-0bc18d73_0.jpg,data/processed/policy_c_official_test/test/attack/digital_3/huawei/russian-01_0030_000-0bc18d73_0.jpg,russian-01_0030_000-0bc18d73_0,attack,digital_3,huawei,1,65,17a8746b8f9b4608b180e8a8b98b46155cc9fff6d85962bd0d596e92d8d81328,efdacbc099a93d5adc9f34119c332cf426f9cb52d896a88f8d710979b4f518c2,,,,,outside_frozen_project_split,0.0302734375,0.040313720703125
test/attack/digital_3/huawei/russian-01_0075_000-9bed189a_0.jpg,data/processed/policy_c_official_test/test/attack/digital_3/huawei/russian-01_0075_000-9bed189a_0.jpg,russian-01_0075_000-9bed189a_0,attack,digital_3,huawei,1,62,86524277f4455220d0eabc6d49edb9815409724632245cedfbee61c7dbd42902,cb2b4ff69427a52d8f5a7cc7e0222451035aa14a96a7e8159512638e3a68075f,,,,,outside_frozen_project_split,0.0041007995605468,0.04046630859375
test/attack/digital_3/huawei/russian-01_0201_000-2ea0ec28_0.jpg,data/processed/policy_c_official_test/test/attack/digital_3/huawei/russian-01_0201_000-2ea0ec28_0.jpg,russian-01_0201_000-2ea0ec28_0,attack,digital_3,huawei,1,71,ca2687bc3e8d3450368582b100bca8cfaadc2589f0800c396bd89d83f955e7e1,ac5a7a65d3bb85257f49373c14b34da4ea7bf4499952335ecbf761c9b6a2f2cd,,,,,outside_frozen_project_split,0.0017108917236328,0.032440185546875
test/attack/digital_3/huawei/turkiye-01_0035_000-d4764bf3_0.jpg,data/processed/policy_c_official_test/test/attack/digital_3/huawei/turkiye-01_0035_000-d4764bf3_0.jpg,turkiye-01_0035_000-d4764bf3_0,attack,digital_3,huawei,1,78,4eda1d8cf6dbb9611c38c8aa8f7da6afa0e60974bf81126ed2c3e0dde2e09da5,3b560abcf47d3a3bfa2a48f9d99301c079a510f2c5b60e436261ac3e5f6760a7,,,,,outside_frozen_project_split,0.00396728515625,0.032440185546875
test/attack/digital_3/huawei/turkiye-01_0074_000-c54807ec_1.jpg,data/processed/policy_c_official_test/test/attack/digital_3/huawei/turkiye-01_0074_000-c54807ec_1.jpg,turkiye-01_0074_000-c54807ec_1,attack,digital_3,huawei,1,89,0e4a1f7429e8d0c9a0615c85df3699c8ce109ed518d3dc1eabafb0e15b6d7c0d,1a0f063e040d4ee5151b512874d167fb6e60735858bce3a6b4998371da3829cf,,,,,outside_frozen_project_split,0.00787353515625,0.1806640625
test/attack/digital_3/huawei/turkiye-01_0078_000-cfc6a96f_1.jpg,data/processed/policy_c_official_test/test/attack/digital_3/huawei/turkiye-01_0078_000-cfc6a96f_1.jpg,turkiye-01_0078_000-cfc6a96f_1,attack,digital_3,huawei,1,75,ab57a8b743c76b05ab7ea2de157ec97ae1845c3e62fffca1295e38d121ccb22d,0c0b81593be5484970cf7772423d81d7f96fb71f7283ae2daa5aabbcd4c1ba40,,,,,outside_frozen_project_split,0.0084152221679687,0.06256103515625
test/attack/digital_3/huawei/turkiye-01_0079_000-01a48f56_0.jpg,data/processed/policy_c_official_test/test/attack/digital_3/huawei/turkiye-01_0079_000-01a48f56_0.jpg,turkiye-01_0079_000-01a48f56_0,attack,digital_3,huawei,1,75,500c410514773446afb1e8f92b38f20ca4fe84c178e11f6edd0e55ad22269709,8bf14df852e8d1026905ed664cd1b0199330c44c5b2212f276553b40a59b8b7b,,,,,outside_frozen_project_split,0.0023231506347656,0.040924072265625
test/attack/digital_3/huawei/turkiye-01_0081_000-e5c4342a_1.jpg,data/processed/policy_c_official_test/test/attack/digital_3/huawei/turkiye-01_0081_000-e5c4342a_1.jpg,turkiye-01_0081_000-e5c4342a_1,attack,digital_3,huawei,1,84,35ee98a7f0a19f229ec42784c607c2257ca1685b0cb3b1467658d6b8752f4f3b,0afb267192af2990bb1277219adbc9dd7ad5b05f36bb3e2026cebcdba137a7a8,,,,,outside_frozen_project_split,0.0089645385742187,0.07275390625
test/attack/digital_3/huawei/turkiye-01_0085_000-65296866_0.jpg,data/processed/policy_c_official_test/test/attack/digital_3/huawei/turkiye-01_0085_000-65296866_0.jpg,turkiye-01_0085_000-65296866_0,attack,digital_3,huawei,1,81,5048fac2e75bda6293ac65189d646b1c6c1becd206c8ec30163c7205a5f46e9c,0dc399776c3eb18561648720e393167a70d25f8c3e44f25b685909dded5c6f35,,,,,outside_frozen_project_split,0.0081710815429687,0.10186767578125
test/attack/digital_3/huawei/turkiye-01_0088_000-3739c168_0.jpg,data/processed/policy_c_official_test/test/attack/digital_3/huawei/turkiye-01_0088_000-3739c168_0.jpg,turkiye-01_0088_000-3739c168_0,attack,digital_3,huawei,1,63,28ff7a2217ca63ba2ee13fda9f697b5a946e61ce7bfe077f7b9251ea357273fe,b9a78f4806283a90a1448b8645f19a0af4c6619288bad6bd2e1dd10b63e393af,,,,,outside_frozen_project_split,0.0123825073242187,0.031951904296875
test/attack/digital_3/huawei/turkiye-01_0090_000-6238b878_0.jpg,data/processed/policy_c_official_test/test/attack/digital_3/huawei/turkiye-01_0090_000-6238b878_0.jpg,turkiye-01_0090_000-6238b878_0,attack,digital_3,huawei,1,51,2d4e700e1b21cf342d054797c45d7af71eef59397a69f41e5ba36f0d65996324,15df87b08a9b294e260169c231fb17ede6b002492ab30854a1b2cb5dc1fa76c3,,,,,outside_frozen_project_split,0.0056304931640625,0.035186767578125
test/attack/digital_3/huawei/turkiye-01_0093_000-330a7661_0.jpg,data/processed/policy_c_official_test/test/attack/digital_3/huawei/turkiye-01_0093_000-330a7661_0.jpg,turkiye-01_0093_000-330a7661_0,attack,digital_3,huawei,1,87,ee14078ce0302127e032f06a5808b1fafee8537f2b1efb2b204f4799be820489,5670856a2ea042d81b4344b52a9bbff52cf704e4eed6fd5574683398da9b4fa7,,,,,outside_frozen_project_split,0.02117919921875,0.031280517578125
test/attack/digital_3/huawei/ukraine-01_0018_000-aad4322e_0.jpg,data/processed/policy_c_official_test/test/attack/digital_3/huawei/ukraine-01_0018_000-aad4322e_0.jpg,ukraine-01_0018_000-aad4322e_0,attack,digital_3,huawei,1,57,c1cb1af763d98c191a524dd0898e7133d4696803e23b2ea9f5f131aad19cc507,30d79acf75f58729fb8e2cc11c69d99de08f7521670e04dc99a827161602ad1f,,,,,outside_frozen_project_split,0.0073165893554687,0.04119873046875
test/attack/digital_3/huawei/ukraine-01_0073_000-d23bdbae_1.jpg,data/processed/policy_c_official_test/test/attack/digital_3/huawei/ukraine-01_0073_000-d23bdbae_1.jpg,ukraine-01_0073_000-d23bdbae_1,attack,digital_3,huawei,1,64,310d5c8e541a096e1ce748d5c07ae9db8d18f940763d2a92e5b4a0005ce83a29,c13dea11f6c0924f4a167f95e718776e65b9c68b62c8b203f5b2d1880299ba90,,,,,outside_frozen_project_split,0.0035934448242187,0.05914306640625
test/attack/digital_3/huawei/ukraine-01_0077_000-a3228552_1.jpg,data/processed/policy_c_official_test/test/attack/digital_3/huawei/ukraine-01_0077_000-a3228552_1.jpg,ukraine-01_0077_000-a3228552_1,attack,digital_3,huawei,1,55,6aff89515af19b110244dc050f5f5f0804c976f0cb1c277964d0bfc3f7bbb01f,b17f57b7a0510fbc60954c5fc68c38769b063fbbf7c5b0a347c912a4ced6ce6c,,,,,outside_frozen_project_split,0.0049324035644531,0.038909912109375
test/attack/digital_3/huawei/ukraine-01_0083_000-21b44038_0.jpg,data/processed/policy_c_official_test/test/attack/digital_3/huawei/ukraine-01_0083_000-21b44038_0.jpg,ukraine-01_0083_000-21b44038_0,attack,digital_3,huawei,1,51,b15648c4ea3ceef1e093a4a96b9d6cbeb1826cb0e04041f41a022748744e809e,d7bcb04a7569b7a5e50f5ceb4b69bf292e8a6c366316ec23d670cc118c8191c2,,,,,outside_frozen_project_split,0.0038928985595703,0.0416259765625
test/attack/digital_3/huawei/ukraine-01_0091_000-2d8a528b_1.jpg,data/processed/policy_c_official_test/test/attack/digital_3/huawei/ukraine-01_0091_000-2d8a528b_1.jpg,ukraine-01_0091_000-2d8a528b_1,attack,digital_3,huawei,1,64,de8eed13f820ab61fd9f449a24783b36dcf67795c0c14e4ba154e508f00d3114,f68181ffbc65a3e356ca64d367ec606cbfca53d732cffe46b73be4a8a0f7ad0b,,,,,outside_frozen_project_split,0.0107345581054687,0.285400390625
test/attack/digital_3/huawei/usa-01_0038_000-0ee87df5_0.jpg,data/processed/policy_c_official_test/test/attack/digital_3/huawei/usa-01_0038_000-0ee87df5_0.jpg,usa-01_0038_000-0ee87df5_0,attack,digital_3,huawei,1,80,04ebcc191785d8ab6500ea194cfa5d92659ba9b05ed318fad250867cc966b0df,48caec6d918244d4452367a2f6ab6de7e0a522f49a8ace4f1bc7c3809e26004a,,,,,outside_frozen_project_split,0.12249755859375,0.040771484375
test/attack/digital_3/huawei/usa-01_0080_000-0c832328_1.jpg,data/processed/policy_c_official_test/test/attack/digital_3/huawei/usa-01_0080_000-0c832328_1.jpg,usa-01_0080_000-0c832328_1,attack,digital_3,huawei,1,66,34558aa68738bbba502c60cc124b7917dfff1bf6b52ef1a95bdff5ad8dde96b3,fbf86305fd8a8a05189aa2e7ec8d60d9208588b5a7ec7c84e18ff6ee07284e25,,,,,outside_frozen_project_split,0.0087966918945312,0.0360107421875
test/attack/digital_3/iphone15pro/arabic-01_0002_000-c7338db1_1.jpg,data/processed/policy_c_official_test/test/attack/digital_3/iphone15pro/arabic-01_0002_000-c7338db1_1.jpg,arabic-01_0002_000-c7338db1_1,attack,digital_3,iphone15pro,1,76,084e7ba3f2b0e0e25a5df3a5046b98566cab55b11852adf2d41fab9fd72e7dea,2ea02014a61c7aab8102f1547013aa5449cc855fd7677bb59d4ebd5aba25ba83,,,,,outside_frozen_project_split,0.06378173828125,0.0246124267578125
test/attack/digital_3/iphone15pro/arabic-01_0076_000-fd5000df_1.jpg,data/processed/policy_c_official_test/test/attack/digital_3/iphone15pro/arabic-01_0076_000-fd5000df_1.jpg,arabic-01_0076_000-fd5000df_1,attack,digital_3,iphone15pro,1,62,f0ba80c18734457f017bedfaaee740d075d161387208f52925b8e142f65a546d,df23289ac69e6cb6e4388f21f3e023b4274876d5206d549e0e149fb120bbc358,,,,,outside_frozen_project_split,0.06634521484375,0.2978515625
test/attack/digital_3/iphone15pro/arabic-01_0095_000-18471808_1.jpg,data/processed/policy_c_official_test/test/attack/digital_3/iphone15pro/arabic-01_0095_000-18471808_1.jpg,arabic-01_0095_000-18471808_1,attack,digital_3,iphone15pro,1,70,8648d09cd125f7b955a4fb61d05ffccbf76dd744ebd5b64faf307360f385fc3f,f08a00b9b29775422f28376f680e7d5b7c3303dfd6bbe77a11a0c56d9d31b926,,,,,outside_frozen_project_split,0.021636962890625,0.0264739990234375
test/attack/digital_3/iphone15pro/chinese-01_0003_000-98e8eaef_0.jpg,data/processed/policy_c_official_test/test/attack/digital_3/iphone15pro/chinese-01_0003_000-98e8eaef_0.jpg,chinese-01_0003_000-98e8eaef_0,attack,digital_3,iphone15pro,1,73,ccb0d4651da595febf5baf084dde816b98b70268cf708dc7670ae2b2f4d4ab19,c442da719d9a73b92af6d769cb55edee54a814a6f6a63aed0bbd86dd06dcf0c7,,,,,outside_frozen_project_split,0.0098190307617187,0.033660888671875
test/attack/digital_3/iphone15pro/chinese-01_0007_000-08f07a73_0.jpg,data/processed/policy_c_official_test/test/attack/digital_3/iphone15pro/chinese-01_0007_000-08f07a73_0.jpg,chinese-01_0007_000-08f07a73_0,attack,digital_3,iphone15pro,1,84,092102efb3cb55ef9dd1243ccd339f64281dbb59f80e01b238480bcf3c7b195e,c78e22e2ddc56c713e745a2a5d597d192cd5951b61799a29c8701cc6b0b61a92,,,,,outside_frozen_project_split,0.019500732421875,0.057281494140625
test/attack/digital_3/iphone15pro/chinese-01_0012_000-48c56e4b_0.jpg,data/processed/policy_c_official_test/test/attack/digital_3/iphone15pro/chinese-01_0012_000-48c56e4b_0.jpg,chinese-01_0012_000-48c56e4b_0,attack,digital_3,iphone15pro,1,59,12b6ef4ee13f61cf1cae5517c690fc5c24c71ec52d7e62716aaaa0ab82cfa3e6,c13cfa7ad1f32acd3e1381d900b4bd98dab11536eb4880e574788543bdb11ef4,,,,,outside_frozen_project_split,0.1695556640625,0.032562255859375
test/attack/digital_3/iphone15pro/chinese-01_0019_000-06d51424_0.jpg,data/processed/policy_c_official_test/test/attack/digital_3/iphone15pro/chinese-01_0019_000-06d51424_0.jpg,chinese-01_0019_000-06d51424_0,attack,digital_3,iphone15pro,1,77,920309437cab559c48a43c041ec05a1a461755a4df07e13a065341c971cc79bd,ff4d05a31154dd3d477b4728fc293887436c1a4ed812d7c85577c39f3e6c2abc,,,,,outside_frozen_project_split,0.0075607299804687,0.029876708984375
test/attack/digital_3/iphone15pro/chinese-01_0022_000-3b9715ed_0.jpg,data/processed/policy_c_official_test/test/attack/digital_3/iphone15pro/chinese-01_0022_000-3b9715ed_0.jpg,chinese-01_0022_000-3b9715ed_0,attack,digital_3,iphone15pro,1,78,f6f9fc612142a56974b307f111930c5b32f96863248b932dddcfb823787f44fb,f5cb4018cc175e5910127c167ff816c7dd981e37bc5c1a068cceba241d43aebe,,,,,outside_frozen_project_split,0.0197906494140625,0.030853271484375
test/attack/digital_3/iphone15pro/chinese-01_0028_000-611e103a_0.jpg,data/processed/policy_c_official_test/test/attack/digital_3/iphone15pro/chinese-01_0028_000-611e103a_0.jpg,chinese-01_0028_000-611e103a_0,attack,digital_3,iphone15pro,1,63,1d23fc9aa71daaa4b677756d5e5378ab0b992acad815087ba38f62cca3cf8a0e,4d3703b16c48f4f62ea03dfd5dfcab14abe80a4b688086c02c94be833de9611d,,,,,outside_frozen_project_split,0.0021286010742187,0.0306243896484375
test/attack/digital_3/iphone15pro/chinese-01_0034_000-9b26d58c_0.jpg,data/processed/policy_c_official_test/test/attack/digital_3/iphone15pro/chinese-01_0034_000-9b26d58c_0.jpg,chinese-01_0034_000-9b26d58c_0,attack,digital_3,iphone15pro,1,66,b7ccd0af0d8129400fec0a0f7d16c37084dd3544f42bf841531ee5ce59a105af,b59451be10ec8af65630d608d80cb4e1eb2cfd89e86aa18d0a7b5a7fdc079c8b,,,,,outside_frozen_project_split,0.061370849609375,0.033721923828125
test/attack/digital_3/iphone15pro/chinese-01_0084_000-ba83f345_1.jpg,data/processed/policy_c_official_test/test/attack/digital_3/iphone15pro/chinese-01_0084_000-ba83f345_1.jpg,chinese-01_0084_000-ba83f345_1,attack,digital_3,iphone15pro,1,78,d266605153b715cb4a0f1dd5ff6a75f0b3948aeb699a63c739864777d6ff1ac6,a4feec5d9d3b76e524a753cec9a1fba9c20663af3561a1f93d825efeef13ec84,,,,,outside_frozen_project_split,0.159423828125,0.051422119140625
test/attack/digital_3/iphone15pro/chinese-01_0086_000-5a7ac9e6_1.jpg,data/processed/policy_c_official_test/test/attack/digital_3/iphone15pro/chinese-01_0086_000-5a7ac9e6_1.jpg,chinese-01_0086_000-5a7ac9e6_1,attack,digital_3,iphone15pro,1,72,7753f7f94ce5fd3d6599b1ed68cf46d13f5478c242e36a87adddceab45bf9b47,58491facc703c76380ec18ebc5c3dfd80055d5a50dec48217aef86fcbe0c7d8b,,,,,outside_frozen_project_split,0.028656005859375,0.08740234375
test/attack/digital_3/iphone15pro/french-01_0006_000-f9f1aca7_0.jpg,data/processed/policy_c_official_test/test/attack/digital_3/iphone15pro/french-01_0006_000-f9f1aca7_0.jpg,french-01_0006_000-f9f1aca7_0,attack,digital_3,iphone15pro,1,90,d6e46ff37a7509a4820ffde3384fe7a8f97cb502e30dd7ee9822a1b506c40671,701ae06cce730ddf1c5498e7fd06b789965bbb69560f7f944b5e754f988f1d29,,,,,outside_frozen_project_split,0.0086135864257812,0.0230712890625
test/attack/digital_3/iphone15pro/french-01_0029_000-d00491e2_1.jpg,data/processed/policy_c_official_test/test/attack/digital_3/iphone15pro/french-01_0029_000-d00491e2_1.jpg,french-01_0029_000-d00491e2_1,attack,digital_3,iphone15pro,1,76,38c0a567d6fada32998382640b6e05a6ac2c8e69d942872b1dcdced4250dcf56,ab6c359fc6195c0f9885d342aceb48a64dc1b12b5e6aa236008b68cd03b499d9,,,,,outside_frozen_project_split,0.0256805419921875,0.028594970703125
test/attack/digital_3/iphone15pro/french-01_0070_000-a4a25cda_0.jpg,data/processed/policy_c_official_test/test/attack/digital_3/iphone15pro/french-01_0070_000-a4a25cda_0.jpg,french-01_0070_000-a4a25cda_0,attack,digital_3,iphone15pro,1,75,3efec446875eda7145d5609618605cb5d0483298066449c4d0c7ee810c790c70,d937030b1e1a07cb239cfc0d3a608041767db6f81d64410060c4e0b87b1b0806,,,,,outside_frozen_project_split,0.0161895751953125,0.0235137939453125
test/attack/digital_3/iphone15pro/french-01_0094_000-51fbbc37_0.jpg,data/processed/policy_c_official_test/test/attack/digital_3/iphone15pro/french-01_0094_000-51fbbc37_0.jpg,french-01_0094_000-51fbbc37_0,attack,digital_3,iphone15pro,1,66,539a8ed71d78927d3ef0f6b0665d2a3c7f743250f2dd4c1189a3d053133305cf,71fba35050347344c14b306dd1a31c000b98ffbc4c70d30071eb22f919a10662,,,,,outside_frozen_project_split,0.01580810546875,0.023468017578125
test/attack/digital_3/iphone15pro/indian-01_0004_000-2423feb1_0.jpg,data/processed/policy_c_official_test/test/attack/digital_3/iphone15pro/indian-01_0004_000-2423feb1_0.jpg,indian-01_0004_000-2423feb1_0,attack,digital_3,iphone15pro,1,57,398813c8ff259bce8348647d09e36e9b787da2d1a3ebd6b639fb245ebd962ae5,985538efb06e69c042c04d4bc8eb17d42f0192fa104ba6f798c7ab0690049b3a,,,,,outside_frozen_project_split,0.0057296752929687,0.025390625
test/attack/digital_3/iphone15pro/indian-01_0005_000-59069fdd_1.jpg,data/processed/policy_c_official_test/test/attack/digital_3/iphone15pro/indian-01_0005_000-59069fdd_1.jpg,indian-01_0005_000-59069fdd_1,attack,digital_3,iphone15pro,1,59,14856811778a2dea73f33b504b505f629f7ad2143a9201b4d8b9ad931d84383d,062d15fc8490b706e68f4eadda8ea785010fe1012529899583f2ff5525fae684,,,,,outside_frozen_project_split,0.015899658203125,0.0248870849609375
test/attack/digital_3/iphone15pro/indian-01_0062_000-c236043f_0.jpg,data/processed/policy_c_official_test/test/attack/digital_3/iphone15pro/indian-01_0062_000-c236043f_0.jpg,indian-01_0062_000-c236043f_0,attack,digital_3,iphone15pro,1,74,d26027cf1db0db10d75fde51691f1060cd6d2df270300a0a3bb551ffd2bd4917,0ff1dc6be016f886e1b917fac098124455d27496b00da26d62eccb99b36fd0bb,,,,,outside_frozen_project_split,0.024169921875,0.0245819091796875
test/attack/digital_3/iphone15pro/indian-01_0068_000-1b9539d8_0.jpg,data/processed/policy_c_official_test/test/attack/digital_3/iphone15pro/indian-01_0068_000-1b9539d8_0.jpg,indian-01_0068_000-1b9539d8_0,attack,digital_3,iphone15pro,1,63,2bf3cc615b67911f1093f0426faecaf08f0e5184a1a6f8a15a8225eb8bacbbe0,3784d72ead2a0f63299a9cf2565ff1e8c41f98263590cb300242a91c027b8054,,,,,outside_frozen_project_split,0.04156494140625,0.02618408203125
test/attack/digital_3/iphone15pro/indian-01_0071_000-73870eac_1.jpg,data/processed/policy_c_official_test/test/attack/digital_3/iphone15pro/indian-01_0071_000-73870eac_1.jpg,indian-01_0071_000-73870eac_1,attack,digital_3,iphone15pro,1,64,0a4db2182250d5751965690ed0a9b61772f0cbd58a92ec9fff1842309b12b06a,2cae93a881d58068c7820259861809d339ae1a1edcfeac3f17924fb8dcc30293,,,,,outside_frozen_project_split,0.0216522216796875,0.0258331298828125
test/attack/digital_3/iphone15pro/indian-01_0082_000-1b935c0e_0.jpg,data/processed/policy_c_official_test/test/attack/digital_3/iphone15pro/indian-01_0082_000-1b935c0e_0.jpg,indian-01_0082_000-1b935c0e_0,attack,digital_3,iphone15pro,1,80,4fcb845fe4289bf97011635c0232997853fa2a93abadc4465de2497f69e5e8c9,a0271bea28ef4dd3340410873989e1ecbf52b3547e601d6d3743b09cacde74d7,,,,,outside_frozen_project_split,0.035400390625,0.025543212890625
test/attack/digital_3/iphone15pro/indian-01_0087_000-7edaffe9_0.jpg,data/processed/policy_c_official_test/test/attack/digital_3/iphone15pro/indian-01_0087_000-7edaffe9_0.jpg,indian-01_0087_000-7edaffe9_0,attack,digital_3,iphone15pro,1,59,f2ef8d3d8fe7ec0b143b6681c8f47fe090b11815cdda9583a987dbf6842f2f27,5e29ff5c5119399d14d2a32ac8c4d7053853535395703ff4a5fd6c7585ded453,,,,,outside_frozen_project_split,0.0175628662109375,0.0252685546875
test/attack/digital_3/iphone15pro/indian-01_0089_000-f38cdec4_1.jpg,data/processed/policy_c_official_test/test/attack/digital_3/iphone15pro/indian-01_0089_000-f38cdec4_1.jpg,indian-01_0089_000-f38cdec4_1,attack,digital_3,iphone15pro,1,79,2be670a4ef30bd063f3cdf132db8e1adb45dc611c366fa42d72a50d50cd72ffa,40cc970e87875ed7e4a6e2b146ce7154a79b703f9534949d56ece9d9226d3a9f,,,,,outside_frozen_project_split,0.032135009765625,0.0248870849609375
test/attack/digital_3/iphone15pro/indian-01_0097_000-b71b0c19_0.jpg,data/processed/policy_c_official_test/test/attack/digital_3/iphone15pro/indian-01_0097_000-b71b0c19_0.jpg,indian-01_0097_000-b71b0c19_0,attack,digital_3,iphone15pro,1,54,9bccef864dba6e1f3f500dc038126a222459597c8a75de31be444ce03159b3c5,a24b3fd64fe09326da0f1ff680cdb3c501fa63369418b7f087f41053ab2d9784,,,,,outside_frozen_project_split,0.0287017822265625,0.0246734619140625
test/attack/digital_3/iphone15pro/persian-01_0064_000-daacc8f3_0.jpg,data/processed/policy_c_official_test/test/attack/digital_3/iphone15pro/persian-01_0064_000-daacc8f3_0.jpg,persian-01_0064_000-daacc8f3_0,attack,digital_3,iphone15pro,1,84,f1e031f6c6c5b0499d2f5d73341104fc4bd17dfa53b85b6d8886d45f4121976a,2b527f4b9145964b9bf9bf80eb8570693996ff64bc1c1db15a2018eb0e63676c,,,,,outside_frozen_project_split,0.0021820068359375,0.0283355712890625
test/attack/digital_3/iphone15pro/persian-01_0065_000-763dd95b_0.jpg,data/processed/policy_c_official_test/test/attack/digital_3/iphone15pro/persian-01_0065_000-763dd95b_0.jpg,persian-01_0065_000-763dd95b_0,attack,digital_3,iphone15pro,1,89,65684438eaf0dca10b685944bdd36282261c34b83339148f2ae6578e9afc75ee,e0086118d24f1fb1c5db7a1a7eb1dd3abe11ffa2d918d6d5db3b0a428d1b4343,,,,,outside_frozen_project_split,0.0119171142578125,0.051239013671875
test/attack/digital_3/iphone15pro/persian-01_0092_000-fad05fcd_1.jpg,data/processed/policy_c_official_test/test/attack/digital_3/iphone15pro/persian-01_0092_000-fad05fcd_1.jpg,persian-01_0092_000-fad05fcd_1,attack,digital_3,iphone15pro,1,67,5d1f39430c4d12b82800672ff06176b0d02eb4a2722c592db6bb8fdda9bfa27a,dc563084f58f006e6258788c87b2ace2783b097706cbdfe8657ff36dcda66a29,,,,,outside_frozen_project_split,0.0059356689453125,0.029815673828125
test/attack/digital_3/iphone15pro/persian-01_0096_000-75b0e83b_0.jpg,data/processed/policy_c_official_test/test/attack/digital_3/iphone15pro/persian-01_0096_000-75b0e83b_0.jpg,persian-01_0096_000-75b0e83b_0,attack,digital_3,iphone15pro,1,69,2cf55dd4ae88259ed920741329cf0204345530cb502f681da43388e61171c84b,474953fced906ff2f8499e052b8bf555e9d66bef8369339a98b98cdd5dd982ad,,,,,outside_frozen_project_split,0.0033378601074218,0.0306243896484375
test/attack/digital_3/iphone15pro/persian-01_0200_000-78393150_0.jpg,data/processed/policy_c_official_test/test/attack/digital_3/iphone15pro/persian-01_0200_000-78393150_0.jpg,persian-01_0200_000-78393150_0,attack,digital_3,iphone15pro,1,63,cbc451cb7080a75cde4a7579290ee2fd22de7fe4b6544df7f1366af5cbc5a1d7,1063d06de2a135ca98c9929ef446a40aa6c712b593a0c503351ef4480659f7e9,,,,,outside_frozen_project_split,0.0124588012695312,0.1014404296875
test/attack/digital_3/iphone15pro/portugal-01_0014_000-6f7ea414_0.jpg,data/processed/policy_c_official_test/test/attack/digital_3/iphone15pro/portugal-01_0014_000-6f7ea414_0.jpg,portugal-01_0014_000-6f7ea414_0,attack,digital_3,iphone15pro,1,72,fac6d92a9ab470a800131581f10564640be8b2308806e83bc943d39fe51cdc02,f1ee82cfa41776a663b163d09dc3adab28f876551430d766156bc8c602ee31b7,,,,,outside_frozen_project_split,0.0177154541015625,0.03399658203125
test/attack/digital_3/iphone15pro/russian-01_0001_000-ff703650_1.jpg,data/processed/policy_c_official_test/test/attack/digital_3/iphone15pro/russian-01_0001_000-ff703650_1.jpg,russian-01_0001_000-ff703650_1,attack,digital_3,iphone15pro,1,55,cb663faf167ec0919a2aeb059e9c7050cac1611399d0d0d2adb5083a5db8df17,f0432037803bc2b3d00f0218371835d5aa9b9830d300a1afa8afa5f44516080a,,,,,outside_frozen_project_split,0.0018606185913085,0.03082275390625
test/attack/digital_3/iphone15pro/russian-01_0030_000-0bc18d73_0.jpg,data/processed/policy_c_official_test/test/attack/digital_3/iphone15pro/russian-01_0030_000-0bc18d73_0.jpg,russian-01_0030_000-0bc18d73_0,attack,digital_3,iphone15pro,1,67,e8bbc6b068ff540fc10ea2e20e1bd29fe2e6154609665c601367b0d6b747248b,45f583c0c5a8b65c9e5e188f759cf1c12cefa639e32285c0dd9bd49f63724c4a,,,,,outside_frozen_project_split,0.06085205078125,0.0311737060546875
test/attack/digital_3/iphone15pro/russian-01_0075_000-9bed189a_0.jpg,data/processed/policy_c_official_test/test/attack/digital_3/iphone15pro/russian-01_0075_000-9bed189a_0.jpg,russian-01_0075_000-9bed189a_0,attack,digital_3,iphone15pro,1,73,bae0e09878d8437f35293607392296c848537c8252eb5f0f63956d5deb610b6c,c334b1e10ea0df68366ac48cb239163de49b113691c73b653aff2c9e311208cf,,,,,outside_frozen_project_split,0.0016069412231445,0.035247802734375
test/attack/digital_3/iphone15pro/russian-01_0201_000-2ea0ec28_0.jpg,data/processed/policy_c_official_test/test/attack/digital_3/iphone15pro/russian-01_0201_000-2ea0ec28_0.jpg,russian-01_0201_000-2ea0ec28_0,attack,digital_3,iphone15pro,1,87,8a6f5843553d209a3e1d4df242a9065be1cc196d6ca79bd08747288891e1c656,3c16e72eee84a7b0c9c8283f0abf639e430a380489e0843cb5c1b7e51a2fbbd7,,,,,outside_frozen_project_split,0.004791259765625,0.029510498046875
test/attack/digital_3/iphone15pro/turkiye-01_0035_000-d4764bf3_0.jpg,data/processed/policy_c_official_test/test/attack/digital_3/iphone15pro/turkiye-01_0035_000-d4764bf3_0.jpg,turkiye-01_0035_000-d4764bf3_0,attack,digital_3,iphone15pro,1,85,0d1e826ed22f8f6c677a21f9e405330275c582a59fc3bc21f203064b790a5c3a,a5ba60932b1f3ad52e87cd3db3f61893ad0d533c00ad12cf367943b537ba2698,,,,,outside_frozen_project_split,0.0142288208007812,0.047210693359375
test/attack/digital_3/iphone15pro/turkiye-01_0074_000-c54807ec_1.jpg,data/processed/policy_c_official_test/test/attack/digital_3/iphone15pro/turkiye-01_0074_000-c54807ec_1.jpg,turkiye-01_0074_000-c54807ec_1,attack,digital_3,iphone15pro,1,55,b61cd745dbd853259b55d975b80eb26e36508cfc9ed348176bd1d5e3937af0cb,8948695cab15fcc7585cc995843af2005ee21999b4b88de1085d6cbc39b8ccc1,,,,,outside_frozen_project_split,0.0225677490234375,0.0279083251953125
test/attack/digital_3/iphone15pro/turkiye-01_0078_000-cfc6a96f_1.jpg,data/processed/policy_c_official_test/test/attack/digital_3/iphone15pro/turkiye-01_0078_000-cfc6a96f_1.jpg,turkiye-01_0078_000-cfc6a96f_1,attack,digital_3,iphone15pro,1,77,eb301a8c6f29cf91a8561603eb83f99376c4fe1ac5573c7e727f88c298317b36,bcd78e8c634b98bfbef00bd02ddc0cba372fc14d20e7477eb626c8ab33fc720a,,,,,outside_frozen_project_split,0.0271148681640625,0.145263671875
test/attack/digital_3/iphone15pro/turkiye-01_0079_000-01a48f56_0.jpg,data/processed/policy_c_official_test/test/attack/digital_3/iphone15pro/turkiye-01_0079_000-01a48f56_0.jpg,turkiye-01_0079_000-01a48f56_0,attack,digital_3,iphone15pro,1,61,a12a97b18792feaebd08f53de43212c82c3cb10d858f38ec5740364524fe544d,4846f385b4cb9dfc4f8d29fb091e2ab7d9a463158dd27c625d6ae2af45b2e7c3,,,,,outside_frozen_project_split,0.0106353759765625,0.030242919921875
test/attack/digital_3/iphone15pro/turkiye-01_0081_000-e5c4342a_1.jpg,data/processed/policy_c_official_test/test/attack/digital_3/iphone15pro/turkiye-01_0081_000-e5c4342a_1.jpg,turkiye-01_0081_000-e5c4342a_1,attack,digital_3,iphone15pro,1,58,968860fc9dba46c8875dec0d0014d260d33668a80044936020e7b69b4b7be9bf,b88152824dbe6b4027d9e0d4af073c1852bd116cca1ee8b9adb909c6d240e8a4,,,,,outside_frozen_project_split,0.0092849731445312,0.026580810546875
test/attack/digital_3/iphone15pro/turkiye-01_0085_000-65296866_0.jpg,data/processed/policy_c_official_test/test/attack/digital_3/iphone15pro/turkiye-01_0085_000-65296866_0.jpg,turkiye-01_0085_000-65296866_0,attack,digital_3,iphone15pro,1,65,7f3f017d7da8e8fc0a5ca8a3dded140096e6a5ecb3a513f9478766f18e058fa0,b7e482e662f09f94db19eccc5e16c1f16aee55ca331439450060a42ea3503e0f,,,,,outside_frozen_project_split,0.052276611328125,0.04412841796875
test/attack/digital_3/iphone15pro/turkiye-01_0088_000-3739c168_0.jpg,data/processed/policy_c_official_test/test/attack/digital_3/iphone15pro/turkiye-01_0088_000-3739c168_0.jpg,turkiye-01_0088_000-3739c168_0,attack,digital_3,iphone15pro,1,85,02def5fbaece1f1794195617f2ac19fed739db9dae349eb30f778cca281dbce3,191fcabb97d9b0761ddf75c050384403980927cd164398c7ca497e7a8a479012,,,,,outside_frozen_project_split,0.0792236328125,0.02911376953125
test/attack/digital_3/iphone15pro/turkiye-01_0090_000-6238b878_0.jpg,data/processed/policy_c_official_test/test/attack/digital_3/iphone15pro/turkiye-01_0090_000-6238b878_0.jpg,turkiye-01_0090_000-6238b878_0,attack,digital_3,iphone15pro,1,84,c9dd5f1b1e8664d0e5416a48e0c9400c71528f7a61518f91bd8ac0f987360802,bedad622203631c21f012f4216a23f39700dc4dc1277929859d9a5bf4ea7ae13,,,,,outside_frozen_project_split,0.10791015625,0.0284423828125
test/attack/digital_3/iphone15pro/turkiye-01_0093_000-330a7661_0.jpg,data/processed/policy_c_official_test/test/attack/digital_3/iphone15pro/turkiye-01_0093_000-330a7661_0.jpg,turkiye-01_0093_000-330a7661_0,attack,digital_3,iphone15pro,1,87,76960a0d72561a741a1c47d0ecb5e886977f4a0b1608f5cc784a31566505b030,2ef90ae96bf7314379a7d71ed5e88a6bb6da282b2e256aa2344260a388804e73,,,,,outside_frozen_project_split,0.01788330078125,0.0257110595703125
test/attack/digital_3/iphone15pro/ukraine-01_0018_000-aad4322e_0.jpg,data/processed/policy_c_official_test/test/attack/digital_3/iphone15pro/ukraine-01_0018_000-aad4322e_0.jpg,ukraine-01_0018_000-aad4322e_0,attack,digital_3,iphone15pro,1,60,115b85add760cd5fd63824eb80e6c531ed1bf54d66eea2b54839710f1d0a2255,1f51a489ee7ee41f631329f9010a734c66e7f4f9b24c18bdf12130d8e5fa8a47,,,,,outside_frozen_project_split,0.0033245086669921,0.047088623046875
test/attack/digital_3/iphone15pro/ukraine-01_0073_000-d23bdbae_1.jpg,data/processed/policy_c_official_test/test/attack/digital_3/iphone15pro/ukraine-01_0073_000-d23bdbae_1.jpg,ukraine-01_0073_000-d23bdbae_1,attack,digital_3,iphone15pro,1,56,b43763a0c28e161944ce9e4a90b64dcda15997895c9947964b86e949768993ad,a29789777da7025114b82f3b5924661eeb55df5281171494e93fd3148df642a1,,,,,outside_frozen_project_split,0.0239410400390625,0.055877685546875
test/attack/digital_3/iphone15pro/ukraine-01_0077_000-a3228552_1.jpg,data/processed/policy_c_official_test/test/attack/digital_3/iphone15pro/ukraine-01_0077_000-a3228552_1.jpg,ukraine-01_0077_000-a3228552_1,attack,digital_3,iphone15pro,1,53,7a419c4c0b6fb977e2e0d752bed40394e0ee5d4393a55bc5624dd8d4886284f4,95001b44588e47bdf3169a786da88f3dd7712b7cfcb7403dc158c3f30499f9e4,,,,,outside_frozen_project_split,0.0061111450195312,0.04376220703125
test/attack/digital_3/iphone15pro/ukraine-01_0083_000-21b44038_0.jpg,data/processed/policy_c_official_test/test/attack/digital_3/iphone15pro/ukraine-01_0083_000-21b44038_0.jpg,ukraine-01_0083_000-21b44038_0,attack,digital_3,iphone15pro,1,74,42920e4778af883a5569259f7f4069d4072222dfc430ee5e830219f40a8132b8,ce678ba6ed9d37ca82819f8212129878307cf5cf0a8cd1842251f764c7cd36c5,,,,,outside_frozen_project_split,0.0065383911132812,0.0472412109375
test/attack/digital_3/iphone15pro/ukraine-01_0091_000-2d8a528b_1.jpg,data/processed/policy_c_official_test/test/attack/digital_3/iphone15pro/ukraine-01_0091_000-2d8a528b_1.jpg,ukraine-01_0091_000-2d8a528b_1,attack,digital_3,iphone15pro,1,54,3b5b0052ea9c84fc080a786ebfda97bb971fedaf7c85c6ea0ec5193e03b9e01c,c20d2e782ec0410b39beddf807630463423985a13521ed292e276822162e4430,,,,,outside_frozen_project_split,0.015869140625,0.045135498046875
test/attack/digital_3/iphone15pro/usa-01_0038_000-0ee87df5_0.jpg,data/processed/policy_c_official_test/test/attack/digital_3/iphone15pro/usa-01_0038_000-0ee87df5_0.jpg,usa-01_0038_000-0ee87df5_0,attack,digital_3,iphone15pro,1,90,7906f21d41fc33def2808dc8b5bf143c4c75df333506cfeed632e22dee58fd87,4facb6d5120deee0fe80f11afc9050a10cf5a6ce1a8b0c97510101624df32576,,,,,outside_frozen_project_split,0.0154571533203125,0.041961669921875
test/attack/digital_3/iphone15pro/usa-01_0080_000-0c832328_1.jpg,data/processed/policy_c_official_test/test/attack/digital_3/iphone15pro/usa-01_0080_000-0c832328_1.jpg,usa-01_0080_000-0c832328_1,attack,digital_3,iphone15pro,1,84,85aa5a79c264c7a69d02b2c51ad40451b12707e78044cff434480605df20bb17,1a8b5c3ed20c48dc8e9fc8f94596adfb0fc3c949432d2a8d5a5ca2b837a7e269,,,,,outside_frozen_project_split,0.0174560546875,0.0345458984375
test/attack/digital_3/scan/arabic-01_0002_000-c7338db1_1.jpg,data/processed/policy_c_official_test/test/attack/digital_3/scan/arabic-01_0002_000-c7338db1_1.jpg,arabic-01_0002_000-c7338db1_1,attack,digital_3,scan,1,80,0b3b92aba23f9c37282fd3c5dcbe937c9a8a10e8f562b302f0ba9f423f575b55,e2985de7240e545260c24d1ae60a71f45148e81bd1fcb5c1aee8d1f602c8b1b8,,,,,outside_frozen_project_split,0.0931396484375,0.03436279296875
test/attack/digital_3/scan/arabic-01_0076_000-fd5000df_1.jpg,data/processed/policy_c_official_test/test/attack/digital_3/scan/arabic-01_0076_000-fd5000df_1.jpg,arabic-01_0076_000-fd5000df_1,attack,digital_3,scan,1,56,1e1dc68aa80ce5a919fda4689ee96f87efd0ce7c00e1e666489093b5bb30095d,1befa3e6df9966f1f9d4b24f6a51591143767a1016b814f267e5cd15d2f4c4f2,,,,,outside_frozen_project_split,0.0264129638671875,0.059051513671875
test/attack/digital_3/scan/arabic-01_0095_000-18471808_1.jpg,data/processed/policy_c_official_test/test/attack/digital_3/scan/arabic-01_0095_000-18471808_1.jpg,arabic-01_0095_000-18471808_1,attack,digital_3,scan,1,51,20be0547cad02cbbe003caf297b761471dfc7b2bedd234f0d7a7f7b7690bc5e9,747690de9c39205498f2ff43975f54a26a765c773a03c9035e00d19a151463c4,,,,,outside_frozen_project_split,0.0049514770507812,0.0244903564453125
test/attack/digital_3/scan/chinese-01_0003_000-98e8eaef_0.jpg,data/processed/policy_c_official_test/test/attack/digital_3/scan/chinese-01_0003_000-98e8eaef_0.jpg,chinese-01_0003_000-98e8eaef_0,attack,digital_3,scan,1,58,cd192cea430e3eb9f9699c25f8a380921091323cc9298b8c1c04980a1ffa74ba,4b41b1e58e59983d22bb897570cc6f6b61cfe34fc58ae1f6cc49691205b59072,,,,,outside_frozen_project_split,0.0122909545898437,0.03594970703125
test/attack/digital_3/scan/chinese-01_0007_000-08f07a73_0.jpg,data/processed/policy_c_official_test/test/attack/digital_3/scan/chinese-01_0007_000-08f07a73_0.jpg,chinese-01_0007_000-08f07a73_0,attack,digital_3,scan,1,81,4af5afe489c27403dc161d7ab0a7b4f1c72ef27124635e9d870d94d45ff05cdd,a829abd1bd58f6d0174ee6c40052ff467e5e6ee2f488f029a4b60aada9f72884,,,,,outside_frozen_project_split,0.0127944946289062,0.0408935546875
test/attack/digital_3/scan/chinese-01_0012_000-48c56e4b_0.jpg,data/processed/policy_c_official_test/test/attack/digital_3/scan/chinese-01_0012_000-48c56e4b_0.jpg,chinese-01_0012_000-48c56e4b_0,attack,digital_3,scan,1,67,f858eaff17b62619db46678f8dcacc30ebedaf20af4a4a29692b2facc9274d11,8b8c3311381b3b9dc3cb249dda455ed13e6e94506d904ff0d2dbf85d027d8960,,,,,outside_frozen_project_split,0.1400146484375,0.036956787109375
test/attack/digital_3/scan/chinese-01_0019_000-06d51424_0.jpg,data/processed/policy_c_official_test/test/attack/digital_3/scan/chinese-01_0019_000-06d51424_0.jpg,chinese-01_0019_000-06d51424_0,attack,digital_3,scan,1,87,10d9dfce4be6ec3c3f4fbdae29cc00ab26cbb4ef71ad86e6447b5cdc922fe027,02683593585a636058f2fc9799a58fb862cab269237aa6703aaf98ebb4067f71,,,,,outside_frozen_project_split,0.1263427734375,0.045135498046875
test/attack/digital_3/scan/chinese-01_0022_000-3b9715ed_0.jpg,data/processed/policy_c_official_test/test/attack/digital_3/scan/chinese-01_0022_000-3b9715ed_0.jpg,chinese-01_0022_000-3b9715ed_0,attack,digital_3,scan,1,59,7932873416f156d5ab08a067c773b0254cfccc8627970d5230756fe716b99e51,ff892b3e7f5566defa9a1054bcf3546a67ff70028a6e976bea99c76b93d8ce42,,,,,outside_frozen_project_split,0.02838134765625,0.03485107421875
test/attack/digital_3/scan/chinese-01_0028_000-611e103a_0.jpg,data/processed/policy_c_official_test/test/attack/digital_3/scan/chinese-01_0028_000-611e103a_0.jpg,chinese-01_0028_000-611e103a_0,attack,digital_3,scan,1,50,3a3b05a1f6e403c3ff2c1ab667f2c41ab5648164683f2515f90981d4b4cb425e,d18b080753a86a1d9d98b834fd1fdf40770fe1eeb9effed5d648383543667b9e,,,,,outside_frozen_project_split,0.003082275390625,0.03375244140625
test/attack/digital_3/scan/chinese-01_0034_000-9b26d58c_0.jpg,data/processed/policy_c_official_test/test/attack/digital_3/scan/chinese-01_0034_000-9b26d58c_0.jpg,chinese-01_0034_000-9b26d58c_0,attack,digital_3,scan,1,55,70644dc858fd6c64d02a0d4c0f944b22525a081c1122269cb708b2192216466a,97d1f9d4ca1575c97fe23493516aa90c3840a31196d6e3a84c012fd23427e2f6,,,,,outside_frozen_project_split,0.0054817199707031,0.03656005859375
test/attack/digital_3/scan/chinese-01_0084_000-ba83f345_1.jpg,data/processed/policy_c_official_test/test/attack/digital_3/scan/chinese-01_0084_000-ba83f345_1.jpg,chinese-01_0084_000-ba83f345_1,attack,digital_3,scan,1,69,1b81aad6ad940c38f8697a90e1496d740fbfb501c25f881aa02853200d132923,d26f51578667a95a61b27c26985325d86c7915bbecdc44950932569f131ce666,,,,,outside_frozen_project_split,0.350341796875,0.040618896484375
test/attack/digital_3/scan/chinese-01_0086_000-5a7ac9e6_1.jpg,data/processed/policy_c_official_test/test/attack/digital_3/scan/chinese-01_0086_000-5a7ac9e6_1.jpg,chinese-01_0086_000-5a7ac9e6_1,attack,digital_3,scan,1,72,075aae739d5f5d53e620a91245c8f978e56de2284c406ec6083c963554f35c18,621a9c281d175fbec42dce6e70c8871751bc10e4693db2d95ce35ae806584b14,,,,,outside_frozen_project_split,0.275146484375,0.1727294921875
test/attack/digital_3/scan/french-01_0006_000-f9f1aca7_0.jpg,data/processed/policy_c_official_test/test/attack/digital_3/scan/french-01_0006_000-f9f1aca7_0.jpg,french-01_0006_000-f9f1aca7_0,attack,digital_3,scan,1,84,9bc67622c680bf96a946add30a2341b7f1e0be81496842d08d04481d51f25168,2b9ea58ec52cdca8ba335e5f9556323cf9c0d6f991cd9775b717ae894d53aa1f,,,,,outside_frozen_project_split,0.0048675537109375,0.025177001953125
test/attack/digital_3/scan/french-01_0029_000-d00491e2_1.jpg,data/processed/policy_c_official_test/test/attack/digital_3/scan/french-01_0029_000-d00491e2_1.jpg,french-01_0029_000-d00491e2_1,attack,digital_3,scan,1,58,b3a49bceae6cb207e8cc8d35b1637cb12bc23195bac37addac25c0d5d84a9d70,6d6c69c55d57172cb05a98324d12bd99bb5849e186a87118432c21704f552f9a,,,,,outside_frozen_project_split,0.0041732788085937,0.028564453125
test/attack/digital_3/scan/french-01_0070_000-a4a25cda_0.jpg,data/processed/policy_c_official_test/test/attack/digital_3/scan/french-01_0070_000-a4a25cda_0.jpg,french-01_0070_000-a4a25cda_0,attack,digital_3,scan,1,67,944bb7962020572f47303c35bf091feeac71cb05b4e304f200e410fe716b1af2,869c1d91b6afac935509de98d2b83420cc7caeecff562cd07ffec05fa3a5cc71,,,,,outside_frozen_project_split,0.0069046020507812,0.0662841796875
test/attack/digital_3/scan/french-01_0094_000-51fbbc37_0.jpg,data/processed/policy_c_official_test/test/attack/digital_3/scan/french-01_0094_000-51fbbc37_0.jpg,french-01_0094_000-51fbbc37_0,attack,digital_3,scan,1,53,735ba6b71627752c6c36ddb6009ff34efc812a82e641d94cbeb5a330830ca2fc,fc69dcde9db84b0bed1108f1a137c317c9df851e82284d131768f0ebe967ccb3,,,,,outside_frozen_project_split,0.0123138427734375,0.0254669189453125
test/attack/digital_3/scan/indian-01_0004_000-2423feb1_0.jpg,data/processed/policy_c_official_test/test/attack/digital_3/scan/indian-01_0004_000-2423feb1_0.jpg,indian-01_0004_000-2423feb1_0,attack,digital_3,scan,1,58,81b2528d2e9f603fd6c4f55b4ac56a1213ef8d301b1db8a3b5bc18c3854cf938,0b28c02ce35d1b551fde93b22955c42f6fca6f5b67d576e2141a9deb00e6b2a8,,,,,outside_frozen_project_split,0.0026206970214843,0.0285491943359375
test/attack/digital_3/scan/indian-01_0005_000-59069fdd_1.jpg,data/processed/policy_c_official_test/test/attack/digital_3/scan/indian-01_0005_000-59069fdd_1.jpg,indian-01_0005_000-59069fdd_1,attack,digital_3,scan,1,60,f6744613548acf4a1b88f3e427ff11f4695779a7a68e2bbc33399eae89300d03,c6c4415d37dce6905225f13dbb4c18c2c55dc4436c4dd423e881de5589d4bd41,,,,,outside_frozen_project_split,0.0098800659179687,0.02734375
test/attack/digital_3/scan/indian-01_0062_000-c236043f_0.jpg,data/processed/policy_c_official_test/test/attack/digital_3/scan/indian-01_0062_000-c236043f_0.jpg,indian-01_0062_000-c236043f_0,attack,digital_3,scan,1,83,2cf4df8ebcf531aab5536d723a6a1b23ee73ec3b0588f222c2a4f51f1b3362d7,17654c48101a7a69cd9d625726b55359e287725c776d3ab2f093c3c902bf5865,,,,,outside_frozen_project_split,0.060028076171875,0.0299072265625
test/attack/digital_3/scan/indian-01_0068_000-1b9539d8_0.jpg,data/processed/policy_c_official_test/test/attack/digital_3/scan/indian-01_0068_000-1b9539d8_0.jpg,indian-01_0068_000-1b9539d8_0,attack,digital_3,scan,1,66,22d9d666d81ad550adba3ed266be888159d37d7b681405e76592e9fe568baf47,b396b87b61658dd15b16605242086308bc53d3fe23ea02f25b20a2dc2f58c740,,,,,outside_frozen_project_split,0.0146408081054687,0.02911376953125
test/attack/digital_3/scan/indian-01_0071_000-73870eac_1.jpg,data/processed/policy_c_official_test/test/attack/digital_3/scan/indian-01_0071_000-73870eac_1.jpg,indian-01_0071_000-73870eac_1,attack,digital_3,scan,1,61,7b0c512b62bc20c5daf1cc56b2ea238684bc15e2610265538555abd4a080a2aa,363c424af7db7b5ddab2c388c42d1b31c3376acf625cc3f0543e2975d34f3e7f,,,,,outside_frozen_project_split,0.0076370239257812,0.033355712890625
test/attack/digital_3/scan/indian-01_0082_000-1b935c0e_0.jpg,data/processed/policy_c_official_test/test/attack/digital_3/scan/indian-01_0082_000-1b935c0e_0.jpg,indian-01_0082_000-1b935c0e_0,attack,digital_3,scan,1,61,7e5d8e2e7c38c8fa14c3817e55bc6996bbe87ef1537b79ee2780f00a4a67fca2,641c598d1297e523720aa601393fda8d39294b348b8e6ee3f4e99a1f8ca5b7d5,,,,,outside_frozen_project_split,0.00579833984375,0.0279083251953125
test/attack/digital_3/scan/indian-01_0087_000-7edaffe9_0.jpg,data/processed/policy_c_official_test/test/attack/digital_3/scan/indian-01_0087_000-7edaffe9_0.jpg,indian-01_0087_000-7edaffe9_0,attack,digital_3,scan,1,90,261429be6ded171299b072a78a4c1412eb0f1b4851622ee4e5401aa94a3d4693,4fca9b054caab32e90c747728982206c85116bf2335d9877d379b732371994c4,,,,,outside_frozen_project_split,0.0073585510253906,0.0284423828125
test/attack/digital_3/scan/indian-01_0089_000-f38cdec4_1.jpg,data/processed/policy_c_official_test/test/attack/digital_3/scan/indian-01_0089_000-f38cdec4_1.jpg,indian-01_0089_000-f38cdec4_1,attack,digital_3,scan,1,78,5f1513e5fbaf3d333d4d5bc73d2d122e6fbc855c9ca01ea402e7c86bb18bd8b8,3bf77da567aec8ceed9393ac3a128dc3f5cd5175715e723775300d466f70a7e6,,,,,outside_frozen_project_split,0.0035247802734375,0.02777099609375
test/attack/digital_3/scan/indian-01_0097_000-b71b0c19_0.jpg,data/processed/policy_c_official_test/test/attack/digital_3/scan/indian-01_0097_000-b71b0c19_0.jpg,indian-01_0097_000-b71b0c19_0,attack,digital_3,scan,1,55,232b7d5cd93ed0302b5892424d2ab151866744465174ec67ead63d67071a7f57,f4b5c0b0a75be8bcddb62b51177f0133399a8fd39b89e9257acea8abc6b4b863,,,,,outside_frozen_project_split,0.004547119140625,0.0259857177734375
test/attack/digital_3/scan/persian-01_0064_000-daacc8f3_0.jpg,data/processed/policy_c_official_test/test/attack/digital_3/scan/persian-01_0064_000-daacc8f3_0.jpg,persian-01_0064_000-daacc8f3_0,attack,digital_3,scan,1,84,b646bc737b2b5374d043c57459968a801380248cdcfc6eebdb7811dd472adad4,9cf550f5a618a7b65628df9d854065fe0309cdf069dd855f9a9c649e7e0a1b76,,,,,outside_frozen_project_split,0.0134048461914062,0.033782958984375
test/attack/digital_3/scan/persian-01_0065_000-763dd95b_0.jpg,data/processed/policy_c_official_test/test/attack/digital_3/scan/persian-01_0065_000-763dd95b_0.jpg,persian-01_0065_000-763dd95b_0,attack,digital_3,scan,1,82,e325914bb662976afed4c742139b0f0aab16cefb364611ff7c22560e61637bc3,17cfdc9f7ac3116d1acfe895d3ec3dbbb4d1415512fd466711c5b5c4de54867e,,,,,outside_frozen_project_split,0.058349609375,0.1434326171875
test/attack/digital_3/scan/persian-01_0092_000-fad05fcd_1.jpg,data/processed/policy_c_official_test/test/attack/digital_3/scan/persian-01_0092_000-fad05fcd_1.jpg,persian-01_0092_000-fad05fcd_1,attack,digital_3,scan,1,50,1c58eafaede992454cbe277e84d96e6033c3e3c0baa8e9e735e1ee6b8eaa3a11,5d433a068c5451da06152f08683172edb5b5602bc5cb34388a589f98e4a9b6f7,,,,,outside_frozen_project_split,0.0089492797851562,0.034820556640625
test/attack/digital_3/scan/persian-01_0096_000-75b0e83b_0.jpg,data/processed/policy_c_official_test/test/attack/digital_3/scan/persian-01_0096_000-75b0e83b_0.jpg,persian-01_0096_000-75b0e83b_0,attack,digital_3,scan,1,61,ae37ca14b9f79322f55d896da18d4c3474ba71ed8ea1fd4cfae02fdba638f6c6,48332f95a4c49ff8d640d994e2e4ccfc5ff452a1046048cef261554749adf251,,,,,outside_frozen_project_split,0.0121688842773437,0.08489990234375
test/attack/digital_3/scan/persian-01_0200_000-78393150_0.jpg,data/processed/policy_c_official_test/test/attack/digital_3/scan/persian-01_0200_000-78393150_0.jpg,persian-01_0200_000-78393150_0,attack,digital_3,scan,1,60,d6f6948ca680ea40e5dd8dc7ff8a2b9cf5da06031f6ac0e8be18e35f6b3d3991,52eeda76fb2794adb0df61627db8f82ccbb2030a61c80825cf65694b6c57289a,,,,,outside_frozen_project_split,0.0036506652832031,0.03369140625
test/attack/digital_3/scan/portugal-01_0014_000-6f7ea414_0.jpg,data/processed/policy_c_official_test/test/attack/digital_3/scan/portugal-01_0014_000-6f7ea414_0.jpg,portugal-01_0014_000-6f7ea414_0,attack,digital_3,scan,1,77,1f7373389fb228711a795acaefb4d639218d2de17dcccbd6842dc60c493ee894,0c20692ae0d42a9ed12c86418756ec678aeb3599e362c5ce11a9c400652805c9,,,,,outside_frozen_project_split,0.154052734375,0.0268096923828125
test/attack/digital_3/scan/russian-01_0001_000-ff703650_1.jpg,data/processed/policy_c_official_test/test/attack/digital_3/scan/russian-01_0001_000-ff703650_1.jpg,russian-01_0001_000-ff703650_1,attack,digital_3,scan,1,87,f1ad165227bfd6e6a4af7e70a40c75518a04b2e4e0e8db5d6fe35dd0ef61f224,185ae96fd2e8655308280a7b551611f685e51dc39a58c66ab010035573ed6a87,,,,,outside_frozen_project_split,0.0011053085327148,0.033538818359375
test/attack/digital_3/scan/russian-01_0030_000-0bc18d73_0.jpg,data/processed/policy_c_official_test/test/attack/digital_3/scan/russian-01_0030_000-0bc18d73_0.jpg,russian-01_0030_000-0bc18d73_0,attack,digital_3,scan,1,90,f0de173b01b668991d723ab8201fc0b9372c0f42e997d449fe77b80930edbbb2,97c0b2798fb073c6df010780c44953e2eeb4684c73e24f3643ecbc0ab867a21b,,,,,outside_frozen_project_split,0.0027961730957031,0.035919189453125
test/attack/digital_3/scan/russian-01_0075_000-9bed189a_0.jpg,data/processed/policy_c_official_test/test/attack/digital_3/scan/russian-01_0075_000-9bed189a_0.jpg,russian-01_0075_000-9bed189a_0,attack,digital_3,scan,1,50,fab699ba84acbf21bf760843080534d5a8b55d05b9e36da7e025f3fd48f81f96,ea334991322fd52e42c9c6d84597f44a7c7cc7e9602773e72c904ad431934501,,,,,outside_frozen_project_split,0.0004575252532958,0.03814697265625
test/attack/digital_3/scan/russian-01_0201_000-2ea0ec28_0.jpg,data/processed/policy_c_official_test/test/attack/digital_3/scan/russian-01_0201_000-2ea0ec28_0.jpg,russian-01_0201_000-2ea0ec28_0,attack,digital_3,scan,1,59,25502021ebb298f825e99b58bbee6915bfbd09c55b9f4fa472060f47c2a93d1c,62e8d7ee4ccd65ee0ce6550f83c5376479862fbfb100a3b300ab2ba541b56c48,,,,,outside_frozen_project_split,0.0010566711425781,0.1190185546875
test/attack/digital_3/scan/turkiye-01_0035_000-d4764bf3_0.jpg,data/processed/policy_c_official_test/test/attack/digital_3/scan/turkiye-01_0035_000-d4764bf3_0.jpg,turkiye-01_0035_000-d4764bf3_0,attack,digital_3,scan,1,72,9e3ced0c9070902610629432a0cf81dc53bcd2f03cefd384996dacab7da51d29,6a536b1792711fb2c6b593379fda26d03b22aad548b23cd87f5fe78c2ecc3a17,,,,,outside_frozen_project_split,0.010528564453125,0.06536865234375
test/attack/digital_3/scan/turkiye-01_0074_000-c54807ec_1.jpg,data/processed/policy_c_official_test/test/attack/digital_3/scan/turkiye-01_0074_000-c54807ec_1.jpg,turkiye-01_0074_000-c54807ec_1,attack,digital_3,scan,1,80,04f3d559aceb71d8dc62245ea75b9ec2c2b539fe1d9828d18791baaa5fdcf190,d8c26e1e3cc906310a9887447e996eafe516970e1801de67e560ebb3a8e08e19,,,,,outside_frozen_project_split,0.0081558227539062,0.150146484375
test/attack/digital_3/scan/turkiye-01_0078_000-cfc6a96f_1.jpg,data/processed/policy_c_official_test/test/attack/digital_3/scan/turkiye-01_0078_000-cfc6a96f_1.jpg,turkiye-01_0078_000-cfc6a96f_1,attack,digital_3,scan,1,80,f8d9474565b2b0db1364c315b1f93e8135274322e4f813e24d50162ff62be53d,e0950303aae33fa3ca84feb536a2b073028a2d0a9e5a4afa55bbe3bd21cbacbb,,,,,outside_frozen_project_split,0.0036506652832031,0.031768798828125
test/attack/digital_3/scan/turkiye-01_0079_000-01a48f56_0.jpg,data/processed/policy_c_official_test/test/attack/digital_3/scan/turkiye-01_0079_000-01a48f56_0.jpg,turkiye-01_0079_000-01a48f56_0,attack,digital_3,scan,1,66,f39c3888fd193e16b40ffc52f2e15ad3d1ac2ed5aacb9fdb3f646ef8e0ef3811,44615ab76ed449ae49cd79efb4a9a3a27956fd111298731e8f4b707fc04b7ee8,,,,,outside_frozen_project_split,0.0038700103759765,0.038543701171875
test/attack/digital_3/scan/turkiye-01_0081_000-e5c4342a_1.jpg,data/processed/policy_c_official_test/test/attack/digital_3/scan/turkiye-01_0081_000-e5c4342a_1.jpg,turkiye-01_0081_000-e5c4342a_1,attack,digital_3,scan,1,62,3b4745bd375ff247a5f0be4368bd316c8813240f8d225e32e6d55997fed91a73,7ceec518af8a7b3c15988a9a644a8d421221d5629ba5cda67da2db6d07110f1a,,,,,outside_frozen_project_split,0.0041732788085937,0.0285491943359375
test/attack/digital_3/scan/turkiye-01_0085_000-65296866_0.jpg,data/processed/policy_c_official_test/test/attack/digital_3/scan/turkiye-01_0085_000-65296866_0.jpg,turkiye-01_0085_000-65296866_0,attack,digital_3,scan,1,62,f957dcc31cc1adde0077630d2d334cf1691d7c592dd4089f78d6fdc13d7e2558,bbaa129fcb895c8b91817682af42c9b8651fd06efa8dbb829f9b031e3566dffe,,,,,outside_frozen_project_split,0.0018854141235351,0.1376953125
test/attack/digital_3/scan/turkiye-01_0088_000-3739c168_0.jpg,data/processed/policy_c_official_test/test/attack/digital_3/scan/turkiye-01_0088_000-3739c168_0.jpg,turkiye-01_0088_000-3739c168_0,attack,digital_3,scan,1,72,3e22deeb28eef6e24d8c3fa5f6d56a6c345118cb6464b548d5f2ad7c359bea00,91ec365c0388f1a18b61416e6c3ab8603eaf898b570d141d0de4a4dd2d9d5f09,,,,,outside_frozen_project_split,0.0128707885742187,0.030181884765625
test/attack/digital_3/scan/turkiye-01_0090_000-6238b878_0.jpg,data/processed/policy_c_official_test/test/attack/digital_3/scan/turkiye-01_0090_000-6238b878_0.jpg,turkiye-01_0090_000-6238b878_0,attack,digital_3,scan,1,71,752fcbe90268919559aa144fdb4b64edcf8b4dfc46f333eb8c492ef02b1ce619,ce977c8f1aa902d9c5a6328f42b725a948e12de2a230fb0d28b48c9494592aa6,,,,,outside_frozen_project_split,0.00482177734375,0.03033447265625
test/attack/digital_3/scan/turkiye-01_0093_000-330a7661_0.jpg,data/processed/policy_c_official_test/test/attack/digital_3/scan/turkiye-01_0093_000-330a7661_0.jpg,turkiye-01_0093_000-330a7661_0,attack,digital_3,scan,1,89,3590a7f0903d4878612fe92adda8b97bc9ea54787d10b26391128e0e6f58c8b4,f13dce40272a1c454bba7afd13ebad0fda42792c20e2696662fe802d13aa675b,,,,,outside_frozen_project_split,0.0035114288330078,0.0282135009765625
test/attack/digital_3/scan/ukraine-01_0018_000-aad4322e_0.jpg,data/processed/policy_c_official_test/test/attack/digital_3/scan/ukraine-01_0018_000-aad4322e_0.jpg,ukraine-01_0018_000-aad4322e_0,attack,digital_3,scan,1,59,96e8924b37d5c7c2a6b782215c54962650f03484c97058a75b7b7e50f9e6ac17,8a0366423b6d2acc148816f811c50ae8285621e9a68a7c8a5de3666409fded74,,,,,outside_frozen_project_split,0.0179443359375,0.05291748046875
test/attack/digital_3/scan/ukraine-01_0073_000-d23bdbae_1.jpg,data/processed/policy_c_official_test/test/attack/digital_3/scan/ukraine-01_0073_000-d23bdbae_1.jpg,ukraine-01_0073_000-d23bdbae_1,attack,digital_3,scan,1,83,daaa8d4a5d32ee2edc82d1618ccd2392ff6e32aa9a0a00fdad0adce2b3356ed0,4a5901c30a2dc0fc6ce41a1ff4902c087ccbff9859a73186ba7567d32afd488a,,,,,outside_frozen_project_split,0.0499267578125,0.054840087890625
test/attack/digital_3/scan/ukraine-01_0077_000-a3228552_1.jpg,data/processed/policy_c_official_test/test/attack/digital_3/scan/ukraine-01_0077_000-a3228552_1.jpg,ukraine-01_0077_000-a3228552_1,attack,digital_3,scan,1,75,7d12d0f64e7d020c00c84cda126851bae65e4d93450758e5c222052199e9f2a4,27b4770c7707ec19c4b2fc513d6a62bfdde25922ce35e174526f340dbeaf89f7,,,,,outside_frozen_project_split,0.0091629028320312,0.0682373046875
test/attack/digital_3/scan/ukraine-01_0083_000-21b44038_0.jpg,data/processed/policy_c_official_test/test/attack/digital_3/scan/ukraine-01_0083_000-21b44038_0.jpg,ukraine-01_0083_000-21b44038_0,attack,digital_3,scan,1,58,830923762d73ce8a18081e145ef62d1e70987d0c0c43acd6b4f12820fedaee2b,f0b8e96a8618f4896c5d9c2de4c956259a1015bd1e2ebe8fcdd9f363a4f3492d,,,,,outside_frozen_project_split,0.0027141571044921,0.073974609375
test/attack/digital_3/scan/ukraine-01_0091_000-2d8a528b_1.jpg,data/processed/policy_c_official_test/test/attack/digital_3/scan/ukraine-01_0091_000-2d8a528b_1.jpg,ukraine-01_0091_000-2d8a528b_1,attack,digital_3,scan,1,52,eca60a1e1212e1cec45382144cc357f4df38de4c408ce0124339528af1f5c6d2,9cacaed1bf1b3dbe1bbb939a1e4903ab3f8fce472eab99b37d1962825bf32d68,,,,,outside_frozen_project_split,0.0125503540039062,0.053802490234375
test/attack/digital_3/scan/usa-01_0038_000-0ee87df5_0.jpg,data/processed/policy_c_official_test/test/attack/digital_3/scan/usa-01_0038_000-0ee87df5_0.jpg,usa-01_0038_000-0ee87df5_0,attack,digital_3,scan,1,58,cdefe6bc373b19ce3025cc691436593f347a3a43e6ff67d47720840b35e5dd35,e282f834805c9aabef2aef2995b16682f5592fda09bddf99074a02946443dedd,,,,,outside_frozen_project_split,0.124755859375,0.043365478515625
test/attack/digital_3/scan/usa-01_0080_000-0c832328_1.jpg,data/processed/policy_c_official_test/test/attack/digital_3/scan/usa-01_0080_000-0c832328_1.jpg,usa-01_0080_000-0c832328_1,attack,digital_3,scan,1,58,8c21d58aa1f3deab5ba85138fbbae051493d59e4df99990fc88c13562dffd8f2,144149b5cd83a40cbf9f7761509f4153948e986dbe2b0a05fa6a2c423a2b7b7c,,,,,outside_frozen_project_split,0.0072174072265625,0.04559326171875
