image_path,file_stem,hardware_source,digital3_width,digital3_height,digital3_content_width,digital3_pad,split,parent_width,parent_height,parent_content_width,parent_pad,native_dimensions_match,r512_content_width_match,padding_match
test/attack/digital_3/huawei/arabic-003_03.jpg,arabic-003_03,huawei,3023,1884,822,42,project_train,3023,1884,822,42,True,True,True
test/attack/digital_3/huawei/arabic-005_03.jpg,arabic-005_03,huawei,3068,1882,835,29,project_train,3068,1882,835,29,True,True,True
test/attack/digital_3/huawei/arabic-024_03.jpg,arabic-024_03,huawei,3211,1971,834,30,dev_val,3211,1971,834,30,True,True,True
test/attack/digital_3/huawei/arabic-112_03.jpg,arabic-112_03,huawei,3186,1977,825,39,project_train,3186,1977,825,39,True,True,True
test/attack/digital_3/huawei/arabic-120_03.jpg,arabic-120_03,huawei,3181,1964,829,35,dev_val,3181,1964,829,35,True,True,True
test/attack/digital_3/huawei/arabic-131_03.jpg,arabic-131_03,huawei,3175,1963,828,36,project_train,3175,1963,828,36,True,True,True
test/attack/digital_3/huawei/arabic-139_03.jpg,arabic-139_03,huawei,3034,1879,827,37,project_train,3034,1879,827,37,True,True,True
test/attack/digital_3/huawei/arabic-173_03.jpg,arabic-173_03,huawei,3208,1986,827,37,project_train,3208,1986,827,37,True,True,True
test/attack/digital_3/huawei/arabic-NF-1003.jpg,arabic-NF-1003,huawei,3190,1963,832,32,project_train,3190,1963,832,32,True,True,True
test/attack/digital_3/huawei/arabic-NF-1012.jpg,arabic-NF-1012,huawei,3183,1965,829,35,project_train,3183,1965,829,35,True,True,True
test/attack/digital_3/huawei/arabic-NF-1030.jpg,arabic-NF-1030,huawei,3181,1962,830,34,project_train,3181,1962,830,34,True,True,True
test/attack/digital_3/huawei/arabic-NF-1037.jpg,arabic-NF-1037,huawei,3033,1889,822,42,project_train,3033,1889,822,42,True,True,True
test/attack/digital_3/huawei/arabic-NF-1040.jpg,arabic-NF-1040,huawei,3192,1969,830,34,project_train,3192,1969,830,34,True,True,True
test/attack/digital_3/huawei/arabic-NF-1045.jpg,arabic-NF-1045,huawei,3183,1977,824,40,project_train,3183,1977,824,40,True,True,True
test/attack/digital_3/huawei/arabic-NF-1048.jpg,arabic-NF-1048,huawei,3045,1891,824,40,dev_val,3045,1891,824,40,True,True,True
test/attack/digital_3/huawei/arabic-NF-1049.jpg,arabic-NF-1049,huawei,3184,1964,830,34,project_train,3184,1964,830,34,True,True,True
test/attack/digital_3/huawei/arabic-NF-1053.jpg,arabic-NF-1053,huawei,3187,1964,831,33,project_train,3187,1964,831,33,True,True,True
test/attack/digital_3/huawei/arabic-NF-1098.jpg,arabic-NF-1098,huawei,3037,1894,821,43,dev_val,3037,1894,821,43,True,True,True
test/attack/digital_3/huawei/arabic-NF-1100.jpg,arabic-NF-1100,huawei,3192,1972,829,35,project_train,3192,1972,829,35,True,True,True
test/attack/digital_3/huawei/arabic-NM-1029.jpg,arabic-NM-1029,huawei,3197,1977,828,36,project_train,3197,1977,828,36,True,True,True
test/attack/digital_3/huawei/arabic-NM-1064.jpg,arabic-NM-1064,huawei,3193,1976,827,37,project_train,3193,1976,827,37,True,True,True
test/attack/digital_3/huawei/arabic-NM-1090.jpg,arabic-NM-1090,huawei,3189,1973,828,36,dev_val,3189,1973,828,36,True,True,True
test/attack/digital_3/huawei/chinese-001_03.jpg,chinese-001_03,huawei,3193,1962,833,31,dev_val,3193,1962,833,31,True,True,True
test/attack/digital_3/huawei/chinese-018_03.jpg,chinese-018_03,huawei,3189,1971,828,36,project_train,3189,1971,828,36,True,True,True
test/attack/digital_3/huawei/chinese-020_03.jpg,chinese-020_03,huawei,3188,1968,829,35,project_train,3188,1968,829,35,True,True,True
test/attack/digital_3/huawei/chinese-039_03.jpg,chinese-039_03,huawei,3190,1968,830,34,project_train,3190,1968,830,34,True,True,True
test/attack/digital_3/huawei/chinese-064_03.jpg,chinese-064_03,huawei,3225,1971,838,26,project_train,3225,1971,838,26,True,True,True
test/attack/digital_3/huawei/chinese-081_03.jpg,chinese-081_03,huawei,3214,1967,837,27,project_train,3214,1967,837,27,True,True,True
test/attack/digital_3/huawei/chinese-096_03.jpg,chinese-096_03,huawei,3178,1974,824,40,project_train,3178,1974,824,40,True,True,True
test/attack/digital_3/huawei/chinese-099_03.jpg,chinese-099_03,huawei,3197,1959,836,28,project_train,3197,1959,836,28,True,True,True
test/attack/digital_3/huawei/chinese-102_03.jpg,chinese-102_03,huawei,3196,1974,829,35,project_train,3196,1974,829,35,True,True,True
test/attack/digital_3/huawei/chinese-107_03.jpg,chinese-107_03,huawei,3213,1999,823,41,project_train,3213,1999,823,41,True,True,True
test/attack/digital_3/huawei/chinese-113_03.jpg,chinese-113_03,huawei,3178,1973,825,39,dev_val,3178,1973,825,39,True,True,True
test/attack/digital_3/huawei/chinese-142_03.jpg,chinese-142_03,huawei,3195,1967,832,32,dev_val,3195,1967,832,32,True,True,True
test/attack/digital_3/huawei/chinese-NF-1014.jpg,chinese-NF-1014,huawei,3192,1970,830,34,project_train,3192,1970,830,34,True,True,True
test/attack/digital_3/huawei/chinese-NF-1023.jpg,chinese-NF-1023,huawei,3199,1980,827,37,project_train,3199,1980,827,37,True,True,True
test/attack/digital_3/huawei/chinese-NF-1042.jpg,chinese-NF-1042,huawei,3063,1860,843,21,project_train,3063,1860,843,21,True,True,True
test/attack/digital_3/huawei/chinese-NF-1050.jpg,chinese-NF-1050,huawei,3198,1968,832,32,dev_val,3198,1968,832,32,True,True,True
test/attack/digital_3/huawei/chinese-NF-1059.jpg,chinese-NF-1059,huawei,3030,1886,823,41,project_train,3030,1886,823,41,True,True,True
test/attack/digital_3/huawei/chinese-NF-1067.jpg,chinese-NF-1067,huawei,3035,1893,821,43,project_train,3035,1893,821,43,True,True,True
test/attack/digital_3/huawei/chinese-NF-1072.jpg,chinese-NF-1072,huawei,3192,1966,831,33,project_train,3192,1966,831,33,True,True,True
test/attack/digital_3/huawei/chinese-NF-1085.jpg,chinese-NF-1085,huawei,3222,1985,831,33,dev_val,3222,1985,831,33,True,True,True
test/attack/digital_3/huawei/chinese-NF-1088.jpg,chinese-NF-1088,huawei,3036,1884,825,39,project_train,3036,1884,825,39,True,True,True
test/attack/digital_3/huawei/chinese-NF-1101.jpg,chinese-NF-1101,huawei,3030,1881,825,39,project_train,3030,1881,825,39,True,True,True
test/attack/digital_3/huawei/chinese-NM-1092.jpg,chinese-NM-1092,huawei,3242,1985,836,28,dev_val,3242,1985,836,28,True,True,True
test/attack/digital_3/huawei/french-019_03.jpg,french-019_03,huawei,3225,1978,835,29,dev_val,3225,1978,835,29,True,True,True
test/attack/digital_3/huawei/french-022_03.jpg,french-022_03,huawei,3199,1969,832,32,project_train,3199,1969,832,32,True,True,True
test/attack/digital_3/huawei/french-033_03.jpg,french-033_03,huawei,3208,1983,828,36,project_train,3208,1983,828,36,True,True,True
test/attack/digital_3/huawei/french-044_03.jpg,french-044_03,huawei,3221,1980,833,31,project_train,3221,1980,833,31,True,True,True
test/attack/digital_3/huawei/french-068_03.jpg,french-068_03,huawei,3194,1980,826,38,project_train,3194,1980,826,38,True,True,True
test/attack/digital_3/huawei/french-090_03.jpg,french-090_03,huawei,3027,1885,822,42,project_train,3027,1885,822,42,True,True,True
test/attack/digital_3/huawei/french-091_03.jpg,french-091_03,huawei,3192,1963,833,31,project_train,3192,1963,833,31,True,True,True
test/attack/digital_3/huawei/french-097_03.jpg,french-097_03,huawei,3229,1999,827,37,project_train,3229,1999,827,37,True,True,True
test/attack/digital_3/huawei/french-100_03.jpg,french-100_03,huawei,3197,1974,829,35,project_train,3197,1974,829,35,True,True,True
test/attack/digital_3/huawei/french-114_03.jpg,french-114_03,huawei,3200,1977,829,35,dev_val,3200,1977,829,35,True,True,True
test/attack/digital_3/huawei/french-118_03.jpg,french-118_03,huawei,3194,1975,828,36,project_train,3194,1975,828,36,True,True,True
test/attack/digital_3/huawei/french-124_03.jpg,french-124_03,huawei,3196,1968,831,33,dev_val,3196,1968,831,33,True,True,True
test/attack/digital_3/huawei/french-128_03.jpg,french-128_03,huawei,3192,1972,829,35,dev_val,3192,1972,829,35,True,True,True
test/attack/digital_3/huawei/french-135_03.jpg,french-135_03,huawei,3215,1969,836,28,project_train,3215,1969,836,28,True,True,True
test/attack/digital_3/huawei/french-NF-1020.jpg,french-NF-1020,huawei,3197,1966,833,31,project_train,3197,1966,833,31,True,True,True
test/attack/digital_3/huawei/french-NF-1047.jpg,french-NF-1047,huawei,3204,1968,834,30,dev_val,3204,1968,834,30,True,True,True
test/attack/digital_3/huawei/french-NF-1056.jpg,french-NF-1056,huawei,3200,1974,830,34,project_train,3200,1974,830,34,True,True,True
test/attack/digital_3/huawei/french-NF-1063.jpg,french-NF-1063,huawei,3207,1969,834,30,project_train,3207,1969,834,30,True,True,True
test/attack/digital_3/huawei/french-NF-1082.jpg,french-NF-1082,huawei,3207,1971,833,31,dev_val,3207,1971,833,31,True,True,True
test/attack/digital_3/huawei/french-NF-1095.jpg,french-NF-1095,huawei,3028,1882,824,40,project_train,3028,1882,824,40,True,True,True
test/attack/digital_3/huawei/french-NF-1110.jpg,french-NF-1110,huawei,3207,1976,831,33,project_train,3207,1976,831,33,True,True,True
test/attack/digital_3/huawei/french-NM-1070.jpg,french-NM-1070,huawei,3201,1963,835,29,project_train,3201,1963,835,29,True,True,True
test/attack/digital_3/huawei/french-NM-1104.jpg,french-NM-1104,huawei,3196,1969,831,33,project_train,3196,1969,831,33,True,True,True
test/attack/digital_3/huawei/indian-012_03.jpg,indian-012_03,huawei,3198,1973,830,34,project_train,3198,1973,830,34,True,True,True
test/attack/digital_3/huawei/indian-014_03.jpg,indian-014_03,huawei,3223,2004,823,41,dev_val,3223,2004,823,41,True,True,True
test/attack/digital_3/huawei/indian-021_03.jpg,indian-021_03,huawei,3215,1978,832,32,dev_val,3215,1978,832,32,True,True,True
test/attack/digital_3/huawei/indian-037_03.jpg,indian-037_03,huawei,3036,1885,825,39,project_train,3036,1885,825,39,True,True,True
test/attack/digital_3/huawei/indian-038_03.jpg,indian-038_03,huawei,3201,1980,828,36,project_train,3201,1980,828,36,True,True,True
test/attack/digital_3/huawei/indian-094_03.jpg,indian-094_03,huawei,3184,1967,829,35,project_train,3184,1967,829,35,True,True,True
test/attack/digital_3/huawei/indian-108_03.jpg,indian-108_03,huawei,3193,1970,830,34,project_train,3193,1970,830,34,True,True,True
test/attack/digital_3/huawei/indian-NF-1006.jpg,indian-NF-1006,huawei,3207,1977,831,33,project_train,3207,1977,831,33,True,True,True
test/attack/digital_3/huawei/indian-NF-1025.jpg,indian-NF-1025,huawei,3046,1890,825,39,project_train,3046,1890,825,39,True,True,True
test/attack/digital_3/huawei/indian-NF-1039.jpg,indian-NF-1039,huawei,3217,1984,830,34,project_train,3217,1984,830,34,True,True,True
test/attack/digital_3/huawei/indian-NF-1061.jpg,indian-NF-1061,huawei,3213,1986,828,36,dev_val,3213,1986,828,36,True,True,True
test/attack/digital_3/huawei/indian-NF-1075.jpg,indian-NF-1075,huawei,3203,1979,829,35,project_train,3203,1979,829,35,True,True,True
test/attack/digital_3/huawei/indian-NF-1096.jpg,indian-NF-1096,huawei,3215,1975,833,31,project_train,3215,1975,833,31,True,True,True
test/attack/digital_3/huawei/indian-NM-1058.jpg,indian-NM-1058,huawei,3188,1980,824,40,project_train,3188,1980,824,40,True,True,True
test/attack/digital_3/huawei/persian-010_03.jpg,persian-010_03,huawei,3198,1973,830,34,project_train,3198,1973,830,34,True,True,True
test/attack/digital_3/huawei/persian-045_03.jpg,persian-045_03,huawei,3194,1962,834,30,project_train,3194,1962,834,30,True,True,True
test/attack/digital_3/huawei/persian-069_03.jpg,persian-069_03,huawei,3200,1980,827,37,project_train,3200,1980,827,37,True,True,True
test/attack/digital_3/huawei/persian-087_03.jpg,persian-087_03,huawei,3199,1976,829,35,project_train,3199,1976,829,35,True,True,True
test/attack/digital_3/huawei/persian-122_03.jpg,persian-122_03,huawei,3207,1968,834,30,project_train,3207,1968,834,30,True,True,True
test/attack/digital_3/huawei/persian-144_03.jpg,persian-144_03,huawei,3039,1890,823,41,dev_val,3039,1890,823,41,True,True,True
test/attack/digital_3/huawei/persian-NF-1001.jpg,persian-NF-1001,huawei,3026,1886,821,43,project_train,3026,1886,821,43,True,True,True
test/attack/digital_3/huawei/persian-NF-1018.jpg,persian-NF-1018,huawei,3194,1967,831,33,dev_val,3194,1967,831,33,True,True,True
test/attack/digital_3/huawei/persian-NF-1031.jpg,persian-NF-1031,huawei,3034,1893,821,43,project_train,3034,1893,821,43,True,True,True
test/attack/digital_3/huawei/persian-NF-1034.jpg,persian-NF-1034,huawei,3200,1973,830,34,project_train,3200,1973,830,34,True,True,True
test/attack/digital_3/huawei/persian-NF-1043.jpg,persian-NF-1043,huawei,3193,1972,829,35,project_train,3193,1972,829,35,True,True,True
test/attack/digital_3/huawei/persian-NF-1079.jpg,persian-NF-1079,huawei,3223,1980,833,31,project_train,3223,1980,833,31,True,True,True
test/attack/digital_3/huawei/persian-NF-1097.jpg,persian-NF-1097,huawei,3214,1977,832,32,dev_val,3214,1977,832,32,True,True,True
test/attack/digital_3/huawei/persian-NF-1108.jpg,persian-NF-1108,huawei,3205,1976,830,34,project_train,3205,1976,830,34,True,True,True
test/attack/digital_3/huawei/persian-NM-1010.jpg,persian-NM-1010,huawei,3206,1965,835,29,project_train,3206,1965,835,29,True,True,True
test/attack/digital_3/huawei/persian-NM-1035.jpg,persian-NM-1035,huawei,3192,1972,829,35,dev_val,3192,1972,829,35,True,True,True
test/attack/digital_3/huawei/persian-NM-1074.jpg,persian-NM-1074,huawei,3196,1972,830,34,project_train,3196,1972,830,34,True,True,True
test/attack/digital_3/huawei/portugal-004_03.jpg,portugal-004_03,huawei,3201,1982,827,37,project_train,3201,1982,827,37,True,True,True
test/attack/digital_3/huawei/portugal-013_03.jpg,portugal-013_03,huawei,3032,1881,825,39,dev_val,3032,1881,825,39,True,True,True
test/attack/digital_3/huawei/portugal-017_03.jpg,portugal-017_03,huawei,3209,1979,830,34,dev_val,3209,1979,830,34,True,True,True
test/attack/digital_3/huawei/portugal-026_03.jpg,portugal-026_03,huawei,3195,1967,832,32,project_train,3195,1967,832,32,True,True,True
test/attack/digital_3/huawei/portugal-029_03.jpg,portugal-029_03,huawei,3210,1970,834,30,dev_val,3210,1970,834,30,True,True,True
test/attack/digital_3/huawei/portugal-042_03.jpg,portugal-042_03,huawei,3206,1963,836,28,project_train,3206,1963,836,28,True,True,True
test/attack/digital_3/huawei/portugal-061_03.jpg,portugal-061_03,huawei,3192,1976,827,37,project_train,3192,1976,827,37,True,True,True
test/attack/digital_3/huawei/portugal-066_03.jpg,portugal-066_03,huawei,3225,2001,825,39,project_train,3225,2001,825,39,True,True,True
test/attack/digital_3/huawei/portugal-070_03.jpg,portugal-070_03,huawei,3027,1886,822,42,project_train,3027,1886,822,42,True,True,True
test/attack/digital_3/huawei/portugal-105_03.jpg,portugal-105_03,huawei,3200,1964,834,30,project_train,3200,1964,834,30,True,True,True
test/attack/digital_3/huawei/portugal-119_03.jpg,portugal-119_03,huawei,3213,1973,834,30,dev_val,3213,1973,834,30,True,True,True
test/attack/digital_3/huawei/portugal-125_03.jpg,portugal-125_03,huawei,3033,1879,826,38,project_train,3033,1879,826,38,True,True,True
test/attack/digital_3/huawei/portugal-143_03.jpg,portugal-143_03,huawei,3026,1883,823,41,project_train,3026,1883,823,41,True,True,True
test/attack/digital_3/huawei/portugal-172_03.jpg,portugal-172_03,huawei,3022,1882,822,42,project_train,3022,1882,822,42,True,True,True
test/attack/digital_3/huawei/portugal-NF-1016.jpg,portugal-NF-1016,huawei,3198,1967,832,32,project_train,3198,1967,832,32,True,True,True
test/attack/digital_3/huawei/portugal-NF-1022.jpg,portugal-NF-1022,huawei,3193,1969,830,34,project_train,3193,1969,830,34,True,True,True
test/attack/digital_3/huawei/portugal-NF-1024.jpg,portugal-NF-1024,huawei,3212,1976,832,32,project_train,3212,1976,832,32,True,True,True
test/attack/digital_3/huawei/portugal-NF-1026.jpg,portugal-NF-1026,huawei,3194,1979,826,38,project_train,3194,1979,826,38,True,True,True
test/attack/digital_3/huawei/portugal-NF-1041.jpg,portugal-NF-1041,huawei,3200,1977,829,35,project_train,3200,1977,829,35,True,True,True
test/attack/digital_3/huawei/portugal-NF-1060.jpg,portugal-NF-1060,huawei,3205,1986,826,38,dev_val,3205,1986,826,38,True,True,True
test/attack/digital_3/huawei/portugal-NF-1066.jpg,portugal-NF-1066,huawei,3037,1887,824,40,dev_val,3037,1887,824,40,True,True,True
test/attack/digital_3/huawei/portugal-NF-1083.jpg,portugal-NF-1083,huawei,3035,1886,824,40,project_train,3035,1886,824,40,True,True,True
test/attack/digital_3/huawei/portugal-NF-1086.jpg,portugal-NF-1086,huawei,3202,1965,834,30,project_train,3202,1965,834,30,True,True,True
test/attack/digital_3/huawei/portugal-NF-1105.jpg,portugal-NF-1105,huawei,3222,1993,828,36,project_train,3222,1993,828,36,True,True,True
test/attack/digital_3/huawei/portugal-NF-1107.jpg,portugal-NF-1107,huawei,3201,1969,832,32,project_train,3201,1969,832,32,True,True,True
test/attack/digital_3/huawei/portugal-NF-1109.jpg,portugal-NF-1109,huawei,3216,1981,831,33,dev_val,3216,1981,831,33,True,True,True
test/attack/digital_3/huawei/portugal-NM-1091.jpg,portugal-NM-1091,huawei,3209,1973,833,31,project_train,3209,1973,833,31,True,True,True
test/attack/digital_3/huawei/portugal-NM-1102.jpg,portugal-NM-1102,huawei,3221,2004,823,41,project_train,3221,2004,823,41,True,True,True
test/attack/digital_3/huawei/russian-002_03.jpg,russian-002_03,huawei,3189,1968,830,34,project_train,3189,1968,830,34,True,True,True
test/attack/digital_3/huawei/russian-027_03.jpg,russian-027_03,huawei,3195,1981,826,38,project_train,3195,1981,826,38,True,True,True
test/attack/digital_3/huawei/russian-062_03.jpg,russian-062_03,huawei,3205,1973,832,32,dev_val,3205,1973,832,32,True,True,True
test/attack/digital_3/huawei/russian-082_03.jpg,russian-082_03,huawei,3203,1983,827,37,project_train,3203,1983,827,37,True,True,True
test/attack/digital_3/huawei/russian-123_03.jpg,russian-123_03,huawei,3213,1974,833,31,project_train,3213,1974,833,31,True,True,True
test/attack/digital_3/huawei/russian-132_03.jpg,russian-132_03,huawei,3193,1980,826,38,dev_val,3193,1980,826,38,True,True,True
test/attack/digital_3/huawei/russian-140_03.jpg,russian-140_03,huawei,3086,1890,836,28,project_train,3086,1890,836,28,True,True,True
test/attack/digital_3/huawei/russian-141_03.jpg,russian-141_03,huawei,3200,1977,829,35,project_train,3200,1977,829,35,True,True,True
test/attack/digital_3/huawei/russian-NF-1013.jpg,russian-NF-1013,huawei,3194,1970,830,34,project_train,3194,1970,830,34,True,True,True
test/attack/digital_3/huawei/russian-NF-1028.jpg,russian-NF-1028,huawei,3226,1993,829,35,project_train,3226,1993,829,35,True,True,True
test/attack/digital_3/huawei/russian-NF-1069.jpg,russian-NF-1069,huawei,3205,1965,835,29,project_train,3205,1965,835,29,True,True,True
test/attack/digital_3/huawei/russian-NF-1080.jpg,russian-NF-1080,huawei,3033,1883,825,39,project_train,3033,1883,825,39,True,True,True
test/attack/digital_3/huawei/russian-NF-1081.jpg,russian-NF-1081,huawei,3205,1975,831,33,project_train,3205,1975,831,33,True,True,True
test/attack/digital_3/huawei/russian-NF-1089.jpg,russian-NF-1089,huawei,3234,2006,825,39,dev_val,3234,2006,825,39,True,True,True
test/attack/digital_3/huawei/russian-NF-1099.jpg,russian-NF-1099,huawei,3046,1896,823,41,dev_val,3046,1896,823,41,True,True,True
test/attack/digital_3/huawei/russian-NM-1027.jpg,russian-NM-1027,huawei,3204,1981,828,36,project_train,3204,1981,828,36,True,True,True
test/attack/digital_3/huawei/turkiye-008_03.jpg,turkiye-008_03,huawei,3189,1967,830,34,project_train,3189,1967,830,34,True,True,True
test/attack/digital_3/huawei/turkiye-031_03.jpg,turkiye-031_03,huawei,3197,1974,829,35,project_train,3197,1974,829,35,True,True,True
test/attack/digital_3/huawei/turkiye-032_03.jpg,turkiye-032_03,huawei,3193,1979,826,38,dev_val,3193,1979,826,38,True,True,True
test/attack/digital_3/huawei/turkiye-036_03.jpg,turkiye-036_03,huawei,3203,1967,834,30,project_train,3203,1967,834,30,True,True,True
test/attack/digital_3/huawei/turkiye-041_03.jpg,turkiye-041_03,huawei,3196,1980,826,38,project_train,3196,1980,826,38,True,True,True
test/attack/digital_3/huawei/turkiye-083_03.jpg,turkiye-083_03,huawei,3196,1965,833,31,project_train,3196,1965,833,31,True,True,True
test/attack/digital_3/huawei/turkiye-086_03.jpg,turkiye-086_03,huawei,3211,1976,832,32,project_train,3211,1976,832,32,True,True,True
test/attack/digital_3/huawei/turkiye-092_03.jpg,turkiye-092_03,huawei,3027,1889,820,44,project_train,3027,1889,820,44,True,True,True
test/attack/digital_3/huawei/turkiye-101_03.jpg,turkiye-101_03,huawei,3211,1982,829,35,dev_val,3211,1982,829,35,True,True,True
test/attack/digital_3/huawei/turkiye-104_03.jpg,turkiye-104_03,huawei,3202,1981,828,36,dev_val,3202,1981,828,36,True,True,True
test/attack/digital_3/huawei/turkiye-115_03.jpg,turkiye-115_03,huawei,3242,2002,829,35,dev_val,3242,2002,829,35,True,True,True
test/attack/digital_3/huawei/turkiye-121_03.jpg,turkiye-121_03,huawei,3042,1897,821,43,project_train,3042,1897,821,43,True,True,True
test/attack/digital_3/huawei/turkiye-126_03.jpg,turkiye-126_03,huawei,3217,1975,834,30,project_train,3217,1975,834,30,True,True,True
test/attack/digital_3/huawei/turkiye-127_03.jpg,turkiye-127_03,huawei,3209,1986,827,37,project_train,3209,1986,827,37,True,True,True
test/attack/digital_3/huawei/turkiye-129_03.jpg,turkiye-129_03,huawei,3202,1972,831,33,project_train,3202,1972,831,33,True,True,True
test/attack/digital_3/huawei/turkiye-130_03.jpg,turkiye-130_03,huawei,3198,1975,829,35,project_train,3198,1975,829,35,True,True,True
test/attack/digital_3/huawei/turkiye-138_03.jpg,turkiye-138_03,huawei,3039,1892,822,42,project_train,3039,1892,822,42,True,True,True
test/attack/digital_3/huawei/turkiye-NF-1002.jpg,turkiye-NF-1002,huawei,3200,1970,832,32,dev_val,3200,1970,832,32,True,True,True
test/attack/digital_3/huawei/turkiye-NF-1008.jpg,turkiye-NF-1008,huawei,3047,1899,822,42,project_train,3047,1899,822,42,True,True,True
test/attack/digital_3/huawei/turkiye-NF-1054.jpg,turkiye-NF-1054,huawei,3039,1880,828,36,project_train,3039,1880,828,36,True,True,True
test/attack/digital_3/huawei/turkiye-NF-1103.jpg,turkiye-NF-1103,huawei,3183,1964,830,34,project_train,3183,1964,830,34,True,True,True
test/attack/digital_3/huawei/turkiye-NM-1011.jpg,turkiye-NM-1011,huawei,3049,1894,824,40,project_train,3049,1894,824,40,True,True,True
test/attack/digital_3/huawei/turkiye-NM-1019.jpg,turkiye-NM-1019,huawei,3035,1883,825,39,project_train,3035,1883,825,39,True,True,True
test/attack/digital_3/huawei/turkiye-NM-1033.jpg,turkiye-NM-1033,huawei,3206,1977,830,34,project_train,3206,1977,830,34,True,True,True
test/attack/digital_3/huawei/turkiye-NM-1055.jpg,turkiye-NM-1055,huawei,3208,1988,826,38,dev_val,3208,1988,826,38,True,True,True
test/attack/digital_3/huawei/ukraine-006_03.jpg,ukraine-006_03,huawei,3199,1987,824,40,project_train,3199,1987,824,40,True,True,True
test/attack/digital_3/huawei/ukraine-007_03.jpg,ukraine-007_03,huawei,3226,1967,840,24,project_train,3226,1967,840,24,True,True,True
test/attack/digital_3/huawei/ukraine-025_03.jpg,ukraine-025_03,huawei,3233,2002,827,37,dev_val,3233,2002,827,37,True,True,True
test/attack/digital_3/huawei/ukraine-030_03.jpg,ukraine-030_03,huawei,3193,1971,829,35,project_train,3193,1971,829,35,True,True,True
test/attack/digital_3/huawei/ukraine-103_03.jpg,ukraine-103_03,huawei,3193,1980,826,38,project_train,3193,1980,826,38,True,True,True
test/attack/digital_3/huawei/ukraine-NF-1005.jpg,ukraine-NF-1005,huawei,3212,1976,832,32,project_train,3212,1976,832,32,True,True,True
test/attack/digital_3/huawei/ukraine-NF-1015.jpg,ukraine-NF-1015,huawei,3209,1986,827,37,project_train,3209,1986,827,37,True,True,True
test/attack/digital_3/huawei/ukraine-NF-1021.jpg,ukraine-NF-1021,huawei,3215,1977,833,31,project_train,3215,1977,833,31,True,True,True
test/attack/digital_3/huawei/ukraine-NF-1032.jpg,ukraine-NF-1032,huawei,3196,1976,828,36,project_train,3196,1976,828,36,True,True,True
test/attack/digital_3/huawei/ukraine-NF-1057.jpg,ukraine-NF-1057,huawei,3040,1882,827,37,project_train,3040,1882,827,37,True,True,True
test/attack/digital_3/huawei/ukraine-NF-1068.jpg,ukraine-NF-1068,huawei,3210,1980,830,34,dev_val,3210,1980,830,34,True,True,True
test/attack/digital_3/huawei/ukraine-NF-1073.jpg,ukraine-NF-1073,huawei,3190,1962,832,32,dev_val,3190,1962,832,32,True,True,True
test/attack/digital_3/huawei/ukraine-NF-1077.jpg,ukraine-NF-1077,huawei,3194,1969,831,33,project_train,3194,1969,831,33,True,True,True
test/attack/digital_3/huawei/ukraine-NF-1084.jpg,ukraine-NF-1084,huawei,3210,1972,833,31,project_train,3210,1972,833,31,True,True,True
test/attack/digital_3/huawei/ukraine-NF-1087.jpg,ukraine-NF-1087,huawei,3199,1967,833,31,project_train,3199,1967,833,31,True,True,True
test/attack/digital_3/huawei/ukraine-NF-1106.jpg,ukraine-NF-1106,huawei,3199,1962,835,29,dev_val,3199,1962,835,29,True,True,True
test/attack/digital_3/huawei/ukraine-NM-1007.jpg,ukraine-NM-1007,huawei,3041,1890,824,40,project_train,3041,1890,824,40,True,True,True
test/attack/digital_3/huawei/usa-009_03.jpg,usa-009_03,huawei,3204,1979,829,35,project_train,3204,1979,829,35,True,True,True
test/attack/digital_3/huawei/usa-011_03.jpg,usa-011_03,huawei,3207,1975,831,33,project_train,3207,1975,831,33,True,True,True
test/attack/digital_3/huawei/usa-016_03.jpg,usa-016_03,huawei,3232,2003,826,38,project_train,3232,2003,826,38,True,True,True
test/attack/digital_3/huawei/usa-034_03.jpg,usa-034_03,huawei,3199,1971,831,33,dev_val,3199,1971,831,33,True,True,True
test/attack/digital_3/huawei/usa-043_03.jpg,usa-043_03,huawei,3191,1976,827,37,project_train,3191,1976,827,37,True,True,True
test/attack/digital_3/huawei/usa-063_03.jpg,usa-063_03,huawei,3240,1998,830,34,project_train,3240,1998,830,34,True,True,True
test/attack/digital_3/huawei/usa-067_03.jpg,usa-067_03,huawei,3047,1905,819,45,dev_val,3047,1905,819,45,True,True,True
test/attack/digital_3/huawei/usa-117_03.jpg,usa-117_03,huawei,3199,1973,830,34,project_train,3199,1973,830,34,True,True,True
test/attack/digital_3/huawei/usa-134_03.jpg,usa-134_03,huawei,3199,1976,829,35,project_train,3199,1976,829,35,True,True,True
test/attack/digital_3/huawei/usa-136_03.jpg,usa-136_03,huawei,3232,2006,825,39,project_train,3232,2006,825,39,True,True,True
test/attack/digital_3/huawei/usa-137_03.jpg,usa-137_03,huawei,3229,1989,831,33,project_train,3229,1989,831,33,True,True,True
test/attack/digital_3/huawei/usa-NF-1004.jpg,usa-NF-1004,huawei,3201,2001,819,45,project_train,3201,2001,819,45,True,True,True
test/attack/digital_3/huawei/usa-NF-1009.jpg,usa-NF-1009,huawei,3202,1978,829,35,project_train,3202,1978,829,35,True,True,True
test/attack/digital_3/huawei/usa-NF-1017.jpg,usa-NF-1017,huawei,3193,1977,827,37,project_train,3193,1977,827,37,True,True,True
test/attack/digital_3/huawei/usa-NF-1036.jpg,usa-NF-1036,huawei,3211,1988,827,37,dev_val,3211,1988,827,37,True,True,True
test/attack/digital_3/huawei/usa-NF-1044.jpg,usa-NF-1044,huawei,3192,1972,829,35,project_train,3192,1972,829,35,True,True,True
test/attack/digital_3/huawei/usa-NF-1046.jpg,usa-NF-1046,huawei,3229,2005,825,39,project_train,3229,2005,825,39,True,True,True
test/attack/digital_3/huawei/usa-NF-1051.jpg,usa-NF-1051,huawei,3200,1981,827,37,project_train,3200,1981,827,37,True,True,True
test/attack/digital_3/huawei/usa-NF-1062.jpg,usa-NF-1062,huawei,3204,1974,831,33,project_train,3204,1974,831,33,True,True,True
test/attack/digital_3/huawei/usa-NF-1065.jpg,usa-NF-1065,huawei,3052,1893,825,39,dev_val,3052,1893,825,39,True,True,True
test/attack/digital_3/huawei/usa-NF-1071.jpg,usa-NF-1071,huawei,3219,1988,829,35,project_train,3219,1988,829,35,True,True,True
test/attack/digital_3/huawei/usa-NF-1076.jpg,usa-NF-1076,huawei,3202,1967,833,31,dev_val,3202,1967,833,31,True,True,True
test/attack/digital_3/huawei/usa-NF-1093.jpg,usa-NF-1093,huawei,3059,1902,823,41,project_train,3059,1902,823,41,True,True,True
test/attack/digital_3/huawei/usa-NF-1094.jpg,usa-NF-1094,huawei,3215,1984,830,34,project_train,3215,1984,830,34,True,True,True
test/attack/digital_3/huawei/usa-NM-1038.jpg,usa-NM-1038,huawei,3043,1883,827,37,dev_val,3043,1883,827,37,True,True,True
test/attack/digital_3/huawei/usa-NM-1052.jpg,usa-NM-1052,huawei,3239,1989,834,30,project_train,3239,1989,834,30,True,True,True
test/attack/digital_3/iphone15pro/arabic-003_03.jpg,arabic-003_03,iphone15pro,2619,1605,835,29,project_train,2619,1605,835,29,True,True,True
test/attack/digital_3/iphone15pro/arabic-005_03.jpg,arabic-005_03,iphone15pro,2743,1703,825,39,project_train,2743,1703,825,39,True,True,True
test/attack/digital_3/iphone15pro/arabic-024_03.jpg,arabic-024_03,iphone15pro,2769,1748,811,53,dev_val,2769,1748,811,53,True,True,True
test/attack/digital_3/iphone15pro/arabic-112_03.jpg,arabic-112_03,iphone15pro,2776,1768,804,60,project_train,2776,1768,804,60,True,True,True
test/attack/digital_3/iphone15pro/arabic-120_03.jpg,arabic-120_03,iphone15pro,2768,1737,816,48,dev_val,2768,1737,816,48,True,True,True
test/attack/digital_3/iphone15pro/arabic-131_03.jpg,arabic-131_03,iphone15pro,2783,1762,809,55,project_train,2783,1762,809,55,True,True,True
test/attack/digital_3/iphone15pro/arabic-139_03.jpg,arabic-139_03,iphone15pro,2624,1605,837,27,project_train,2624,1605,837,27,True,True,True
test/attack/digital_3/iphone15pro/arabic-173_03.jpg,arabic-173_03,iphone15pro,2784,1780,801,63,project_train,2784,1780,801,63,True,True,True
test/attack/digital_3/iphone15pro/arabic-NF-1003.jpg,arabic-NF-1003,iphone15pro,2797,1768,810,54,project_train,2797,1768,810,54,True,True,True
test/attack/digital_3/iphone15pro/arabic-NF-1012.jpg,arabic-NF-1012,iphone15pro,2793,1759,813,51,project_train,2793,1759,813,51,True,True,True
test/attack/digital_3/iphone15pro/arabic-NF-1030.jpg,arabic-NF-1030,iphone15pro,2789,1760,811,53,project_train,2789,1760,811,53,True,True,True
test/attack/digital_3/iphone15pro/arabic-NF-1037.jpg,arabic-NF-1037,iphone15pro,2626,1604,838,26,project_train,2626,1604,838,26,True,True,True
test/attack/digital_3/iphone15pro/arabic-NF-1040.jpg,arabic-NF-1040,iphone15pro,2790,1764,810,54,project_train,2790,1764,810,54,True,True,True
test/attack/digital_3/iphone15pro/arabic-NF-1045.jpg,arabic-NF-1045,iphone15pro,2766,1771,800,64,project_train,2766,1771,800,64,True,True,True
test/attack/digital_3/iphone15pro/arabic-NF-1048.jpg,arabic-NF-1048,iphone15pro,2629,1605,839,25,dev_val,2629,1605,839,25,True,True,True
test/attack/digital_3/iphone15pro/arabic-NF-1049.jpg,arabic-NF-1049,iphone15pro,2790,1769,808,56,project_train,2790,1769,808,56,True,True,True
test/attack/digital_3/iphone15pro/arabic-NF-1053.jpg,arabic-NF-1053,iphone15pro,2772,1766,804,60,project_train,2772,1766,804,60,True,True,True
test/attack/digital_3/iphone15pro/arabic-NF-1098.jpg,arabic-NF-1098,iphone15pro,2624,1608,836,28,dev_val,2624,1608,836,28,True,True,True
test/attack/digital_3/iphone15pro/arabic-NF-1100.jpg,arabic-NF-1100,iphone15pro,2771,1760,806,58,project_train,2771,1760,806,58,True,True,True
test/attack/digital_3/iphone15pro/arabic-NM-1029.jpg,arabic-NM-1029,iphone15pro,2789,1763,810,54,project_train,2789,1763,810,54,True,True,True
test/attack/digital_3/iphone15pro/arabic-NM-1064.jpg,arabic-NM-1064,iphone15pro,2794,1774,806,58,project_train,2794,1774,806,58,True,True,True
test/attack/digital_3/iphone15pro/arabic-NM-1090.jpg,arabic-NM-1090,iphone15pro,2766,1767,801,63,dev_val,2766,1767,801,63,True,True,True
test/attack/digital_3/iphone15pro/chinese-001_03.jpg,chinese-001_03,iphone15pro,2778,1765,806,58,dev_val,2778,1765,806,58,True,True,True
test/attack/digital_3/iphone15pro/chinese-018_03.jpg,chinese-018_03,iphone15pro,2780,1775,802,62,project_train,2780,1775,802,62,True,True,True
test/attack/digital_3/iphone15pro/chinese-020_03.jpg,chinese-020_03,iphone15pro,2794,1765,810,54,project_train,2794,1765,810,54,True,True,True
test/attack/digital_3/iphone15pro/chinese-039_03.jpg,chinese-039_03,iphone15pro,2782,1763,808,56,project_train,2782,1763,808,56,True,True,True
test/attack/digital_3/iphone15pro/chinese-064_03.jpg,chinese-064_03,iphone15pro,2798,1780,805,59,project_train,2798,1780,805,59,True,True,True
test/attack/digital_3/iphone15pro/chinese-081_03.jpg,chinese-081_03,iphone15pro,2791,1766,809,55,project_train,2791,1766,809,55,True,True,True
test/attack/digital_3/iphone15pro/chinese-096_03.jpg,chinese-096_03,iphone15pro,2801,1764,813,51,project_train,2801,1764,813,51,True,True,True
test/attack/digital_3/iphone15pro/chinese-099_03.jpg,chinese-099_03,iphone15pro,2804,1776,808,56,project_train,2804,1776,808,56,True,True,True
test/attack/digital_3/iphone15pro/chinese-102_03.jpg,chinese-102_03,iphone15pro,2794,1764,811,53,project_train,2794,1764,811,53,True,True,True
test/attack/digital_3/iphone15pro/chinese-107_03.jpg,chinese-107_03,iphone15pro,2788,1761,811,53,project_train,2788,1761,811,53,True,True,True
test/attack/digital_3/iphone15pro/chinese-113_03.jpg,chinese-113_03,iphone15pro,2791,1770,807,57,dev_val,2791,1770,807,57,True,True,True
test/attack/digital_3/iphone15pro/chinese-142_03.jpg,chinese-142_03,iphone15pro,2784,1762,809,55,dev_val,2784,1762,809,55,True,True,True
test/attack/digital_3/iphone15pro/chinese-NF-1014.jpg,chinese-NF-1014,iphone15pro,2786,1765,808,56,project_train,2786,1765,808,56,True,True,True
test/attack/digital_3/iphone15pro/chinese-NF-1023.jpg,chinese-NF-1023,iphone15pro,2787,1776,803,61,project_train,2787,1776,803,61,True,True,True
test/attack/digital_3/iphone15pro/chinese-NF-1042.jpg,chinese-NF-1042,iphone15pro,2696,1678,823,41,project_train,2696,1678,823,41,True,True,True
test/attack/digital_3/iphone15pro/chinese-NF-1050.jpg,chinese-NF-1050,iphone15pro,2781,1776,802,62,dev_val,2781,1776,802,62,True,True,True
test/attack/digital_3/iphone15pro/chinese-NF-1059.jpg,chinese-NF-1059,iphone15pro,2636,1608,839,25,project_train,2636,1608,839,25,True,True,True
test/attack/digital_3/iphone15pro/chinese-NF-1067.jpg,chinese-NF-1067,iphone15pro,2633,1609,838,26,project_train,2633,1609,838,26,True,True,True
test/attack/digital_3/iphone15pro/chinese-NF-1072.jpg,chinese-NF-1072,iphone15pro,2790,1767,808,56,project_train,2790,1767,808,56,True,True,True
test/attack/digital_3/iphone15pro/chinese-NF-1085.jpg,chinese-NF-1085,iphone15pro,2787,1763,809,55,dev_val,2787,1763,809,55,True,True,True
test/attack/digital_3/iphone15pro/chinese-NF-1088.jpg,chinese-NF-1088,iphone15pro,2630,1611,836,28,project_train,2630,1611,836,28,True,True,True
test/attack/digital_3/iphone15pro/chinese-NF-1101.jpg,chinese-NF-1101,iphone15pro,2634,1610,838,26,project_train,2634,1610,838,26,True,True,True
test/attack/digital_3/iphone15pro/chinese-NM-1092.jpg,chinese-NM-1092,iphone15pro,2790,1772,806,58,dev_val,2790,1772,806,58,True,True,True
test/attack/digital_3/iphone15pro/french-019_03.jpg,french-019_03,iphone15pro,2783,1765,807,57,dev_val,2783,1765,807,57,True,True,True
test/attack/digital_3/iphone15pro/french-022_03.jpg,french-022_03,iphone15pro,2792,1759,813,51,project_train,2792,1759,813,51,True,True,True
test/attack/digital_3/iphone15pro/french-033_03.jpg,french-033_03,iphone15pro,2796,1790,800,64,project_train,2796,1790,800,64,True,True,True
test/attack/digital_3/iphone15pro/french-044_03.jpg,french-044_03,iphone15pro,2805,1786,804,60,project_train,2805,1786,804,60,True,True,True
test/attack/digital_3/iphone15pro/french-068_03.jpg,french-068_03,iphone15pro,2803,1784,804,60,project_train,2803,1784,804,60,True,True,True
test/attack/digital_3/iphone15pro/french-090_03.jpg,french-090_03,iphone15pro,2646,1616,838,26,project_train,2646,1616,838,26,True,True,True
test/attack/digital_3/iphone15pro/french-091_03.jpg,french-091_03,iphone15pro,2802,1788,802,62,project_train,2802,1788,802,62,True,True,True
test/attack/digital_3/iphone15pro/french-097_03.jpg,french-097_03,iphone15pro,2788,1754,814,50,project_train,2788,1754,814,50,True,True,True
test/attack/digital_3/iphone15pro/french-100_03.jpg,french-100_03,iphone15pro,2801,1784,804,60,project_train,2801,1784,804,60,True,True,True
test/attack/digital_3/iphone15pro/french-114_03.jpg,french-114_03,iphone15pro,2803,1781,806,58,dev_val,2803,1781,806,58,True,True,True
test/attack/digital_3/iphone15pro/french-118_03.jpg,french-118_03,iphone15pro,2806,1786,804,60,project_train,2806,1786,804,60,True,True,True
test/attack/digital_3/iphone15pro/french-124_03.jpg,french-124_03,iphone15pro,2789,1768,808,56,dev_val,2789,1768,808,56,True,True,True
test/attack/digital_3/iphone15pro/french-128_03.jpg,french-128_03,iphone15pro,2804,1785,804,60,dev_val,2804,1785,804,60,True,True,True
test/attack/digital_3/iphone15pro/french-135_03.jpg,french-135_03,iphone15pro,2802,1785,804,60,project_train,2802,1785,804,60,True,True,True
test/attack/digital_3/iphone15pro/french-NF-1020.jpg,french-NF-1020,iphone15pro,2786,1773,805,59,project_train,2786,1773,805,59,True,True,True
test/attack/digital_3/iphone15pro/french-NF-1047.jpg,french-NF-1047,iphone15pro,2799,1781,805,59,dev_val,2799,1781,805,59,True,True,True
test/attack/digital_3/iphone15pro/french-NF-1056.jpg,french-NF-1056,iphone15pro,2801,1788,802,62,project_train,2801,1788,802,62,True,True,True
test/attack/digital_3/iphone15pro/french-NF-1063.jpg,french-NF-1063,iphone15pro,2800,1782,804,60,project_train,2800,1782,804,60,True,True,True
test/attack/digital_3/iphone15pro/french-NF-1082.jpg,french-NF-1082,iphone15pro,2801,1785,803,61,dev_val,2801,1785,803,61,True,True,True
test/attack/digital_3/iphone15pro/french-NF-1095.jpg,french-NF-1095,iphone15pro,2626,1601,840,24,project_train,2626,1601,840,24,True,True,True
test/attack/digital_3/iphone15pro/french-NF-1110.jpg,french-NF-1110,iphone15pro,2800,1784,804,60,project_train,2800,1784,804,60,True,True,True
test/attack/digital_3/iphone15pro/french-NM-1070.jpg,french-NM-1070,iphone15pro,2785,1774,804,60,project_train,2785,1774,804,60,True,True,True
test/attack/digital_3/iphone15pro/french-NM-1104.jpg,french-NM-1104,iphone15pro,2785,1777,802,62,project_train,2785,1777,802,62,True,True,True
test/attack/digital_3/iphone15pro/indian-012_03.jpg,indian-012_03,iphone15pro,2789,1766,809,55,project_train,2789,1766,809,55,True,True,True
test/attack/digital_3/iphone15pro/indian-014_03.jpg,indian-014_03,iphone15pro,2798,1778,806,58,dev_val,2798,1778,806,58,True,True,True
test/attack/digital_3/iphone15pro/indian-021_03.jpg,indian-021_03,iphone15pro,2798,1775,807,57,dev_val,2798,1775,807,57,True,True,True
test/attack/digital_3/iphone15pro/indian-037_03.jpg,indian-037_03,iphone15pro,2629,1612,835,29,project_train,2629,1612,835,29,True,True,True
test/attack/digital_3/iphone15pro/indian-038_03.jpg,indian-038_03,iphone15pro,2802,1780,806,58,project_train,2802,1780,806,58,True,True,True
test/attack/digital_3/iphone15pro/indian-094_03.jpg,indian-094_03,iphone15pro,2803,1778,807,57,project_train,2803,1778,807,57,True,True,True
test/attack/digital_3/iphone15pro/indian-108_03.jpg,indian-108_03,iphone15pro,2794,1786,801,63,project_train,2794,1786,801,63,True,True,True
test/attack/digital_3/iphone15pro/indian-NF-1006.jpg,indian-NF-1006,iphone15pro,2799,1785,803,61,project_train,2799,1785,803,61,True,True,True
test/attack/digital_3/iphone15pro/indian-NF-1025.jpg,indian-NF-1025,iphone15pro,2625,1601,839,25,project_train,2625,1601,839,25,True,True,True
test/attack/digital_3/iphone15pro/indian-NF-1039.jpg,indian-NF-1039,iphone15pro,2801,1768,811,53,project_train,2801,1768,811,53,True,True,True
test/attack/digital_3/iphone15pro/indian-NF-1061.jpg,indian-NF-1061,iphone15pro,2796,1785,802,62,dev_val,2796,1785,802,62,True,True,True
test/attack/digital_3/iphone15pro/indian-NF-1075.jpg,indian-NF-1075,iphone15pro,2795,1789,800,64,project_train,2795,1789,800,64,True,True,True
test/attack/digital_3/iphone15pro/indian-NF-1096.jpg,indian-NF-1096,iphone15pro,2797,1787,801,63,project_train,2797,1787,801,63,True,True,True
test/attack/digital_3/iphone15pro/indian-NM-1058.jpg,indian-NM-1058,iphone15pro,2814,1768,815,49,project_train,2814,1768,815,49,True,True,True
test/attack/digital_3/iphone15pro/persian-010_03.jpg,persian-010_03,iphone15pro,2801,1785,803,61,project_train,2801,1785,803,61,True,True,True
test/attack/digital_3/iphone15pro/persian-045_03.jpg,persian-045_03,iphone15pro,2795,1783,803,61,project_train,2795,1783,803,61,True,True,True
test/attack/digital_3/iphone15pro/persian-069_03.jpg,persian-069_03,iphone15pro,2801,1786,803,61,project_train,2801,1786,803,61,True,True,True
test/attack/digital_3/iphone15pro/persian-087_03.jpg,persian-087_03,iphone15pro,2791,1785,801,63,project_train,2791,1785,801,63,True,True,True
test/attack/digital_3/iphone15pro/persian-122_03.jpg,persian-122_03,iphone15pro,2805,1786,804,60,project_train,2805,1786,804,60,True,True,True
test/attack/digital_3/iphone15pro/persian-144_03.jpg,persian-144_03,iphone15pro,2632,1604,840,24,dev_val,2632,1604,840,24,True,True,True
test/attack/digital_3/iphone15pro/persian-NF-1001.jpg,persian-NF-1001,iphone15pro,2638,1609,839,25,project_train,2638,1609,839,25,True,True,True
test/attack/digital_3/iphone15pro/persian-NF-1018.jpg,persian-NF-1018,iphone15pro,2806,1787,804,60,dev_val,2806,1787,804,60,True,True,True
test/attack/digital_3/iphone15pro/persian-NF-1031.jpg,persian-NF-1031,iphone15pro,2640,1609,840,24,project_train,2640,1609,840,24,True,True,True
test/attack/digital_3/iphone15pro/persian-NF-1034.jpg,persian-NF-1034,iphone15pro,2793,1789,799,65,project_train,2793,1789,799,65,True,True,True
test/attack/digital_3/iphone15pro/persian-NF-1043.jpg,persian-NF-1043,iphone15pro,2797,1778,805,59,project_train,2797,1778,805,59,True,True,True
test/attack/digital_3/iphone15pro/persian-NF-1079.jpg,persian-NF-1079,iphone15pro,2789,1788,799,65,project_train,2789,1788,799,65,True,True,True
test/attack/digital_3/iphone15pro/persian-NF-1097.jpg,persian-NF-1097,iphone15pro,2800,1773,809,55,dev_val,2800,1773,809,55,True,True,True
test/attack/digital_3/iphone15pro/persian-NF-1108.jpg,persian-NF-1108,iphone15pro,2797,1776,806,58,project_train,2797,1776,806,58,True,True,True
test/attack/digital_3/iphone15pro/persian-NM-1010.jpg,persian-NM-1010,iphone15pro,2788,1790,797,67,project_train,2788,1790,797,67,True,True,True
test/attack/digital_3/iphone15pro/persian-NM-1035.jpg,persian-NM-1035,iphone15pro,2843,1810,804,60,dev_val,2843,1810,804,60,True,True,True
test/attack/digital_3/iphone15pro/persian-NM-1074.jpg,persian-NM-1074,iphone15pro,2850,1812,805,59,project_train,2850,1812,805,59,True,True,True
test/attack/digital_3/iphone15pro/portugal-004_03.jpg,portugal-004_03,iphone15pro,2843,1797,810,54,project_train,2843,1797,810,54,True,True,True
test/attack/digital_3/iphone15pro/portugal-013_03.jpg,portugal-013_03,iphone15pro,2641,1614,838,26,dev_val,2641,1614,838,26,True,True,True
test/attack/digital_3/iphone15pro/portugal-017_03.jpg,portugal-017_03,iphone15pro,2855,1812,807,57,dev_val,2855,1812,807,57,True,True,True
test/attack/digital_3/iphone15pro/portugal-026_03.jpg,portugal-026_03,iphone15pro,2883,1794,823,41,project_train,2883,1794,823,41,True,True,True
test/attack/digital_3/iphone15pro/portugal-029_03.jpg,portugal-029_03,iphone15pro,2835,1795,809,55,dev_val,2835,1795,809,55,True,True,True
test/attack/digital_3/iphone15pro/portugal-042_03.jpg,portugal-042_03,iphone15pro,2861,1818,806,58,project_train,2861,1818,806,58,True,True,True
test/attack/digital_3/iphone15pro/portugal-061_03.jpg,portugal-061_03,iphone15pro,2845,1803,808,56,project_train,2845,1803,808,56,True,True,True
test/attack/digital_3/iphone15pro/portugal-066_03.jpg,portugal-066_03,iphone15pro,2868,1796,818,46,project_train,2868,1796,818,46,True,True,True
test/attack/digital_3/iphone15pro/portugal-070_03.jpg,portugal-070_03,iphone15pro,2638,1613,837,27,project_train,2638,1613,837,27,True,True,True
test/attack/digital_3/iphone15pro/portugal-105_03.jpg,portugal-105_03,iphone15pro,2855,1805,810,54,project_train,2855,1805,810,54,True,True,True
test/attack/digital_3/iphone15pro/portugal-119_03.jpg,portugal-119_03,iphone15pro,2861,1798,815,49,dev_val,2861,1798,815,49,True,True,True
test/attack/digital_3/iphone15pro/portugal-125_03.jpg,portugal-125_03,iphone15pro,2634,1611,837,27,project_train,2634,1611,837,27,True,True,True
test/attack/digital_3/iphone15pro/portugal-143_03.jpg,portugal-143_03,iphone15pro,2633,1621,832,32,project_train,2633,1621,832,32,True,True,True
test/attack/digital_3/iphone15pro/portugal-172_03.jpg,portugal-172_03,iphone15pro,2633,1604,840,24,project_train,2633,1604,840,24,True,True,True
test/attack/digital_3/iphone15pro/portugal-NF-1016.jpg,portugal-NF-1016,iphone15pro,2852,1811,806,58,project_train,2852,1811,806,58,True,True,True
test/attack/digital_3/iphone15pro/portugal-NF-1022.jpg,portugal-NF-1022,iphone15pro,2844,1812,804,60,project_train,2844,1812,804,60,True,True,True
test/attack/digital_3/iphone15pro/portugal-NF-1024.jpg,portugal-NF-1024,iphone15pro,2852,1812,806,58,project_train,2852,1812,806,58,True,True,True
test/attack/digital_3/iphone15pro/portugal-NF-1026.jpg,portugal-NF-1026,iphone15pro,2852,1808,808,56,project_train,2852,1808,808,56,True,True,True
test/attack/digital_3/iphone15pro/portugal-NF-1041.jpg,portugal-NF-1041,iphone15pro,2851,1806,808,56,project_train,2851,1806,808,56,True,True,True
test/attack/digital_3/iphone15pro/portugal-NF-1060.jpg,portugal-NF-1060,iphone15pro,2867,1795,818,46,dev_val,2867,1795,818,46,True,True,True
test/attack/digital_3/iphone15pro/portugal-NF-1066.jpg,portugal-NF-1066,iphone15pro,2639,1613,838,26,dev_val,2639,1613,838,26,True,True,True
test/attack/digital_3/iphone15pro/portugal-NF-1083.jpg,portugal-NF-1083,iphone15pro,2634,1617,834,30,project_train,2634,1617,834,30,True,True,True
test/attack/digital_3/iphone15pro/portugal-NF-1086.jpg,portugal-NF-1086,iphone15pro,2855,1780,821,43,project_train,2855,1780,821,43,True,True,True
test/attack/digital_3/iphone15pro/portugal-NF-1105.jpg,portugal-NF-1105,iphone15pro,2850,1802,810,54,project_train,2850,1802,810,54,True,True,True
test/attack/digital_3/iphone15pro/portugal-NF-1107.jpg,portugal-NF-1107,iphone15pro,2842,1803,807,57,project_train,2842,1803,807,57,True,True,True
test/attack/digital_3/iphone15pro/portugal-NF-1109.jpg,portugal-NF-1109,iphone15pro,2841,1810,804,60,dev_val,2841,1810,804,60,True,True,True
test/attack/digital_3/iphone15pro/portugal-NM-1091.jpg,portugal-NM-1091,iphone15pro,2835,1794,809,55,project_train,2835,1794,809,55,True,True,True
test/attack/digital_3/iphone15pro/portugal-NM-1102.jpg,portugal-NM-1102,iphone15pro,2842,1801,808,56,project_train,2842,1801,808,56,True,True,True
test/attack/digital_3/iphone15pro/russian-002_03.jpg,russian-002_03,iphone15pro,2832,1802,805,59,project_train,2832,1802,805,59,True,True,True
test/attack/digital_3/iphone15pro/russian-027_03.jpg,russian-027_03,iphone15pro,2839,1798,808,56,project_train,2839,1798,808,56,True,True,True
test/attack/digital_3/iphone15pro/russian-062_03.jpg,russian-062_03,iphone15pro,2825,1803,802,62,dev_val,2825,1803,802,62,True,True,True
test/attack/digital_3/iphone15pro/russian-082_03.jpg,russian-082_03,iphone15pro,2830,1798,806,58,project_train,2830,1798,806,58,True,True,True
test/attack/digital_3/iphone15pro/russian-123_03.jpg,russian-123_03,iphone15pro,2819,1789,807,57,project_train,2819,1789,807,57,True,True,True
test/attack/digital_3/iphone15pro/russian-132_03.jpg,russian-132_03,iphone15pro,2817,1797,803,61,dev_val,2817,1797,803,61,True,True,True
test/attack/digital_3/iphone15pro/russian-140_03.jpg,russian-140_03,iphone15pro,2753,1705,827,37,project_train,2753,1705,827,37,True,True,True
test/attack/digital_3/iphone15pro/russian-141_03.jpg,russian-141_03,iphone15pro,2831,1791,809,55,project_train,2831,1791,809,55,True,True,True
test/attack/digital_3/iphone15pro/russian-NF-1013.jpg,russian-NF-1013,iphone15pro,2803,1785,804,60,project_train,2803,1785,804,60,True,True,True
test/attack/digital_3/iphone15pro/russian-NF-1028.jpg,russian-NF-1028,iphone15pro,2820,1798,803,61,project_train,2820,1798,803,61,True,True,True
test/attack/digital_3/iphone15pro/russian-NF-1069.jpg,russian-NF-1069,iphone15pro,2840,1804,806,58,project_train,2840,1804,806,58,True,True,True
test/attack/digital_3/iphone15pro/russian-NF-1080.jpg,russian-NF-1080,iphone15pro,2632,1620,832,32,project_train,2632,1620,832,32,True,True,True
test/attack/digital_3/iphone15pro/russian-NF-1081.jpg,russian-NF-1081,iphone15pro,2832,1798,806,58,project_train,2832,1798,806,58,True,True,True
test/attack/digital_3/iphone15pro/russian-NF-1089.jpg,russian-NF-1089,iphone15pro,2828,1798,805,59,dev_val,2828,1798,805,59,True,True,True
test/attack/digital_3/iphone15pro/russian-NF-1099.jpg,russian-NF-1099,iphone15pro,2636,1620,833,31,dev_val,2636,1620,833,31,True,True,True
test/attack/digital_3/iphone15pro/russian-NM-1027.jpg,russian-NM-1027,iphone15pro,2829,1791,809,55,project_train,2829,1791,809,55,True,True,True
test/attack/digital_3/iphone15pro/turkiye-008_03.jpg,turkiye-008_03,iphone15pro,2823,1784,810,54,project_train,2823,1784,810,54,True,True,True
test/attack/digital_3/iphone15pro/turkiye-031_03.jpg,turkiye-031_03,iphone15pro,2827,1796,806,58,project_train,2827,1796,806,58,True,True,True
test/attack/digital_3/iphone15pro/turkiye-032_03.jpg,turkiye-032_03,iphone15pro,2825,1794,806,58,dev_val,2825,1794,806,58,True,True,True
test/attack/digital_3/iphone15pro/turkiye-036_03.jpg,turkiye-036_03,iphone15pro,2815,1784,808,56,project_train,2815,1784,808,56,True,True,True
test/attack/digital_3/iphone15pro/turkiye-041_03.jpg,turkiye-041_03,iphone15pro,2817,1788,807,57,project_train,2817,1788,807,57,True,True,True
test/attack/digital_3/iphone15pro/turkiye-083_03.jpg,turkiye-083_03,iphone15pro,2831,1791,809,55,project_train,2831,1791,809,55,True,True,True
test/attack/digital_3/iphone15pro/turkiye-086_03.jpg,turkiye-086_03,iphone15pro,2824,1799,804,60,project_train,2824,1799,804,60,True,True,True
test/attack/digital_3/iphone15pro/turkiye-092_03.jpg,turkiye-092_03,iphone15pro,2632,1609,838,26,project_train,2632,1609,838,26,True,True,True
test/attack/digital_3/iphone15pro/turkiye-101_03.jpg,turkiye-101_03,iphone15pro,2818,1790,806,58,dev_val,2818,1790,806,58,True,True,True
test/attack/digital_3/iphone15pro/turkiye-104_03.jpg,turkiye-104_03,iphone15pro,2811,1787,805,59,dev_val,2811,1787,805,59,True,True,True
test/attack/digital_3/iphone15pro/turkiye-115_03.jpg,turkiye-115_03,iphone15pro,2807,1780,807,57,dev_val,2807,1780,807,57,True,True,True
test/attack/digital_3/iphone15pro/turkiye-121_03.jpg,turkiye-121_03,iphone15pro,2633,1613,836,28,project_train,2633,1613,836,28,True,True,True
test/attack/digital_3/iphone15pro/turkiye-126_03.jpg,turkiye-126_03,iphone15pro,2824,1804,801,63,project_train,2824,1804,801,63,True,True,True
test/attack/digital_3/iphone15pro/turkiye-127_03.jpg,turkiye-127_03,iphone15pro,2804,1786,804,60,project_train,2804,1786,804,60,True,True,True
test/attack/digital_3/iphone15pro/turkiye-129_03.jpg,turkiye-129_03,iphone15pro,2852,1780,820,44,project_train,2852,1780,820,44,True,True,True
test/attack/digital_3/iphone15pro/turkiye-130_03.jpg,turkiye-130_03,iphone15pro,2828,1795,807,57,project_train,2828,1795,807,57,True,True,True
test/attack/digital_3/iphone15pro/turkiye-138_03.jpg,turkiye-138_03,iphone15pro,2642,1616,837,27,project_train,2642,1616,837,27,True,True,True
test/attack/digital_3/iphone15pro/turkiye-NF-1002.jpg,turkiye-NF-1002,iphone15pro,2815,1793,804,60,dev_val,2815,1793,804,60,True,True,True
test/attack/digital_3/iphone15pro/turkiye-NF-1008.jpg,turkiye-NF-1008,iphone15pro,2641,1611,839,25,project_train,2641,1611,839,25,True,True,True
test/attack/digital_3/iphone15pro/turkiye-NF-1054.jpg,turkiye-NF-1054,iphone15pro,2630,1611,836,28,project_train,2630,1611,836,28,True,True,True
test/attack/digital_3/iphone15pro/turkiye-NF-1103.jpg,turkiye-NF-1103,iphone15pro,2824,1790,808,56,project_train,2824,1790,808,56,True,True,True
test/attack/digital_3/iphone15pro/turkiye-NM-1011.jpg,turkiye-NM-1011,iphone15pro,2634,1605,840,24,project_train,2634,1605,840,24,True,True,True
test/attack/digital_3/iphone15pro/turkiye-NM-1019.jpg,turkiye-NM-1019,iphone15pro,2639,1614,837,27,project_train,2639,1614,837,27,True,True,True
test/attack/digital_3/iphone15pro/turkiye-NM-1033.jpg,turkiye-NM-1033,iphone15pro,2816,1800,801,63,project_train,2816,1800,801,63,True,True,True
test/attack/digital_3/iphone15pro/turkiye-NM-1055.jpg,turkiye-NM-1055,iphone15pro,2819,1799,802,62,dev_val,2819,1799,802,62,True,True,True
test/attack/digital_3/iphone15pro/ukraine-006_03.jpg,ukraine-006_03,iphone15pro,2811,1796,801,63,project_train,2811,1796,801,63,True,True,True
test/attack/digital_3/iphone15pro/ukraine-007_03.jpg,ukraine-007_03,iphone15pro,2817,1802,800,64,project_train,2817,1802,800,64,True,True,True
test/attack/digital_3/iphone15pro/ukraine-025_03.jpg,ukraine-025_03,iphone15pro,2820,1791,806,58,dev_val,2820,1791,806,58,True,True,True
test/attack/digital_3/iphone15pro/ukraine-030_03.jpg,ukraine-030_03,iphone15pro,2815,1804,799,65,project_train,2815,1804,799,65,True,True,True
test/attack/digital_3/iphone15pro/ukraine-103_03.jpg,ukraine-103_03,iphone15pro,2821,1794,805,59,project_train,2821,1794,805,59,True,True,True
test/attack/digital_3/iphone15pro/ukraine-NF-1005.jpg,ukraine-NF-1005,iphone15pro,2816,1800,801,63,project_train,2816,1800,801,63,True,True,True
test/attack/digital_3/iphone15pro/ukraine-NF-1015.jpg,ukraine-NF-1015,iphone15pro,2818,1801,801,63,project_train,2818,1801,801,63,True,True,True
test/attack/digital_3/iphone15pro/ukraine-NF-1021.jpg,ukraine-NF-1021,iphone15pro,2821,1786,809,55,project_train,2821,1786,809,55,True,True,True
test/attack/digital_3/iphone15pro/ukraine-NF-1032.jpg,ukraine-NF-1032,iphone15pro,2822,1805,800,64,project_train,2822,1805,800,64,True,True,True
test/attack/digital_3/iphone15pro/ukraine-NF-1057.jpg,ukraine-NF-1057,iphone15pro,2642,1608,841,23,project_train,2642,1608,841,23,True,True,True
test/attack/digital_3/iphone15pro/ukraine-NF-1068.jpg,ukraine-NF-1068,iphone15pro,2828,1799,805,59,dev_val,2828,1799,805,59,True,True,True
test/attack/digital_3/iphone15pro/ukraine-NF-1073.jpg,ukraine-NF-1073,iphone15pro,2821,1795,805,59,dev_val,2821,1795,805,59,True,True,True
test/attack/digital_3/iphone15pro/ukraine-NF-1077.jpg,ukraine-NF-1077,iphone15pro,2828,1799,805,59,project_train,2828,1799,805,59,True,True,True
test/attack/digital_3/iphone15pro/ukraine-NF-1084.jpg,ukraine-NF-1084,iphone15pro,2823,1792,807,57,project_train,2823,1792,807,57,True,True,True
test/attack/digital_3/iphone15pro/ukraine-NF-1087.jpg,ukraine-NF-1087,iphone15pro,2826,1794,807,57,project_train,2826,1794,807,57,True,True,True
test/attack/digital_3/iphone15pro/ukraine-NF-1106.jpg,ukraine-NF-1106,iphone15pro,2832,1776,816,48,dev_val,2832,1776,816,48,True,True,True
test/attack/digital_3/iphone15pro/ukraine-NM-1007.jpg,ukraine-NM-1007,iphone15pro,2636,1610,838,26,project_train,2636,1610,838,26,True,True,True
test/attack/digital_3/iphone15pro/usa-009_03.jpg,usa-009_03,iphone15pro,2819,1793,805,59,project_train,2819,1793,805,59,True,True,True
test/attack/digital_3/iphone15pro/usa-011_03.jpg,usa-011_03,iphone15pro,2821,1796,804,60,project_train,2821,1796,804,60,True,True,True
test/attack/digital_3/iphone15pro/usa-016_03.jpg,usa-016_03,iphone15pro,2827,1787,810,54,project_train,2827,1787,810,54,True,True,True
test/attack/digital_3/iphone15pro/usa-034_03.jpg,usa-034_03,iphone15pro,2810,1794,802,62,dev_val,2810,1794,802,62,True,True,True
test/attack/digital_3/iphone15pro/usa-043_03.jpg,usa-043_03,iphone15pro,2811,1787,805,59,project_train,2811,1787,805,59,True,True,True
test/attack/digital_3/iphone15pro/usa-063_03.jpg,usa-063_03,iphone15pro,2810,1793,802,62,project_train,2810,1793,802,62,True,True,True
test/attack/digital_3/iphone15pro/usa-067_03.jpg,usa-067_03,iphone15pro,2633,1607,839,25,dev_val,2633,1607,839,25,True,True,True
test/attack/digital_3/iphone15pro/usa-117_03.jpg,usa-117_03,iphone15pro,2819,1791,806,58,project_train,2819,1791,806,58,True,True,True
test/attack/digital_3/iphone15pro/usa-134_03.jpg,usa-134_03,iphone15pro,2813,1794,803,61,project_train,2813,1794,803,61,True,True,True
test/attack/digital_3/iphone15pro/usa-136_03.jpg,usa-136_03,iphone15pro,2815,1785,807,57,project_train,2815,1785,807,57,True,True,True
test/attack/digital_3/iphone15pro/usa-137_03.jpg,usa-137_03,iphone15pro,2807,1789,803,61,project_train,2807,1789,803,61,True,True,True
test/attack/digital_3/iphone15pro/usa-NF-1004.jpg,usa-NF-1004,iphone15pro,2808,1798,800,64,project_train,2808,1798,800,64,True,True,True
test/attack/digital_3/iphone15pro/usa-NF-1009.jpg,usa-NF-1009,iphone15pro,2797,1779,805,59,project_train,2797,1779,805,59,True,True,True
test/attack/digital_3/iphone15pro/usa-NF-1017.jpg,usa-NF-1017,iphone15pro,2811,1791,804,60,project_train,2811,1791,804,60,True,True,True
test/attack/digital_3/iphone15pro/usa-NF-1036.jpg,usa-NF-1036,iphone15pro,2807,1800,798,66,dev_val,2807,1800,798,66,True,True,True
test/attack/digital_3/iphone15pro/usa-NF-1044.jpg,usa-NF-1044,iphone15pro,2807,1796,800,64,project_train,2807,1796,800,64,True,True,True
test/attack/digital_3/iphone15pro/usa-NF-1046.jpg,usa-NF-1046,iphone15pro,2832,1796,807,57,project_train,2832,1796,807,57,True,True,True
test/attack/digital_3/iphone15pro/usa-NF-1051.jpg,usa-NF-1051,iphone15pro,2809,1793,802,62,project_train,2809,1793,802,62,True,True,True
test/attack/digital_3/iphone15pro/usa-NF-1062.jpg,usa-NF-1062,iphone15pro,2832,1808,802,62,project_train,2832,1808,802,62,True,True,True
test/attack/digital_3/iphone15pro/usa-NF-1065.jpg,usa-NF-1065,iphone15pro,2647,1611,841,23,dev_val,2647,1611,841,23,True,True,True
test/attack/digital_3/iphone15pro/usa-NF-1071.jpg,usa-NF-1071,iphone15pro,2849,1787,816,48,project_train,2849,1787,816,48,True,True,True
test/attack/digital_3/iphone15pro/usa-NF-1076.jpg,usa-NF-1076,iphone15pro,2824,1808,800,64,dev_val,2824,1808,800,64,True,True,True
test/attack/digital_3/iphone15pro/usa-NF-1093.jpg,usa-NF-1093,iphone15pro,2652,1613,842,22,project_train,2652,1613,842,22,True,True,True
test/attack/digital_3/iphone15pro/usa-NF-1094.jpg,usa-NF-1094,iphone15pro,2820,1807,799,65,project_train,2820,1807,799,65,True,True,True
test/attack/digital_3/iphone15pro/usa-NM-1038.jpg,usa-NM-1038,iphone15pro,2650,1617,839,25,dev_val,2650,1617,839,25,True,True,True
test/attack/digital_3/iphone15pro/usa-NM-1052.jpg,usa-NM-1052,iphone15pro,2836,1809,803,61,project_train,2836,1809,803,61,True,True,True
test/attack/digital_3/scan/arabic-003_03.jpg,arabic-003_03,scan,2001,1244,824,40,project_train,2001,1244,824,40,True,True,True
test/attack/digital_3/scan/arabic-005_03.jpg,arabic-005_03,scan,2001,1248,821,43,project_train,2001,1248,821,43,True,True,True
test/attack/digital_3/scan/arabic-024_03.jpg,arabic-024_03,scan,2003,1244,824,40,dev_val,2003,1244,824,40,True,True,True
test/attack/digital_3/scan/arabic-112_03.jpg,arabic-112_03,scan,1999,1244,823,41,project_train,1999,1244,823,41,True,True,True
test/attack/digital_3/scan/arabic-120_03.jpg,arabic-120_03,scan,1992,1249,817,47,dev_val,1992,1249,817,47,True,True,True
test/attack/digital_3/scan/arabic-131_03.jpg,arabic-131_03,scan,1998,1247,820,44,project_train,1998,1247,820,44,True,True,True
test/attack/digital_3/scan/arabic-139_03.jpg,arabic-139_03,scan,1999,1247,821,43,project_train,1999,1247,821,43,True,True,True
test/attack/digital_3/scan/arabic-173_03.jpg,arabic-173_03,scan,2001,1251,819,45,project_train,2001,1251,819,45,True,True,True
test/attack/digital_3/scan/arabic-NF-1003.jpg,arabic-NF-1003,scan,2001,1244,824,40,project_train,2001,1244,824,40,True,True,True
test/attack/digital_3/scan/arabic-NF-1012.jpg,arabic-NF-1012,scan,1998,1243,823,41,project_train,1998,1243,823,41,True,True,True
test/attack/digital_3/scan/arabic-NF-1030.jpg,arabic-NF-1030,scan,1994,1247,819,45,project_train,1994,1247,819,45,True,True,True
test/attack/digital_3/scan/arabic-NF-1037.jpg,arabic-NF-1037,scan,1998,1248,820,44,project_train,1998,1248,820,44,True,True,True
test/attack/digital_3/scan/arabic-NF-1040.jpg,arabic-NF-1040,scan,2000,1247,821,43,project_train,2000,1247,821,43,True,True,True
test/attack/digital_3/scan/arabic-NF-1045.jpg,arabic-NF-1045,scan,1998,1255,815,49,project_train,1998,1255,815,49,True,True,True
test/attack/digital_3/scan/arabic-NF-1048.jpg,arabic-NF-1048,scan,2005,1248,823,41,dev_val,2005,1248,823,41,True,True,True
test/attack/digital_3/scan/arabic-NF-1049.jpg,arabic-NF-1049,scan,1999,1245,822,42,project_train,1999,1245,822,42,True,True,True
test/attack/digital_3/scan/arabic-NF-1053.jpg,arabic-NF-1053,scan,1998,1243,823,41,project_train,1998,1243,823,41,True,True,True
test/attack/digital_3/scan/arabic-NF-1098.jpg,arabic-NF-1098,scan,2000,1248,821,43,dev_val,2000,1248,821,43,True,True,True
test/attack/digital_3/scan/arabic-NF-1100.jpg,arabic-NF-1100,scan,1998,1250,818,46,project_train,1998,1250,818,46,True,True,True
test/attack/digital_3/scan/arabic-NM-1029.jpg,arabic-NM-1029,scan,1998,1250,818,46,project_train,1998,1250,818,46,True,True,True
test/attack/digital_3/scan/arabic-NM-1064.jpg,arabic-NM-1064,scan,2003,1246,823,41,project_train,2003,1246,823,41,True,True,True
test/attack/digital_3/scan/arabic-NM-1090.jpg,arabic-NM-1090,scan,1993,1249,817,47,dev_val,1993,1249,817,47,True,True,True
test/attack/digital_3/scan/chinese-001_03.jpg,chinese-001_03,scan,1991,1248,817,47,dev_val,1991,1248,817,47,True,True,True
test/attack/digital_3/scan/chinese-018_03.jpg,chinese-018_03,scan,1996,1247,820,44,project_train,1996,1247,820,44,True,True,True
test/attack/digital_3/scan/chinese-020_03.jpg,chinese-020_03,scan,1994,1251,816,48,project_train,1994,1251,816,48,True,True,True
test/attack/digital_3/scan/chinese-039_03.jpg,chinese-039_03,scan,1992,1253,814,50,project_train,1992,1253,814,50,True,True,True
test/attack/digital_3/scan/chinese-064_03.jpg,chinese-064_03,scan,1991,1252,814,50,project_train,1991,1252,814,50,True,True,True
test/attack/digital_3/scan/chinese-081_03.jpg,chinese-081_03,scan,1997,1253,816,48,project_train,1997,1253,816,48,True,True,True
test/attack/digital_3/scan/chinese-096_03.jpg,chinese-096_03,scan,1995,1251,816,48,project_train,1995,1251,816,48,True,True,True
test/attack/digital_3/scan/chinese-099_03.jpg,chinese-099_03,scan,1992,1251,815,49,project_train,1992,1251,815,49,True,True,True
test/attack/digital_3/scan/chinese-102_03.jpg,chinese-102_03,scan,1995,1250,817,47,project_train,1995,1250,817,47,True,True,True
test/attack/digital_3/scan/chinese-107_03.jpg,chinese-107_03,scan,1991,1249,816,48,project_train,1991,1249,816,48,True,True,True
test/attack/digital_3/scan/chinese-113_03.jpg,chinese-113_03,scan,1990,1250,815,49,dev_val,1990,1250,815,49,True,True,True
test/attack/digital_3/scan/chinese-142_03.jpg,chinese-142_03,scan,1996,1250,818,46,dev_val,1996,1250,818,46,True,True,True
test/attack/digital_3/scan/chinese-NF-1014.jpg,chinese-NF-1014,scan,1991,1251,815,49,project_train,1991,1251,815,49,True,True,True
test/attack/digital_3/scan/chinese-NF-1023.jpg,chinese-NF-1023,scan,1993,1251,816,48,project_train,1993,1251,816,48,True,True,True
test/attack/digital_3/scan/chinese-NF-1042.jpg,chinese-NF-1042,scan,1997,1251,817,47,project_train,1997,1251,817,47,True,True,True
test/attack/digital_3/scan/chinese-NF-1050.jpg,chinese-NF-1050,scan,1993,1247,818,46,dev_val,1993,1247,818,46,True,True,True
test/attack/digital_3/scan/chinese-NF-1059.jpg,chinese-NF-1059,scan,1994,1248,818,46,project_train,1994,1248,818,46,True,True,True
test/attack/digital_3/scan/chinese-NF-1067.jpg,chinese-NF-1067,scan,1997,1247,820,44,project_train,1997,1247,820,44,True,True,True
test/attack/digital_3/scan/chinese-NF-1072.jpg,chinese-NF-1072,scan,1996,1249,818,46,project_train,1996,1249,818,46,True,True,True
test/attack/digital_3/scan/chinese-NF-1085.jpg,chinese-NF-1085,scan,1994,1251,816,48,dev_val,1994,1251,816,48,True,True,True
test/attack/digital_3/scan/chinese-NF-1088.jpg,chinese-NF-1088,scan,1995,1247,819,45,project_train,1995,1247,819,45,True,True,True
test/attack/digital_3/scan/chinese-NF-1101.jpg,chinese-NF-1101,scan,1998,1245,822,42,project_train,1998,1245,822,42,True,True,True
test/attack/digital_3/scan/chinese-NM-1092.jpg,chinese-NM-1092,scan,1997,1244,822,42,dev_val,1997,1244,822,42,True,True,True
test/attack/digital_3/scan/french-019_03.jpg,french-019_03,scan,1996,1244,822,42,dev_val,1996,1244,822,42,True,True,True
test/attack/digital_3/scan/french-022_03.jpg,french-022_03,scan,1991,1247,817,47,project_train,1991,1247,817,47,True,True,True
test/attack/digital_3/scan/french-033_03.jpg,french-033_03,scan,1998,1247,820,44,project_train,1998,1247,820,44,True,True,True
test/attack/digital_3/scan/french-044_03.jpg,french-044_03,scan,1997,1247,820,44,project_train,1997,1247,820,44,True,True,True
test/attack/digital_3/scan/french-068_03.jpg,french-068_03,scan,1994,1250,817,47,project_train,1994,1250,817,47,True,True,True
test/attack/digital_3/scan/french-090_03.jpg,french-090_03,scan,1996,1249,818,46,project_train,1996,1249,818,46,True,True,True
test/attack/digital_3/scan/french-091_03.jpg,french-091_03,scan,1994,1247,819,45,project_train,1994,1247,819,45,True,True,True
test/attack/digital_3/scan/french-097_03.jpg,french-097_03,scan,1990,1252,814,50,project_train,1990,1252,814,50,True,True,True
test/attack/digital_3/scan/french-100_03.jpg,french-100_03,scan,1997,1248,819,45,project_train,1997,1248,819,45,True,True,True
test/attack/digital_3/scan/french-114_03.jpg,french-114_03,scan,1995,1250,817,47,dev_val,1995,1250,817,47,True,True,True
test/attack/digital_3/scan/french-118_03.jpg,french-118_03,scan,1996,1247,820,44,project_train,1996,1247,820,44,True,True,True
test/attack/digital_3/scan/french-124_03.jpg,french-124_03,scan,1996,1249,818,46,dev_val,1996,1249,818,46,True,True,True
test/attack/digital_3/scan/french-128_03.jpg,french-128_03,scan,1994,1247,819,45,dev_val,1994,1247,819,45,True,True,True
test/attack/digital_3/scan/french-135_03.jpg,french-135_03,scan,1997,1247,820,44,project_train,1997,1247,820,44,True,True,True
test/attack/digital_3/scan/french-NF-1020.jpg,french-NF-1020,scan,1996,1252,816,48,project_train,1996,1252,816,48,True,True,True
test/attack/digital_3/scan/french-NF-1047.jpg,french-NF-1047,scan,1998,1247,820,44,dev_val,1998,1247,820,44,True,True,True
test/attack/digital_3/scan/french-NF-1056.jpg,french-NF-1056,scan,1997,1247,820,44,project_train,1997,1247,820,44,True,True,True
test/attack/digital_3/scan/french-NF-1063.jpg,french-NF-1063,scan,1993,1248,818,46,project_train,1993,1248,818,46,True,True,True
test/attack/digital_3/scan/french-NF-1082.jpg,french-NF-1082,scan,1994,1245,820,44,dev_val,1994,1245,820,44,True,True,True
test/attack/digital_3/scan/french-NF-1095.jpg,french-NF-1095,scan,1997,1247,820,44,project_train,1997,1247,820,44,True,True,True
test/attack/digital_3/scan/french-NF-1110.jpg,french-NF-1110,scan,1994,1249,817,47,project_train,1994,1249,817,47,True,True,True
test/attack/digital_3/scan/french-NM-1070.jpg,french-NM-1070,scan,1996,1250,818,46,project_train,1996,1250,818,46,True,True,True
test/attack/digital_3/scan/french-NM-1104.jpg,french-NM-1104,scan,1997,1249,819,45,project_train,1997,1249,819,45,True,True,True
test/attack/digital_3/scan/indian-012_03.jpg,indian-012_03,scan,1993,1255,813,51,project_train,1993,1255,813,51,True,True,True
test/attack/digital_3/scan/indian-014_03.jpg,indian-014_03,scan,1997,1249,819,45,dev_val,1997,1249,819,45,True,True,True
test/attack/digital_3/scan/indian-021_03.jpg,indian-021_03,scan,1992,1249,817,47,dev_val,1992,1249,817,47,True,True,True
test/attack/digital_3/scan/indian-037_03.jpg,indian-037_03,scan,1992,1250,816,48,project_train,1992,1250,816,48,True,True,True
test/attack/digital_3/scan/indian-038_03.jpg,indian-038_03,scan,1992,1247,818,46,project_train,1992,1247,818,46,True,True,True
test/attack/digital_3/scan/indian-094_03.jpg,indian-094_03,scan,1992,1247,818,46,project_train,1992,1247,818,46,True,True,True
test/attack/digital_3/scan/indian-108_03.jpg,indian-108_03,scan,1996,1253,816,48,project_train,1996,1253,816,48,True,True,True
test/attack/digital_3/scan/indian-NF-1006.jpg,indian-NF-1006,scan,1994,1249,817,47,project_train,1994,1249,817,47,True,True,True
test/attack/digital_3/scan/indian-NF-1025.jpg,indian-NF-1025,scan,1995,1249,818,46,project_train,1995,1249,818,46,True,True,True
test/attack/digital_3/scan/indian-NF-1039.jpg,indian-NF-1039,scan,1994,1248,818,46,project_train,1994,1248,818,46,True,True,True
test/attack/digital_3/scan/indian-NF-1061.jpg,indian-NF-1061,scan,1995,1246,820,44,dev_val,1995,1246,820,44,True,True,True
test/attack/digital_3/scan/indian-NF-1075.jpg,indian-NF-1075,scan,1992,1249,817,47,project_train,1992,1249,817,47,True,True,True
test/attack/digital_3/scan/indian-NF-1096.jpg,indian-NF-1096,scan,1992,1254,813,51,project_train,1992,1254,813,51,True,True,True
test/attack/digital_3/scan/indian-NM-1058.jpg,indian-NM-1058,scan,1999,1246,821,43,project_train,1999,1246,821,43,True,True,True
test/attack/digital_3/scan/persian-010_03.jpg,persian-010_03,scan,1992,1253,814,50,project_train,1992,1253,814,50,True,True,True
test/attack/digital_3/scan/persian-045_03.jpg,persian-045_03,scan,1999,1245,822,42,project_train,1999,1245,822,42,True,True,True
test/attack/digital_3/scan/persian-069_03.jpg,persian-069_03,scan,1994,1250,817,47,project_train,1994,1250,817,47,True,True,True
test/attack/digital_3/scan/persian-087_03.jpg,persian-087_03,scan,1993,1249,817,47,project_train,1993,1249,817,47,True,True,True
test/attack/digital_3/scan/persian-122_03.jpg,persian-122_03,scan,1992,1250,816,48,project_train,1992,1250,816,48,True,True,True
test/attack/digital_3/scan/persian-144_03.jpg,persian-144_03,scan,1997,1248,819,45,dev_val,1997,1248,819,45,True,True,True
test/attack/digital_3/scan/persian-NF-1001.jpg,persian-NF-1001,scan,1995,1253,815,49,project_train,1995,1253,815,49,True,True,True
test/attack/digital_3/scan/persian-NF-1018.jpg,persian-NF-1018,scan,1998,1247,820,44,dev_val,1998,1247,820,44,True,True,True
test/attack/digital_3/scan/persian-NF-1031.jpg,persian-NF-1031,scan,1994,1249,817,47,project_train,1994,1249,817,47,True,True,True
test/attack/digital_3/scan/persian-NF-1034.jpg,persian-NF-1034,scan,1993,1247,818,46,project_train,1993,1247,818,46,True,True,True
test/attack/digital_3/scan/persian-NF-1043.jpg,persian-NF-1043,scan,1993,1251,816,48,project_train,1993,1251,816,48,True,True,True
test/attack/digital_3/scan/persian-NF-1079.jpg,persian-NF-1079,scan,1998,1251,818,46,project_train,1998,1251,818,46,True,True,True
test/attack/digital_3/scan/persian-NF-1097.jpg,persian-NF-1097,scan,1999,1246,821,43,dev_val,1999,1246,821,43,True,True,True
test/attack/digital_3/scan/persian-NF-1108.jpg,persian-NF-1108,scan,1996,1249,818,46,project_train,1996,1249,818,46,True,True,True
test/attack/digital_3/scan/persian-NM-1010.jpg,persian-NM-1010,scan,1991,1253,814,50,project_train,1991,1253,814,50,True,True,True
test/attack/digital_3/scan/persian-NM-1035.jpg,persian-NM-1035,scan,1994,1247,819,45,dev_val,1994,1247,819,45,True,True,True
test/attack/digital_3/scan/persian-NM-1074.jpg,persian-NM-1074,scan,1996,1245,821,43,project_train,1996,1245,821,43,True,True,True
test/attack/digital_3/scan/portugal-004_03.jpg,portugal-004_03,scan,1995,1251,816,48,project_train,1995,1251,816,48,True,True,True
test/attack/digital_3/scan/portugal-013_03.jpg,portugal-013_03,scan,1998,1244,822,42,dev_val,1998,1244,822,42,True,True,True
test/attack/digital_3/scan/portugal-017_03.jpg,portugal-017_03,scan,1992,1250,816,48,dev_val,1992,1250,816,48,True,True,True
test/attack/digital_3/scan/portugal-026_03.jpg,portugal-026_03,scan,1993,1246,819,45,project_train,1993,1246,819,45,True,True,True
test/attack/digital_3/scan/portugal-029_03.jpg,portugal-029_03,scan,1992,1247,818,46,dev_val,1992,1247,818,46,True,True,True
test/attack/digital_3/scan/portugal-042_03.jpg,portugal-042_03,scan,1997,1251,817,47,project_train,1997,1251,817,47,True,True,True
test/attack/digital_3/scan/portugal-061_03.jpg,portugal-061_03,scan,1998,1246,821,43,project_train,1998,1246,821,43,True,True,True
test/attack/digital_3/scan/portugal-066_03.jpg,portugal-066_03,scan,1997,1247,820,44,project_train,1997,1247,820,44,True,True,True
test/attack/digital_3/scan/portugal-070_03.jpg,portugal-070_03,scan,1996,1250,818,46,project_train,1996,1250,818,46,True,True,True
test/attack/digital_3/scan/portugal-105_03.jpg,portugal-105_03,scan,1992,1248,817,47,project_train,1992,1248,817,47,True,True,True
test/attack/digital_3/scan/portugal-119_03.jpg,portugal-119_03,scan,1992,1248,817,47,dev_val,1992,1248,817,47,True,True,True
test/attack/digital_3/scan/portugal-125_03.jpg,portugal-125_03,scan,1999,1245,822,42,project_train,1999,1245,822,42,True,True,True
test/attack/digital_3/scan/portugal-143_03.jpg,portugal-143_03,scan,1995,1247,819,45,project_train,1995,1247,819,45,True,True,True
test/attack/digital_3/scan/portugal-172_03.jpg,portugal-172_03,scan,1995,1252,816,48,project_train,1995,1252,816,48,True,True,True
test/attack/digital_3/scan/portugal-NF-1016.jpg,portugal-NF-1016,scan,1990,1250,815,49,project_train,1990,1250,815,49,True,True,True
test/attack/digital_3/scan/portugal-NF-1022.jpg,portugal-NF-1022,scan,1995,1245,820,44,project_train,1995,1245,820,44,True,True,True
test/attack/digital_3/scan/portugal-NF-1024.jpg,portugal-NF-1024,scan,1990,1253,813,51,project_train,1990,1253,813,51,True,True,True
test/attack/digital_3/scan/portugal-NF-1026.jpg,portugal-NF-1026,scan,1995,1257,813,51,project_train,1995,1257,813,51,True,True,True
test/attack/digital_3/scan/portugal-NF-1041.jpg,portugal-NF-1041,scan,1998,1246,821,43,project_train,1998,1246,821,43,True,True,True
test/attack/digital_3/scan/portugal-NF-1060.jpg,portugal-NF-1060,scan,1995,1248,818,46,dev_val,1995,1248,818,46,True,True,True
test/attack/digital_3/scan/portugal-NF-1066.jpg,portugal-NF-1066,scan,1995,1246,820,44,dev_val,1995,1246,820,44,True,True,True
test/attack/digital_3/scan/portugal-NF-1083.jpg,portugal-NF-1083,scan,1995,1246,820,44,project_train,1995,1246,820,44,True,True,True
test/attack/digital_3/scan/portugal-NF-1086.jpg,portugal-NF-1086,scan,1993,1249,817,47,project_train,1993,1249,817,47,True,True,True
test/attack/digital_3/scan/portugal-NF-1105.jpg,portugal-NF-1105,scan,1995,1253,815,49,project_train,1995,1253,815,49,True,True,True
test/attack/digital_3/scan/portugal-NF-1107.jpg,portugal-NF-1107,scan,1998,1244,822,42,project_train,1998,1244,822,42,True,True,True
test/attack/digital_3/scan/portugal-NF-1109.jpg,portugal-NF-1109,scan,1995,1250,817,47,dev_val,1995,1250,817,47,True,True,True
test/attack/digital_3/scan/portugal-NM-1091.jpg,portugal-NM-1091,scan,1993,1248,818,46,project_train,1993,1248,818,46,True,True,True
test/attack/digital_3/scan/portugal-NM-1102.jpg,portugal-NM-1102,scan,1991,1250,816,48,project_train,1991,1250,816,48,True,True,True
test/attack/digital_3/scan/russian-002_03.jpg,russian-002_03,scan,1993,1249,817,47,project_train,1993,1249,817,47,True,True,True
test/attack/digital_3/scan/russian-027_03.jpg,russian-027_03,scan,1995,1246,820,44,project_train,1995,1246,820,44,True,True,True
test/attack/digital_3/scan/russian-062_03.jpg,russian-062_03,scan,1995,1247,819,45,dev_val,1995,1247,819,45,True,True,True
test/attack/digital_3/scan/russian-082_03.jpg,russian-082_03,scan,2002,1248,821,43,project_train,2002,1248,821,43,True,True,True
test/attack/digital_3/scan/russian-123_03.jpg,russian-123_03,scan,1998,1250,818,46,project_train,1998,1250,818,46,True,True,True
test/attack/digital_3/scan/russian-132_03.jpg,russian-132_03,scan,1994,1247,819,45,dev_val,1994,1247,819,45,True,True,True
test/attack/digital_3/scan/russian-140_03.jpg,russian-140_03,scan,1996,1250,818,46,project_train,1996,1250,818,46,True,True,True
test/attack/digital_3/scan/russian-141_03.jpg,russian-141_03,scan,1993,1247,818,46,project_train,1993,1247,818,46,True,True,True
test/attack/digital_3/scan/russian-NF-1013.jpg,russian-NF-1013,scan,1993,1248,818,46,project_train,1993,1248,818,46,True,True,True
test/attack/digital_3/scan/russian-NF-1028.jpg,russian-NF-1028,scan,1995,1251,816,48,project_train,1995,1251,816,48,True,True,True
test/attack/digital_3/scan/russian-NF-1069.jpg,russian-NF-1069,scan,2000,1245,822,42,project_train,2000,1245,822,42,True,True,True
test/attack/digital_3/scan/russian-NF-1080.jpg,russian-NF-1080,scan,1998,1247,820,44,project_train,1998,1247,820,44,True,True,True
test/attack/digital_3/scan/russian-NF-1081.jpg,russian-NF-1081,scan,1994,1251,816,48,project_train,1994,1251,816,48,True,True,True
test/attack/digital_3/scan/russian-NF-1089.jpg,russian-NF-1089,scan,1992,1246,819,45,dev_val,1992,1246,819,45,True,True,True
test/attack/digital_3/scan/russian-NF-1099.jpg,russian-NF-1099,scan,1995,1250,817,47,dev_val,1995,1250,817,47,True,True,True
test/attack/digital_3/scan/russian-NM-1027.jpg,russian-NM-1027,scan,1995,1252,816,48,project_train,1995,1252,816,48,True,True,True
test/attack/digital_3/scan/turkiye-008_03.jpg,turkiye-008_03,scan,1990,1249,816,48,project_train,1990,1249,816,48,True,True,True
test/attack/digital_3/scan/turkiye-031_03.jpg,turkiye-031_03,scan,1990,1248,816,48,project_train,1990,1248,816,48,True,True,True
test/attack/digital_3/scan/turkiye-032_03.jpg,turkiye-032_03,scan,1998,1252,817,47,dev_val,1998,1252,817,47,True,True,True
test/attack/digital_3/scan/turkiye-036_03.jpg,turkiye-036_03,scan,1995,1250,817,47,project_train,1995,1250,817,47,True,True,True
test/attack/digital_3/scan/turkiye-041_03.jpg,turkiye-041_03,scan,1998,1246,821,43,project_train,1998,1246,821,43,True,True,True
test/attack/digital_3/scan/turkiye-083_03.jpg,turkiye-083_03,scan,1989,1252,813,51,project_train,1989,1252,813,51,True,True,True
test/attack/digital_3/scan/turkiye-086_03.jpg,turkiye-086_03,scan,1993,1248,818,46,project_train,1993,1248,818,46,True,True,True
test/attack/digital_3/scan/turkiye-092_03.jpg,turkiye-092_03,scan,1995,1247,819,45,project_train,1995,1247,819,45,True,True,True
test/attack/digital_3/scan/turkiye-101_03.jpg,turkiye-101_03,scan,1997,1252,817,47,dev_val,1997,1252,817,47,True,True,True
test/attack/digital_3/scan/turkiye-104_03.jpg,turkiye-104_03,scan,1997,1250,818,46,dev_val,1997,1250,818,46,True,True,True
test/attack/digital_3/scan/turkiye-115_03.jpg,turkiye-115_03,scan,1998,1248,820,44,dev_val,1998,1248,820,44,True,True,True
test/attack/digital_3/scan/turkiye-121_03.jpg,turkiye-121_03,scan,1995,1248,818,46,project_train,1995,1248,818,46,True,True,True
test/attack/digital_3/scan/turkiye-126_03.jpg,turkiye-126_03,scan,1992,1247,818,46,project_train,1992,1247,818,46,True,True,True
test/attack/digital_3/scan/turkiye-127_03.jpg,turkiye-127_03,scan,1994,1246,819,45,project_train,1994,1246,819,45,True,True,True
test/attack/digital_3/scan/turkiye-129_03.jpg,turkiye-129_03,scan,1996,1250,818,46,project_train,1996,1250,818,46,True,True,True
test/attack/digital_3/scan/turkiye-130_03.jpg,turkiye-130_03,scan,1996,1248,819,45,project_train,1996,1248,819,45,True,True,True
test/attack/digital_3/scan/turkiye-138_03.jpg,turkiye-138_03,scan,1995,1250,817,47,project_train,1995,1250,817,47,True,True,True
test/attack/digital_3/scan/turkiye-NF-1002.jpg,turkiye-NF-1002,scan,1993,1250,816,48,dev_val,1993,1250,816,48,True,True,True
test/attack/digital_3/scan/turkiye-NF-1008.jpg,turkiye-NF-1008,scan,1997,1248,819,45,project_train,1997,1248,819,45,True,True,True
test/attack/digital_3/scan/turkiye-NF-1054.jpg,turkiye-NF-1054,scan,1993,1250,816,48,project_train,1993,1250,816,48,True,True,True
test/attack/digital_3/scan/turkiye-NF-1103.jpg,turkiye-NF-1103,scan,1997,1251,817,47,project_train,1997,1251,817,47,True,True,True
test/attack/digital_3/scan/turkiye-NM-1011.jpg,turkiye-NM-1011,scan,1995,1249,818,46,project_train,1995,1249,818,46,True,True,True
test/attack/digital_3/scan/turkiye-NM-1019.jpg,turkiye-NM-1019,scan,1995,1249,818,46,project_train,1995,1249,818,46,True,True,True
test/attack/digital_3/scan/turkiye-NM-1033.jpg,turkiye-NM-1033,scan,1992,1251,815,49,project_train,1992,1251,815,49,True,True,True
test/attack/digital_3/scan/turkiye-NM-1055.jpg,turkiye-NM-1055,scan,1992,1249,817,47,dev_val,1992,1249,817,47,True,True,True
test/attack/digital_3/scan/ukraine-006_03.jpg,ukraine-006_03,scan,1994,1245,820,44,project_train,1994,1245,820,44,True,True,True
test/attack/digital_3/scan/ukraine-007_03.jpg,ukraine-007_03,scan,1991,1253,814,50,project_train,1991,1253,814,50,True,True,True
test/attack/digital_3/scan/ukraine-025_03.jpg,ukraine-025_03,scan,1995,1251,816,48,dev_val,1995,1251,816,48,True,True,True
test/attack/digital_3/scan/ukraine-030_03.jpg,ukraine-030_03,scan,1994,1249,817,47,project_train,1994,1249,817,47,True,True,True
test/attack/digital_3/scan/ukraine-103_03.jpg,ukraine-103_03,scan,2000,1242,824,40,project_train,2000,1242,824,40,True,True,True
test/attack/digital_3/scan/ukraine-NF-1005.jpg,ukraine-NF-1005,scan,1994,1247,819,45,project_train,1994,1247,819,45,True,True,True
test/attack/digital_3/scan/ukraine-NF-1015.jpg,ukraine-NF-1015,scan,1993,1246,819,45,project_train,1993,1246,819,45,True,True,True
test/attack/digital_3/scan/ukraine-NF-1021.jpg,ukraine-NF-1021,scan,1989,1250,815,49,project_train,1989,1250,815,49,True,True,True
test/attack/digital_3/scan/ukraine-NF-1032.jpg,ukraine-NF-1032,scan,1997,1250,818,46,project_train,1997,1250,818,46,True,True,True
test/attack/digital_3/scan/ukraine-NF-1057.jpg,ukraine-NF-1057,scan,1991,1250,816,48,project_train,1991,1250,816,48,True,True,True
test/attack/digital_3/scan/ukraine-NF-1068.jpg,ukraine-NF-1068,scan,1996,1248,819,45,dev_val,1996,1248,819,45,True,True,True
test/attack/digital_3/scan/ukraine-NF-1073.jpg,ukraine-NF-1073,scan,1996,1249,818,46,dev_val,1996,1249,818,46,True,True,True
test/attack/digital_3/scan/ukraine-NF-1077.jpg,ukraine-NF-1077,scan,1989,1249,815,49,project_train,1989,1249,815,49,True,True,True
test/attack/digital_3/scan/ukraine-NF-1084.jpg,ukraine-NF-1084,scan,1991,1249,816,48,project_train,1991,1249,816,48,True,True,True
test/attack/digital_3/scan/ukraine-NF-1087.jpg,ukraine-NF-1087,scan,1994,1252,815,49,project_train,1994,1252,815,49,True,True,True
test/attack/digital_3/scan/ukraine-NF-1106.jpg,ukraine-NF-1106,scan,1996,1247,820,44,dev_val,1996,1247,820,44,True,True,True
test/attack/digital_3/scan/ukraine-NM-1007.jpg,ukraine-NM-1007,scan,1992,1252,815,49,project_train,1992,1252,815,49,True,True,True
test/attack/digital_3/scan/usa-009_03.jpg,usa-009_03,scan,1993,1246,819,45,project_train,1993,1246,819,45,True,True,True
test/attack/digital_3/scan/usa-011_03.jpg,usa-011_03,scan,1999,1251,818,46,project_train,1999,1251,818,46,True,True,True
test/attack/digital_3/scan/usa-016_03.jpg,usa-016_03,scan,1993,1248,818,46,project_train,1993,1248,818,46,True,True,True
test/attack/digital_3/scan/usa-034_03.jpg,usa-034_03,scan,1993,1250,816,48,dev_val,1993,1250,816,48,True,True,True
test/attack/digital_3/scan/usa-043_03.jpg,usa-043_03,scan,1990,1250,815,49,project_train,1990,1250,815,49,True,True,True
test/attack/digital_3/scan/usa-063_03.jpg,usa-063_03,scan,1993,1248,818,46,project_train,1993,1248,818,46,True,True,True
test/attack/digital_3/scan/usa-067_03.jpg,usa-067_03,scan,1997,1248,819,45,dev_val,1997,1248,819,45,True,True,True
test/attack/digital_3/scan/usa-117_03.jpg,usa-117_03,scan,1996,1249,818,46,project_train,1996,1249,818,46,True,True,True
test/attack/digital_3/scan/usa-134_03.jpg,usa-134_03,scan,1995,1251,816,48,project_train,1995,1251,816,48,True,True,True
test/attack/digital_3/scan/usa-136_03.jpg,usa-136_03,scan,1996,1247,820,44,project_train,1996,1247,820,44,True,True,True
test/attack/digital_3/scan/usa-137_03.jpg,usa-137_03,scan,1992,1251,815,49,project_train,1992,1251,815,49,True,True,True
test/attack/digital_3/scan/usa-NF-1004.jpg,usa-NF-1004,scan,1994,1249,817,47,project_train,1994,1249,817,47,True,True,True
test/attack/digital_3/scan/usa-NF-1009.jpg,usa-NF-1009,scan,1993,1245,820,44,project_train,1993,1245,820,44,True,True,True
test/attack/digital_3/scan/usa-NF-1017.jpg,usa-NF-1017,scan,1995,1251,816,48,project_train,1995,1251,816,48,True,True,True
test/attack/digital_3/scan/usa-NF-1036.jpg,usa-NF-1036,scan,1999,1245,822,42,dev_val,1999,1245,822,42,True,True,True
test/attack/digital_3/scan/usa-NF-1044.jpg,usa-NF-1044,scan,1994,1251,816,48,project_train,1994,1251,816,48,True,True,True
test/attack/digital_3/scan/usa-NF-1046.jpg,usa-NF-1046,scan,1992,1250,816,48,project_train,1992,1250,816,48,True,True,True
test/attack/digital_3/scan/usa-NF-1051.jpg,usa-NF-1051,scan,1989,1249,815,49,project_train,1989,1249,815,49,True,True,True
test/attack/digital_3/scan/usa-NF-1062.jpg,usa-NF-1062,scan,1996,1244,822,42,project_train,1996,1244,822,42,True,True,True
test/attack/digital_3/scan/usa-NF-1065.jpg,usa-NF-1065,scan,1995,1248,818,46,dev_val,1995,1248,818,46,True,True,True
test/attack/digital_3/scan/usa-NF-1071.jpg,usa-NF-1071,scan,1998,1248,820,44,project_train,1998,1248,820,44,True,True,True
test/attack/digital_3/scan/usa-NF-1076.jpg,usa-NF-1076,scan,1993,1252,815,49,dev_val,1993,1252,815,49,True,True,True
test/attack/digital_3/scan/usa-NF-1093.jpg,usa-NF-1093,scan,1997,1247,820,44,project_train,1997,1247,820,44,True,True,True
test/attack/digital_3/scan/usa-NF-1094.jpg,usa-NF-1094,scan,1992,1248,817,47,project_train,1992,1248,817,47,True,True,True
test/attack/digital_3/scan/usa-NM-1038.jpg,usa-NM-1038,scan,1993,1250,816,48,dev_val,1993,1250,816,48,True,True,True
test/attack/digital_3/scan/usa-NM-1052.jpg,usa-NM-1052,scan,1995,1251,816,48,project_train,1995,1251,816,48,True,True,True
