split,variant,field_name,n_pairs,n_stems,same_source_auc,mean_probability_delta,median_probability_delta,mean_feature_shift_norm,mean_axis_projection,mean_axis_cosine,fraction_positive_projection,mean_cos_train_global,mean_cos_train_same_field,mean_gray_mad_inside,mean_lap_mad_inside,mean_changed_inside_ge5,mean_annotation_coverage
dev_val,digital_1,alternative,9,3,1.0,0.9965338327243756,0.9995310576261626,25.6729802025689,19.653644858803442,0.7663525028680466,1.0,0.9276404778162638,0.9918956094317966,57.32300355699327,17.479318724738228,0.857436264498239,0.9131669172490666
dev_val,digital_1,dob,145,50,1.0,0.9921854669674707,0.9990472696204911,18.07729568152592,15.02215006649506,0.8300276454636252,1.0,0.9819168542993479,0.9811487058113362,58.2796086278455,18.359853290689404,0.8098724552659973,0.9734566295385423
dev_val,digital_1,doe,141,51,1.0,0.9919244953780532,0.9991449155211019,19.043257070771347,15.841739728734916,0.8310711272418505,1.0,0.983510618091475,0.980600413278485,57.19240137194911,17.516745638340076,0.804019274931045,1.0
dev_val,digital_1,name,99,33,0.9996939087848179,0.9724117862040885,0.9987513844364436,22.954216147914078,18.26106442366299,0.7978606304103035,1.0,0.9553752330818561,0.9706431386446712,52.6977450823543,17.153250289685797,0.8274656504833291,0.9349399174391486
dev_val,digital_1,name_en,42,14,1.0,0.9879840471581576,0.9994882686746547,20.1926665079026,16.420856990069545,0.814713561557548,1.0,0.9701695470582872,0.9723972380161285,49.58529395148868,16.999997967765445,0.7192259652953923,0.9698527295169184
dev_val,digital_1,name_other,3,1,1.0,0.970689295903998,0.9902572999349641,22.70604070027669,18.466982989580348,0.8122994420716898,1.0,0.9715949098269144,,56.82395680745443,22.553620020548504,0.8805294629534056,1.0
dev_val,digital_2,alternative,9,3,1.0,0.9965339727942829,0.9995310601716273,26.559112972683376,20.586637000970555,0.7757834639641445,1.0,0.9376697738965353,0.9920517736011081,56.22135670979818,19.390319718254936,0.7645936595797367,0.9131669172490666
dev_val,digital_2,dob,123,43,1.0,0.9842860392926347,0.9988329387133922,17.17333504436462,14.181787812982723,0.8211129313624062,1.0,0.9658737323148464,0.9697575612765986,57.181364261037935,20.143962736052227,0.7564121123369315,0.9883998229428105
dev_val,digital_2,doe,138,50,1.0,0.9912051748438994,0.9989470678704557,17.37045751101729,14.405465811249375,0.8278663561164592,1.0,0.9715246657530466,0.9765582594318666,52.09948998603268,19.06080541057863,0.7280845703421213,1.0
dev_val,digital_2,name,99,33,0.9997959391898785,0.9758068648591706,0.9988432529092821,23.779788306265168,19.160224444346138,0.8071485949153684,1.0,0.9643874920979895,0.9748834835158454,52.63986780185892,19.173905887989083,0.7364841898069111,0.9391349810866859
dev_val,digital_2,name_en,39,13,1.0,0.9854439865193465,0.9991771114435648,19.616290899423454,16.021663200073572,0.8159903933668274,1.0,0.9652297833026984,0.968086227392539,49.20331534361228,19.38549862152491,0.6725812299257677,0.9888196045668725
dev_val,digital_2,name_other,3,1,1.0,0.9706885509384864,0.9902567416285387,19.51738707224528,16.122043251565447,0.8255446722129816,1.0,0.982960561911265,,48.01004409790039,23.052377382914226,0.8354593091130534,1.0
digital3_dev,digital_3,alternative,9,3,0.8271604938271605,0.4578809313977744,0.4163441300622701,9.087890863418579,6.42666989240731,0.5600198646490759,1.0,0.640987673567401,0.5352601971891191,52.142640855577255,22.89267921447754,0.6985271925026092,0.8523807261492147
digital3_dev,digital_3,dob,147,51,0.6465824425008098,0.08094482914182426,0.0008171502040899847,4.951559747157454,1.2391742926976412,0.15058417520515038,0.6598639455782312,0.15723219722272594,0.16720869728256346,40.4872191292899,24.74080567781617,0.6565215432478113,0.968026391549159
digital3_dev,digital_3,doe,141,51,0.6434786982546149,0.044952314522500494,0.0004652547740799747,4.714437465295724,1.1052885061183757,0.1500046979499937,0.6382978723404256,0.15641584238103518,0.16275460686508222,36.85678885169063,24.197977106621924,0.6732817466312614,0.98398099563221
digital3_dev,digital_3,name,99,33,0.8091011121314151,0.337654492068753,0.026627712869143116,7.4859888397081935,4.317143723582161,0.3624062999336151,0.7676767676767676,0.4140502453565296,0.3856419702671995,47.579400264855586,24.24673246133207,0.691571560192141,0.8937223187717747
digital3_dev,digital_3,name_en,42,14,0.6377551020408163,0.03380826055204027,9.210422881407458e-05,4.774733043852306,1.0384594740119606,0.09867027255590674,0.5714285714285714,0.10572953484508962,0.1056013517303481,44.1886838277181,26.433228628976003,0.6215940125229034,0.9810894477596073
digital3_dev,digital_3,name_other,3,1,0.4444444444444445,-0.01247161214945656,0.00015646085713429228,4.772176901499431,-0.7623718271542125,-0.05434072257471656,0.6666666666666666,-0.06310925881067912,,43.199536641438804,34.28854751586914,0.7899276374939097,1.0
project_train,digital_1,alternative,30,10,1.0,0.9992567682389136,0.9994137849151649,24.799571228027343,19.049976345792263,0.7688468713364329,1.0,0.9296989957491557,0.9906028211116791,60.42641881306966,18.451692056655883,0.8811579809747315,0.896024697030625
project_train,digital_1,dob,460,160,1.0,0.9945985147881004,0.9992800855192088,18.44957467213921,15.353796372803501,0.8310319998687415,1.0,0.9816025432037271,0.9821195886186932,57.10976560841436,18.267782019532245,0.80343331481959,0.970956473397026
project_train,digital_1,doe,446,160,1.0,0.9961266398591389,0.999433243354155,19.161396225471666,15.981619676991311,0.8332761571298728,1.0,0.9829121101062929,0.9829712210749297,55.91295357776864,17.374614340307467,0.8085826413595464,1.0
project_train,digital_1,name,312,104,1.0,0.9905997284020728,0.9990176488080815,23.930411555828194,19.05465811776212,0.7988366818771175,1.0,0.9572885527442663,0.9752789491262192,52.69637093788538,17.105270378100567,0.8301184929024226,0.9385869716758976
project_train,digital_1,name_en,126,42,1.0,0.9973613737418572,0.9995428047273031,21.40160575745598,17.462391164217127,0.8185590219996259,1.0,0.9735877622687628,0.976182930999332,50.022945570567295,17.235856313554066,0.7369933756555119,0.9733057249473301
project_train,digital_1,name_other,12,4,1.0,0.9813538222856876,0.9986423874241626,20.799232006072998,17.245479002033147,0.8285940756251261,1.0,0.983258898059527,,53.66497961680094,20.71159791946411,0.8712807022228022,1.0
project_train,digital_2,alternative,30,10,1.0,0.9991973798305003,0.9994137149020843,27.30271078745524,21.108374848159183,0.7760699408053863,1.0,0.9358740746974945,0.9874651928742727,62.9723087310791,20.648530578613283,0.802169555906128,0.896024697030625
project_train,digital_2,dob,397,139,1.0,0.9920350767222549,0.9993896154700845,18.31783154088844,15.201305334689604,0.8267733724361567,1.0,0.9721303643747902,0.9763478355984243,57.201202724082044,20.217297576837034,0.7500293301677452,0.9880861733826257
project_train,digital_2,doe,446,160,1.0,0.9952815694432043,0.9993464338246634,18.20729489069883,15.142200652166869,0.8304426703737845,1.0,0.973720401258212,0.979806167662411,51.653818079174364,18.969072806995545,0.7242318322293819,1.0
project_train,digital_2,name,312,104,0.9999691814595661,0.988311919303828,0.9990158273356695,24.04284818050189,19.374755010639642,0.8072047836894699,1.0,0.9640187380405573,0.9735764522965138,53.16954531425085,19.198246164199634,0.7384706022855672,0.9431369132004251
project_train,digital_2,name_en,126,42,1.0,0.9971526059377217,0.9995359808035951,21.316876487126425,17.416647448348645,0.8174420529396439,1.0,0.9662780927287208,0.9691734091630058,50.67459321400476,19.484581856500533,0.6736976930735699,0.9830864121523332
project_train,digital_2,name_other,12,4,1.0,0.9813381108120266,0.9986429061038211,19.19518502553304,15.938137198495385,0.8293495972868831,1.0,0.9798671354850134,,46.409312884012856,20.654746532440186,0.840893974806402,1.0
