evaluation_split,variant,file_stem,hardware_source,image_path,saved_clean_probability_attack,clean_probability_attack,saved_probability_abs_error,adv_probability_attack,clean_margin,adv_margin,classification_preserved,epsilon_255,alpha_255,steps,pixel_linf,padding_max_abs_error,accepted_steps,boundary_pullbacks,objective_E_initial,objective_E_final,A,E_clean,E_adv,absolute_E_degradation,relative_E_degradation,E_strictly_improved,mu_w_clean,mu_w_adv,absolute_mu_w_degradation,relative_mu_w_degradation,PG_clean,PG_adv,absolute_PG_degradation,cam_cosine,cam_tv,clean_zero_cam,adv_zero_cam,cam_change_defined
dev_val,digital_1,persian-NM-1035,iphone15pro,train/attack/digital_1/iphone15pro/persian-NM-1035.jpg,1.0,0.9998922348022461,0.00010776519775390625,0.9884020686149597,9.135156631469727,4.445259094238281,True,1.0,0.25,10,0.0029412410221993923,0.0,3,0,0.8450745940208435,0.13784272968769073,0.21982373297214508,0.8450746536254883,0.13784271478652954,0.7072319388389587,0.8368869375088165,True,3.8443286418914795,0.6270601749420166,3.217268466949463,0.8368869487095953,1.0,0.0,1.0,0.2456815093755722,0.8169625997543335,False,False,True
dev_val,digital_1,portugal-NF-1109,iphone15pro,train/attack/digital_1/iphone15pro/portugal-NF-1109.jpg,1.0,0.9999991655349731,8.344650268554688e-07,0.9898114800453186,13.9913330078125,4.576257705688477,True,1.0,0.25,10,0.0039215851575136185,0.0,9,0,0.7917285561561584,0.1293913722038269,0.18605215847492218,0.7917853593826294,0.12954629957675934,0.6622390598058701,0.836387099051984,True,4.2557172775268555,0.6962901949882507,3.5594270825386047,0.8363871118353781,1.0,1.0,0.0,0.2218882143497467,0.8013321161270142,False,False,True
dev_val,digital_1,arabic-120_03,huawei,train/attack/digital_1/huawei/arabic-120_03.jpg,1.0,0.9999998807907104,1.1920928955078125e-07,0.9999712705612183,16.28217315673828,10.459657669067383,True,1.0,0.25,10,0.0029412410221993923,0.0,3,0,0.7339490652084351,0.18876954913139343,0.14223414659500122,0.7339490652084351,0.18876953423023224,0.5451795309782028,0.7428029502611011,True,5.160146713256836,1.3271745443344116,3.8329721689224243,0.7428029437758441,1.0,1.0,0.0,0.33630308508872986,0.711812436580658,False,False,True
dev_val,digital_1,chinese-001_03,iphone15pro,train/attack/digital_1/iphone15pro/chinese-001_03.jpg,1.0,0.99991774559021,8.225440979003906e-05,0.9987867474555969,9.405238151550293,6.713186264038086,True,1.0,0.25,10,0.0039215851575136185,0.0,6,0,0.6884941458702087,0.16063489019870758,0.1416015625,0.6884942650794983,0.16063489019870758,0.5278593748807907,0.766686669234406,True,4.862194061279297,1.1344146728515625,3.7277793884277344,0.7666866730216265,1.0,1.0,0.0,0.299490362405777,0.7528676390647888,False,False,True
dev_val,digital_1,chinese-NM-1092,scan,train/attack/digital_1/scan/chinese-NM-1092.jpg,1.0,0.9999853372573853,1.4662742614746094e-05,0.9984877109527588,11.131511688232422,6.492609024047852,True,1.0,0.25,10,0.0039215851575136185,0.0,10,0,0.6105265021324158,0.16592994332313538,0.2235330194234848,0.6105265021324158,0.16592994332313538,0.4445965588092804,0.7282182792334424,True,2.7312586307525635,0.7423061728477478,1.9889524579048157,0.7282182783828074,1.0,1.0,0.0,0.6209955215454102,0.5480082035064697,False,False,True
dev_val,digital_1,persian-NF-1097,huawei,train/attack/digital_1/huawei/persian-NF-1097.jpg,0.99951171875,0.9993621706962585,0.00014954805374145508,0.5015907883644104,7.356870651245117,0.006363065913319588,True,1.0,0.25,10,0.0039215851575136185,0.0,10,1,0.9275451898574829,0.01937926933169365,0.16073372960090637,0.9275451302528381,0.01937926933169365,0.9081658609211445,0.9791069256906011,True,5.770693302154541,0.12056753039360046,5.6501257717609406,0.9791069245789609,1.0,0.0,1.0,0.00429071020334959,0.9784436225891113,False,False,True
dev_val,digital_1,arabic-NF-1048,huawei,train/attack/digital_1/huawei/arabic-NF-1048.jpg,1.0,0.9999996423721313,3.5762786865234375e-07,0.9938404560089111,14.801379203796387,5.083583354949951,True,1.0,0.25,10,0.0039215851575136185,0.0,6,0,0.7823598980903625,0.137294203042984,0.1932384967803955,0.7823599576950073,0.1372942179441452,0.6450657397508621,0.8245127238507425,True,4.048675537109375,0.7104910612106323,3.3381844758987427,0.8245127191106304,1.0,1.0,0.0,0.28786125779151917,0.7679625749588013,False,False,True
dev_val,digital_1,indian-014_03,huawei,train/attack/digital_1/huawei/indian-014_03.jpg,0.99951171875,0.9995200634002686,8.344650268554688e-06,0.9999997615814209,7.641264915466309,15.328086853027344,True,1.0,0.25,10,0.0039215851575136185,0.0,10,0,0.511982798576355,0.009162547998130322,0.11545508354902267,0.511982798576355,0.009162547998130322,0.5028202505782247,0.9821037971908272,True,4.434475898742676,0.07936028391122818,4.355115614831448,0.9821037963170057,1.0,0.0,1.0,0.0444481298327446,0.9286501407623291,False,False,True
dev_val,digital_1,persian-NM-1035,scan,train/attack/digital_1/scan/persian-NM-1035.jpg,0.99951171875,0.9995800852775574,6.836652755737305e-05,0.7068204283714294,7.775125026702881,0.8799914121627808,True,1.0,0.25,10,0.0039215851575136185,0.0,5,0,0.9372483491897583,0.14513085782527924,0.22207435965538025,0.9372482895851135,0.14513087272644043,0.7921174168586731,0.8451521604902744,True,4.220425128936768,0.6535237431526184,3.566901385784149,0.8451521533525563,1.0,0.0,1.0,0.10493583977222443,0.933335542678833,False,False,True
dev_val,digital_1,usa-034_03,huawei,train/attack/digital_1/huawei/usa-034_03.jpg,1.0,0.9999996423721313,3.5762786865234375e-07,0.9793591499328613,14.75289535522461,3.859628200531006,True,1.0,0.25,10,0.0019608272705227137,0.0,2,0,0.716183066368103,0.20744803547859192,0.1514929234981537,0.7161830067634583,0.20744802057743073,0.5087349861860275,0.710342163080746,True,4.727501392364502,1.3693578243255615,3.3581435680389404,0.7103421637194558,1.0,1.0,0.0,0.3418571949005127,0.7691375017166138,False,False,True
dev_val,digital_1,chinese-142_03,iphone15pro,train/attack/digital_1/iphone15pro/chinese-142_03.jpg,1.0,0.9999995231628418,4.76837158203125e-07,0.9999821186065674,14.477293014526367,10.934004783630371,True,1.0,0.25,10,0.0029412410221993923,0.0,3,0,0.691241443157196,0.21034713089466095,0.1391281634569168,0.691241443157196,0.21034711599349976,0.4808943271636963,0.6956966077833032,True,4.968379020690918,1.5118945837020874,3.4564844369888306,0.6956966090135694,1.0,1.0,0.0,0.244867205619812,0.7732408046722412,False,False,True
dev_val,digital_1,russian-NF-1099,iphone15pro,train/attack/digital_1/iphone15pro/russian-NF-1099.jpg,1.0,0.9999998807907104,1.1920928955078125e-07,0.8892279267311096,16.302946090698242,2.082878828048706,True,1.0,0.25,10,0.0039215851575136185,0.0,10,0,0.9304441213607788,0.16816279292106628,0.2423422485589981,0.9304441809654236,0.1681627780199051,0.7622814029455185,0.8192661295969197,True,3.8393807411193848,0.6939061284065247,3.14547461271286,0.8192661329534581,1.0,0.0,1.0,0.15162211656570435,0.9023221731185913,False,False,True
dev_val,digital_1,arabic-NM-1090,scan,train/attack/digital_1/scan/arabic-NM-1090.jpg,1.0,0.9999877214431763,1.2278556823730469e-05,0.9984733462333679,11.308552742004395,6.483162879943848,True,1.0,0.25,10,0.0039215851575136185,0.0,5,0,0.8084657788276672,0.11608607321977615,0.2252189815044403,0.808465838432312,0.11608608067035675,0.6923797577619553,0.8564118913231287,True,3.5896878242492676,0.5154364705085754,3.074251353740692,0.8564118954783007,1.0,1.0,0.0,0.2685072422027588,0.765576958656311,False,False,True
dev_val,digital_1,portugal-119_03,scan,train/attack/digital_1/scan/portugal-119_03.jpg,1.0,0.9999998807907104,1.1920928955078125e-07,0.9962764382362366,15.865899085998535,5.589338302612305,True,1.0,0.25,10,0.0039215851575136185,0.0,6,0,0.7503206729888916,0.21628804504871368,0.13708451390266418,0.7503207325935364,0.2162880152463913,0.5340327173471451,0.7117392524943612,True,5.473417282104492,1.5777713060379028,3.8956459760665894,0.7117392618325529,1.0,1.0,0.0,0.21118885278701782,0.8212250471115112,False,False,True
dev_val,digital_1,usa-NM-1038,huawei,train/attack/digital_1/huawei/usa-NM-1038.jpg,0.9912109375,0.9910650849342346,0.00014585256576538086,0.999221682548523,4.708812236785889,7.157559394836426,True,1.0,0.25,10,0.003921577241271734,0.0,4,0,0.37390878796577454,0.11157374829053879,0.1865978240966797,0.3739088177680969,0.11157375574111938,0.26233506202697754,0.7016016995610976,True,2.003821849822998,0.5979370474815369,1.4058848023414612,0.7016016930175933,1.0,1.0,0.0,0.7378090023994446,0.43395495414733887,False,False,True
dev_val,digital_1,usa-NM-1038,iphone15pro,train/attack/digital_1/iphone15pro/usa-NM-1038.jpg,1.0,0.9999761581420898,2.384185791015625e-05,0.9980657696723938,10.645498275756836,6.2461137771606445,True,1.0,0.25,10,0.0019608272705227137,0.0,2,0,0.5492557883262634,0.18326152861118317,0.1938086599111557,0.5492557883262634,0.18326152861118317,0.36599425971508026,0.6663457490914525,True,2.834010601043701,0.9455796480178833,1.8884309530258179,0.6663457618437814,1.0,1.0,0.0,0.780098557472229,0.47258737683296204,False,False,True
dev_val,digital_1,turkiye-115_03,scan,train/attack/digital_1/scan/turkiye-115_03.jpg,1.0,0.9999966621398926,3.337860107421875e-06,0.96022629737854,12.625343322753906,3.183962345123291,True,1.0,0.25,10,0.003921577241271734,0.0,4,0,0.6268704533576965,0.15533168613910675,0.10281773656606674,0.6268705129623413,0.15533171594142914,0.47153879702091217,0.752210843021802,True,6.096909999847412,1.5107481479644775,4.586161851882935,0.752210849757945,1.0,1.0,0.0,0.31813403964042664,0.7865400314331055,False,False,True
dev_val,digital_1,turkiye-032_03,huawei,train/attack/digital_1/huawei/turkiye-032_03.jpg,1.0,1.0,0.0,0.9922224879264832,20.107254028320312,4.848711013793945,True,1.0,0.25,10,0.0039215851575136185,0.0,5,0,0.6826587915420532,0.18455593287944794,0.11345386505126953,0.682658851146698,0.18455591797828674,0.49810293316841125,0.7296513219329414,True,6.017061233520508,1.6267045736312866,4.390356659889221,0.7296513180605406,1.0,1.0,0.0,0.1990843117237091,0.8440581560134888,False,False,True
dev_val,digital_1,french-124_03,huawei,train/attack/digital_1/huawei/french-124_03.jpg,1.0,0.9999998807907104,1.1920928955078125e-07,0.9999748468399048,15.77811336517334,10.590933799743652,True,1.0,0.25,10,0.0029412410221993923,0.0,3,0,0.5887401700019836,0.16182105243206024,0.1266992837190628,0.5887401700019836,0.16182102262973785,0.4269191473722458,0.725140170698404,True,4.646751880645752,1.277205467224121,3.369546413421631,0.7251401624124098,1.0,1.0,0.0,0.5340570211410522,0.5890107154846191,False,False,True
dev_val,digital_1,russian-NF-1099,huawei,train/attack/digital_1/huawei/russian-NF-1099.jpg,1.0,0.999996542930603,3.4570693969726562e-06,0.5028717517852783,12.580991744995117,0.011487163603305817,True,1.0,0.25,10,0.001455360441468656,0.0,10,9,0.9400219321250916,0.491033673286438,0.2476102113723755,0.9400219321250916,0.4910336136817932,0.44898831844329834,0.4776360030539693,True,3.7963778972625732,1.983091115951538,1.8132867813110352,0.4776360073686365,1.0,1.0,0.0,0.44023215770721436,0.6164354085922241,False,False,True
dev_val,digital_1,arabic-NM-1090,iphone15pro,train/attack/digital_1/iphone15pro/arabic-NM-1090.jpg,1.0,0.9999910593032837,8.940696716308594e-06,0.978643000125885,11.626869201660156,3.8247861862182617,True,1.0,0.25,10,0.0039215851575136185,0.0,10,0,0.8141950368881226,0.02080519311130047,0.19044309854507446,0.8141950368881226,0.02080519124865532,0.7933898456394672,0.9744469195879978,True,4.275266647338867,0.10924623161554337,4.166020415723324,0.9744469197766779,1.0,0.0,1.0,0.02168526127934456,0.9452229142189026,False,False,True
dev_val,digital_1,usa-067_03,iphone15pro,train/attack/digital_1/iphone15pro/usa-067_03.jpg,1.0,0.9999997615814209,2.384185791015625e-07,0.990327775478363,15.32325267791748,4.628774642944336,True,1.0,0.25,10,0.0039215851575136185,0.0,6,0,0.6738778352737427,0.11345547437667847,0.142734095454216,0.6738778948783875,0.11345548182725906,0.5604224130511284,0.8316379232950889,True,4.721211910247803,0.7948729991912842,3.9263389110565186,0.8316379323143824,1.0,1.0,0.0,0.3029410243034363,0.7634789943695068,False,False,True
dev_val,digital_1,french-124_03,scan,train/attack/digital_1/scan/french-124_03.jpg,1.0,0.9999995231628418,4.76837158203125e-07,0.9996172189712524,14.66987419128418,7.867791175842285,True,1.0,0.25,10,0.0039215851575136185,0.0,10,0,0.5040237903594971,0.1508743166923523,0.1272038370370865,0.5040238499641418,0.1508743315935135,0.35314951837062836,0.7006603326325783,True,3.962332248687744,1.186083197593689,2.776249051094055,0.7006603376113906,1.0,1.0,0.0,0.6897014379501343,0.5642218589782715,False,False,True
dev_val,digital_1,persian-NF-1097,iphone15pro,train/attack/digital_1/iphone15pro/persian-NF-1097.jpg,1.0,0.9999991655349731,8.344650268554688e-07,0.8916864395141602,13.942726135253906,2.108083724975586,True,1.0,0.25,10,0.0039215851575136185,0.0,6,0,0.8878931403160095,0.1463007926940918,0.15171121060848236,0.8878931403160095,0.1463007926940918,0.7415923476219177,0.8352270267095182,True,5.8525214195251465,0.9643373489379883,4.888184070587158,0.8352270278378184,1.0,0.0,1.0,0.055052854120731354,0.9634371995925903,False,False,True
dev_val,digital_2,persian-NF-1097,iphone15pro,train/attack/digital_2/iphone15pro/persian-NF-1097.jpg,0.99951171875,0.999705970287323,0.00019425153732299805,0.5020475387573242,8.131624221801758,0.008190244436264038,True,1.0,0.25,10,0.0039215851575136185,0.0,10,6,0.6434149742126465,0.19611065089702606,0.0897689089179039,0.6434150338172913,0.19611063599586487,0.4473043978214264,0.6952035223168972,True,7.167459487915039,2.1846165657043457,4.982842922210693,0.6952035000145032,1.0,0.0,1.0,0.5485532283782959,0.5540192127227783,False,False,True
dev_val,digital_2,usa-034_03,scan,train/attack/digital_2/scan/usa-034_03.jpg,1.0,0.9999977350234985,2.2649765014648438e-06,0.8289740681648254,12.973812103271484,1.5783731937408447,True,1.0,0.25,10,0.0039215851575136185,0.0,10,0,0.5014232397079468,0.028577597811818123,0.08933153003454208,0.501423180103302,0.02857760153710842,0.4728455785661936,0.9430070194775979,True,5.613059043884277,0.31990498304367065,5.293154060840607,0.9430070162201084,0.0,0.0,0.0,0.19031956791877747,0.8250914812088013,False,False,True
dev_val,digital_2,turkiye-NF-1002,scan,train/attack/digital_2/scan/turkiye-NF-1002.jpg,1.0,0.9999898672103882,1.0132789611816406e-05,0.9999741315841675,11.503898620605469,10.564409255981445,True,1.0,0.25,10,0.0039215851575136185,0.0,6,0,0.5898248553276062,0.1067192330956459,0.08452531695365906,0.5898249745368958,0.10671921819448471,0.48310575634241104,0.8190662945761564,True,6.978086948394775,1.262571096420288,5.715515851974487,0.81906629915084,0.0,0.0,0.0,0.03618727996945381,0.959018349647522,False,False,True
dev_val,digital_2,turkiye-032_03,iphone15pro,train/attack/digital_2/iphone15pro/turkiye-032_03.jpg,1.0,0.9998929500579834,0.00010704994201660156,0.7487145662307739,9.142570495605469,1.0917683839797974,True,1.0,0.25,10,0.0039215851575136185,0.0,8,0,0.542759895324707,0.149773970246315,0.07169374078512192,0.5427598357200623,0.1497740000486374,0.39298583567142487,0.7240510623820626,True,7.57053279876709,2.089080572128296,5.481452226638794,0.7240510506118517,1.0,1.0,0.0,0.05085237696766853,0.9374236464500427,False,False,True
dev_val,digital_2,russian-132_03,scan,train/attack/digital_2/scan/russian-132_03.jpg,0.99169921875,0.9915761351585388,0.00012308359146118164,0.5012058615684509,4.768223762512207,0.004823461174964905,True,1.0,0.25,10,0.0039215851575136185,0.0,10,4,0.41142991185188293,0.1929517686367035,0.055097680538892746,0.4114300310611725,0.1929517686367035,0.218478262424469,0.5310216705887109,True,7.467284202575684,3.5019943714141846,3.965289831161499,0.5310216838665061,0.0,0.0,0.0,0.7939730286598206,0.340371310710907,False,False,True
dev_val,digital_2,usa-NF-1036,huawei,train/attack/digital_2/huawei/usa-NF-1036.jpg,1.0,1.0,0.0,0.9868972897529602,22.270980834960938,4.321741104125977,True,1.0,0.25,10,0.0039215851575136185,0.0,10,0,0.4672929644584656,0.06307360529899597,0.10630715638399124,0.4672929346561432,0.06307359784841537,0.4042193368077278,0.8650234292653537,True,4.395686626434326,0.5933147072792053,3.802371919155121,0.8650234291700435,0.0,0.0,0.0,0.22589613497257233,0.7742204070091248,False,False,True
dev_val,digital_2,arabic-024_03,huawei,train/attack/digital_2/huawei/arabic-024_03.jpg,1.0,0.9999984502792358,1.5497207641601562e-06,0.966892421245575,13.358942985534668,3.3743247985839844,True,1.0,0.25,10,0.0039215851575136185,0.0,10,0,0.41971415281295776,0.0013040730264037848,0.0696895644068718,0.41971415281295776,0.0013040731428191066,0.41841007967013866,0.9968929493225828,True,6.022625923156738,0.01871260441839695,6.003913318738341,0.9968929492455363,0.0,0.0,0.0,0.05343090742826462,0.9362450838088989,False,False,True
dev_val,digital_2,french-NF-1047,iphone15pro,train/attack/digital_2/iphone15pro/french-NF-1047.jpg,1.0,1.0,0.0,0.9998897314071655,29.226572036743164,9.112727165222168,True,1.0,0.25,10,0.0039215851575136185,0.0,10,0,0.6364964842796326,0.09940540790557861,0.10888975113630295,0.6364964246749878,0.09940541535615921,0.5370910093188286,0.8438240789696214,True,5.8453288078308105,0.9128996729850769,4.932429134845734,0.843824068243673,1.0,1.0,0.0,0.14470073580741882,0.8623238801956177,False,False,True
dev_val,digital_2,french-019_03,huawei,train/attack/digital_2/huawei/french-019_03.jpg,1.0,0.9999998807907104,1.1920928955078125e-07,0.9830341339111328,16.54863739013672,4.0594401359558105,True,1.0,0.25,10,0.0039215851575136185,0.0,10,0,0.5210191011428833,0.011414443142712116,0.07415559142827988,0.5210191011428833,0.011414441280066967,0.5096046598628163,0.9780920867295867,True,7.026025295257568,0.1539255529642105,6.872099742293358,0.9780920867068174,1.0,0.0,1.0,0.055680304765701294,0.9147499203681946,False,False,True
dev_val,digital_2,usa-NF-1036,iphone15pro,train/attack/digital_2/iphone15pro/usa-NF-1036.jpg,1.0,1.0,0.0,0.9720475673675537,23.242521286010742,3.548900842666626,True,1.0,0.25,10,0.0039215851575136185,0.0,10,0,0.497533917427063,0.026137232780456543,0.10593133419752121,0.4975339472293854,0.026137230917811394,0.471396716311574,0.9474664370876367,True,4.696759223937988,0.2467374950647354,4.450021728873253,0.9474664373240196,1.0,0.0,1.0,0.07855182886123657,0.8905761241912842,False,False,True
dev_val,digital_2,portugal-NF-1066,scan,train/attack/digital_2/scan/portugal-NF-1066.jpg,1.0,0.9999998807907104,1.1920928955078125e-07,0.9429803490638733,16.15207290649414,2.805649518966675,True,1.0,0.25,10,0.0039215851575136185,0.0,7,0,0.6125621795654297,0.20106908679008484,0.09431688487529755,0.6125621199607849,0.20106907188892365,0.41149304807186127,0.6717572547551656,True,6.494723796844482,2.1318459510803223,4.36287784576416,0.6717572574654986,0.0,1.0,-1.0,0.2478334903717041,0.7572051286697388,False,False,True
dev_val,digital_2,portugal-013_03,huawei,train/attack/digital_2/huawei/portugal-013_03.jpg,1.0,0.9999973773956299,2.6226043701171875e-06,0.9315858483314514,12.829720497131348,2.611309051513672,True,1.0,0.25,10,0.0039215851575136185,0.0,9,0,0.45882144570350647,0.11681807041168213,0.0722443163394928,0.45882144570350647,0.11681807041168213,0.34200337529182434,0.7453953569398525,True,6.350969314575195,1.6169862747192383,4.733983039855957,0.745395357050722,0.0,0.0,0.0,0.5493260622024536,0.541428804397583,False,False,True
dev_val,digital_2,french-128_03,huawei,train/attack/digital_2/huawei/french-128_03.jpg,1.0,0.999998927116394,1.0728836059570312e-06,0.9970159530639648,13.783903121948242,5.811489105224609,True,1.0,0.25,10,0.0039215851575136185,0.0,10,0,0.43298202753067017,0.015724893659353256,0.06647928804159164,0.43298202753067017,0.015724893659353256,0.4172571338713169,0.9636823409298683,True,6.513036727905273,0.23653824627399445,6.276498481631279,0.9636823411020331,0.0,0.0,0.0,0.10130514204502106,0.854339599609375,False,False,True
dev_val,digital_2,chinese-142_03,huawei,train/attack/digital_2/huawei/chinese-142_03.jpg,1.0,1.0,0.0,0.999057948589325,24.866783142089844,6.966466426849365,True,1.0,0.25,10,0.0039215851575136185,0.0,10,0,0.4896414875984192,0.04614407941699028,0.08744929730892181,0.4896414279937744,0.04614407941699028,0.44349734857678413,0.9057594460377708,True,5.599146842956543,0.5276666879653931,5.07148015499115,0.9057594482221568,1.0,0.0,1.0,0.23510587215423584,0.7348951101303101,False,False,True
dev_val,digital_2,usa-NF-1036,scan,train/attack/digital_2/scan/usa-NF-1036.jpg,1.0,1.0,0.0,0.9999725818634033,26.119525909423828,10.505685806274414,True,1.0,0.25,10,0.0039215851575136185,0.0,10,0,0.5194159746170044,0.07569744437932968,0.11267297714948654,0.5194159746170044,0.07569744437932968,0.4437185302376747,0.8542643120763742,True,4.60994291305542,0.6718331575393677,3.9381097555160522,0.8542643216607462,0.0,1.0,-1.0,0.24946653842926025,0.7175992727279663,False,False,True
dev_val,digital_2,persian-NF-1018,iphone15pro,train/attack/digital_2/iphone15pro/persian-NF-1018.jpg,1.0,0.9999998807907104,1.1920928955078125e-07,0.5013324022293091,16.042394638061523,0.0053296200931072235,True,1.0,0.25,10,0.0039215851575136185,0.0,10,3,0.6019647121429443,0.09298098087310791,0.09188432991504669,0.6019646525382996,0.09298098087310791,0.5089836716651917,0.8455374738682151,True,6.551331043243408,1.0119351148605347,5.5393959283828735,0.8455374780817747,0.0,0.0,0.0,0.4437195062637329,0.6276813745498657,False,False,True
dev_val,digital_2,french-NF-1047,scan,train/attack/digital_2/scan/french-NF-1047.jpg,1.0,1.0,0.0,0.9994738698005676,20.557151794433594,7.549427509307861,True,1.0,0.25,10,0.0039215851575136185,0.0,10,0,0.6642429232597351,0.15092502534389496,0.11076600849628448,0.6642428636550903,0.15092501044273376,0.5133178532123566,0.7727864028342772,True,5.996811389923096,1.3625571727752686,4.634254217147827,0.7727863886023032,0.0,1.0,-1.0,0.25596940517425537,0.7624689340591431,False,False,True
dev_val,digital_2,ukraine-NF-1073,scan,train/attack/digital_2/scan/ukraine-NF-1073.jpg,0.99609375,0.9959034323692322,0.00019031763076782227,0.9998588562011719,5.49349308013916,8.865913391113281,True,1.0,0.25,10,0.003921577241271734,0.0,4,0,0.8368573784828186,0.14573116600513458,0.1395457684993744,0.8368574380874634,0.1457311511039734,0.69112628698349,0.8258590478241739,True,5.997010707855225,1.0443251132965088,4.952685594558716,0.8258590547572989,1.0,0.0,1.0,0.0037206304259598255,0.997494101524353,False,False,True
dev_val,digital_2,usa-NF-1076,huawei,train/attack/digital_2/huawei/usa-NF-1076.jpg,1.0,1.0,0.0,0.9636712670326233,20.849224090576172,3.278141498565674,True,1.0,0.25,10,0.0039215851575136185,0.0,10,0,0.6172469854354858,0.05397398769855499,0.18234872817993164,0.6172469854354858,0.05397399142384529,0.5632729940116405,0.9125568974860767,True,3.384981155395508,0.29599326848983765,3.08898788690567,0.9125568932583161,1.0,1.0,0.0,0.20873650908470154,0.8486776351928711,False,False,True
dev_val,digital_2,french-NF-1082,huawei,train/attack/digital_2/huawei/french-NF-1082.jpg,0.994140625,0.9942969679832458,0.0001563429832458496,0.9718434810638428,5.161035537719727,3.5414175987243652,True,1.0,0.25,10,0.0039215851575136185,0.0,9,0,0.6782762408256531,4.501822331803851e-06,0.09151551127433777,0.6782761812210083,4.501822331803851e-06,0.6782716793986765,0.999993362847677,True,7.411597728729248,4.91919054184109e-05,7.41154853682383,0.9999933628473618,1.0,0.0,1.0,0.010049138218164444,0.9817414879798889,False,False,True
dev_val,digital_2,persian-NF-1097,scan,train/attack/digital_2/scan/persian-NF-1097.jpg,1.0,0.9999675750732422,3.24249267578125e-05,0.5002583265304565,10.33723258972168,0.0010332241654396057,True,1.0,0.25,10,0.0039215851575136185,0.0,10,3,0.6855291128158569,0.15740367770195007,0.09299349039793015,0.6855289936065674,0.15740367770195007,0.5281253159046173,0.7703909255918565,True,7.371795654296875,1.6926311254501343,5.679164528846741,0.7703909325723737,1.0,0.0,1.0,0.4538898468017578,0.619135856628418,False,False,True
dev_val,digital_2,portugal-NF-1109,huawei,train/attack/digital_2/huawei/portugal-NF-1109.jpg,1.0,0.9999997615814209,2.384185791015625e-07,0.9436904788017273,15.29196548461914,2.8189334869384766,True,1.0,0.25,10,0.0039215851575136185,0.0,8,0,0.7237578630447388,0.17039407789707184,0.10682018846273422,0.7237578630447388,0.17039410769939423,0.5533637553453445,0.7645702846217487,True,6.775478363037109,1.5951489210128784,5.180329442024231,0.7645702878021069,1.0,1.0,0.0,0.25066548585891724,0.7591596841812134,False,False,True
dev_val,digital_2,portugal-017_03,iphone15pro,train/attack/digital_2/iphone15pro/portugal-017_03.jpg,1.0,1.0,0.0,0.5471153855323792,18.0738468170166,0.18902234733104706,True,1.0,0.25,10,0.0039215851575136185,0.0,10,0,0.4364742636680603,0.061117175966501236,0.0631486177444458,0.4364743232727051,0.061117175966501236,0.37535714730620384,0.859975323386169,True,6.911858081817627,0.9678307175636292,5.944027364253998,0.8599753197899693,0.0,0.0,0.0,0.2988305687904358,0.7192258834838867,False,False,True
dev_val,digital_2,persian-NF-1018,huawei,train/attack/digital_2/huawei/persian-NF-1018.jpg,1.0,0.9999986886978149,1.3113021850585938e-06,0.5011381506919861,13.5160551071167,0.004552751779556274,True,1.0,0.25,10,0.0039215851575136185,0.0,10,3,0.6072161197662354,0.07916034758090973,0.09060055762529373,0.6072160601615906,0.07916034758090973,0.5280557125806808,0.869633969233548,True,6.702122688293457,0.8737291693687439,5.828393518924713,0.8696339637448178,0.0,0.0,0.0,0.29555603861808777,0.690925121307373,False,False,True
official_test,facedancer,chinese2-flickr_M_38319821984_1d6e303c3e_o,huawei,test/attack/facedancer/huawei/chinese2-flickr_M_38319821984_1d6e303c3e_o.jpg,1.0,0.9999980926513672,1.9073486328125e-06,0.9908297061920166,13.187376022338867,4.6825785636901855,True,1.0,0.25,10,0.0039215851575136185,0.0,7,0,0.5237422585487366,0.0004030314739793539,0.07447497546672821,0.5237422585487366,0.00040303150308318436,0.5233392270456534,0.9992304774027592,True,7.032459735870361,0.005411636549979448,7.027048099320382,0.9992304774213813,1.0,0.0,1.0,0.006001734174787998,0.9855499267578125,False,False,True
official_test,facedancer,netherland-flickr_M_18042193331_841d026f9a_c,iphone15,test/attack/facedancer/iphone15/netherland-flickr_M_18042193331_841d026f9a_c.jpg,1.0,0.9999945163726807,5.4836273193359375e-06,0.9992559552192688,12.124031066894531,7.202721118927002,True,1.0,0.25,10,0.0039215851575136185,0.0,6,0,0.5912474393844604,0.011667905375361443,0.07465117424726486,0.5912473797798157,0.011667904444038868,0.5795794753357768,0.9802656132727656,True,7.920135021209717,0.15629900991916656,7.76383601129055,0.9802656129598036,1.0,0.0,1.0,0.04985853284597397,0.9324713349342346,False,False,True
official_test,facedancer,netherland-flickr_M_19475853574_c947539b18_c,iphone15,test/attack/facedancer/iphone15/netherland-flickr_M_19475853574_c947539b18_c.jpg,1.0,1.0,0.0,0.5000491142272949,17.52969741821289,0.00019656121730804443,True,1.0,0.25,10,0.0039215851575136185,0.0,10,3,0.5414550304412842,1.6443105778307654e-05,0.07046549767255783,0.5414550304412842,1.6443105778307654e-05,0.5414385873355059,0.9999696316317074,True,7.683973789215088,0.00023334973957389593,7.683740439475514,0.9999696316325413,1.0,0.0,1.0,0.008810867555439472,0.9820955991744995,False,False,True
official_test,facedancer,chinese2-flickr_M_38319821984_1d6e303c3e_o,iphone15,test/attack/facedancer/iphone15/chinese2-flickr_M_38319821984_1d6e303c3e_o.jpg,1.0,1.0,0.0,0.9999991655349731,17.658111572265625,13.93037223815918,True,1.0,0.25,10,0.003921577241271734,0.0,4,0,0.4511808454990387,0.08131705969572067,0.07170245051383972,0.45118075609207153,0.08131705224514008,0.36986370384693146,0.8197683497198053,True,6.292403221130371,1.1340901851654053,5.158313035964966,0.8197683547428996,1.0,0.0,1.0,0.1966303437948227,0.8290823698043823,False,False,True
official_test,facedancer,chinese2-flickr_M_33525327222_f112b468ed_k,huawei,test/attack/facedancer/huawei/chinese2-flickr_M_33525327222_f112b468ed_k.jpg,0.99951171875,0.9995204210281372,8.702278137207031e-06,0.9091668725013733,7.642199993133545,2.30350399017334,True,1.0,0.25,10,0.0039215851575136185,0.0,8,0,0.5328897833824158,0.005567833781242371,0.0788005143404007,0.532889723777771,0.005567833781242371,0.5273218899965286,0.9895516210337651,True,6.762515544891357,0.07065732777118683,6.691858217120171,0.989551620650312,1.0,0.0,1.0,0.04269356653094292,0.9369242787361145,False,False,True
official_test,facedancer,netherland-flickr_F_28630210242_e3780d0ee9_b,huawei,test/attack/facedancer/huawei/netherland-flickr_F_28630210242_e3780d0ee9_b.jpg,1.0,1.0,0.0,0.9823644161224365,18.951622009277344,4.020044326782227,True,1.0,0.25,10,0.0039215851575136185,0.0,10,0,0.607861340045929,0.0,0.07634478062391281,0.6078612804412842,0.0,0.6078612804412842,1.0,True,7.9620537757873535,0.0,7.9620537757873535,1.0,1.0,0.0,1.0,0.018673650920391083,0.9861271977424622,False,False,True
official_test,facedancer,singapore-flickr_M_21893334161_8c8b011508_k,iphone15,test/attack/facedancer/iphone15/singapore-flickr_M_21893334161_8c8b011508_k.jpg,0.74267578125,0.7425643801689148,0.00011140108108520508,0.8985722064971924,1.059340000152588,2.181459903717041,True,1.0,0.25,10,0.0029412410221993923,0.0,10,0,0.37000489234924316,0.0,0.03594565764069557,0.37000489234924316,0.0,0.37000489234924316,1.0,True,10.293451309204102,0.0,10.293451309204102,1.0,0.0,0.0,0.0,0.11970613151788712,0.8867727518081665,False,False,True
official_test,facedancer,chinese2-flickr_F_17773666675_1bdbd28a62_c,scan,test/attack/facedancer/scan/chinese2-flickr_F_17773666675_1bdbd28a62_c.jpg,1.0,0.9999997615814209,2.384185791015625e-07,0.9934192299842834,15.333803176879883,5.017005920410156,True,1.0,0.25,10,0.0039215851575136185,0.0,10,0,0.570155680179596,0.0011018231743946671,0.08487606793642044,0.5701556205749512,0.001101823290809989,0.5690537972841412,0.998067504289971,True,6.717507362365723,0.012981553561985493,6.704525808803737,0.9980675043789734,1.0,0.0,1.0,0.044458162039518356,0.9315422177314758,False,False,True
official_test,facedancer,chinese2-flickr_M_24291592906_b097dd45e5_k,huawei,test/attack/facedancer/huawei/chinese2-flickr_M_24291592906_b097dd45e5_k.jpg,1.0,1.0,0.0,0.9993207454681396,23.637365341186523,7.293759822845459,True,1.0,0.25,10,0.0039215851575136185,0.0,10,0,0.5645595788955688,0.06266366690397263,0.08033562451601028,0.5645595788955688,0.06266367435455322,0.5018959045410156,0.8890043200096962,True,7.027512073516846,0.780023455619812,6.247488617897034,0.8890043236554046,1.0,0.0,1.0,0.20626422762870789,0.810249924659729,False,False,True
official_test,facedancer,singapore-flickr_F_33574462985_422fca6322_c,scan,test/attack/facedancer/scan/singapore-flickr_F_33574462985_422fca6322_c.jpg,0.99951171875,0.9995511174201965,3.93986701965332e-05,0.912451982498169,7.708245754241943,2.3439478874206543,True,1.0,0.25,10,0.0039215851575136185,0.0,9,0,0.338920533657074,0.03566369414329529,0.03368782624602318,0.33892056345939636,0.03566369786858559,0.3032568655908108,0.8947726939181186,True,10.060625076293945,1.058652400970459,9.001972675323486,0.8947727012047211,0.0,0.0,0.0,0.07694610953330994,0.9095396995544434,False,False,True
official_test,facedancer,singapore-flickr_F_33552363961_ea0fc80afb_k,huawei,test/attack/facedancer/huawei/singapore-flickr_F_33552363961_ea0fc80afb_k.jpg,0.97412109375,0.9743474125862122,0.0002263188362121582,0.9999642372131348,3.6371240615844727,10.238155364990234,True,1.0,0.25,10,0.0039215851575136185,0.0,10,0,0.29530981183052063,0.0,0.03166580945253372,0.29530981183052063,0.0,0.29530981183052063,1.0,True,9.325824737548828,0.0,9.325824737548828,1.0,1.0,0.0,1.0,0.055213648825883865,0.9398927688598633,False,False,True
official_test,facedancer,chinese2-flickr_F_31998955273_5516f4db28_h,scan,test/attack/facedancer/scan/chinese2-flickr_F_31998955273_5516f4db28_h.jpg,0.9013671875,0.9015035629272461,0.00013637542724609375,0.500282347202301,2.214043617248535,0.001129448413848877,True,1.0,0.25,10,0.0039215851575136185,0.0,10,1,0.5567411780357361,0.0,0.07144076377153397,0.5567411780357361,0.0,0.5567411780357361,1.0,True,7.793046474456787,0.0,7.793046474456787,1.0,1.0,0.0,1.0,0.014432718977332115,0.9909358024597168,False,False,True
official_test,facedancer,chinese2-flickr_M_34592740762_6446ed6334_k,huawei,test/attack/facedancer/huawei/chinese2-flickr_M_34592740762_6446ed6334_k.jpg,1.0,0.9999169111251831,8.308887481689453e-05,0.9999779462814331,9.395745277404785,10.724295616149902,True,1.0,0.25,10,0.0039215851575136185,0.0,5,0,0.5950632095336914,0.028956936672329903,0.08375058323144913,0.5950632095336914,0.028956936672329903,0.5661062728613615,0.9513380491208298,True,7.105182647705078,0.3457520604133606,6.7594305872917175,0.9513380475131015,1.0,0.0,1.0,0.07101581245660782,0.915197491645813,False,False,True
official_test,facedancer,chinese2-flickr_M_22911363774_20c12ce7ec_c,scan,test/attack/facedancer/scan/chinese2-flickr_M_22911363774_20c12ce7ec_c.jpg,1.0,0.9999973773956299,2.6226043701171875e-06,0.597251832485199,12.858213424682617,0.3940274119377136,True,1.0,0.25,10,0.0039215851575136185,0.0,10,0,0.5219963788986206,0.0010207738960161805,0.06832122057676315,0.5219964385032654,0.0010207740124315023,0.5209756644908339,0.9980444808869608,True,7.640326976776123,0.014940804801881313,7.625386171974242,0.9980444809695584,1.0,0.0,1.0,0.03248376399278641,0.9777518510818481,False,False,True
official_test,facedancer,singapore-flickr_F_19679296994_d0fc2a7ac6_o,huawei,test/attack/facedancer/huawei/singapore-flickr_F_19679296994_d0fc2a7ac6_o.jpg,1.0,0.9999493360519409,5.066394805908203e-05,0.9998996257781982,9.889971733093262,9.206804275512695,True,1.0,0.25,10,0.0039215851575136185,0.0,10,0,0.3289855718612671,0.0,0.03347741439938545,0.3289856016635895,0.0,0.3289856016635895,1.0,True,9.827091217041016,0.0,9.827091217041016,1.0,0.0,0.0,0.0,0.028847649693489075,0.961320161819458,False,False,True
official_test,facedancer,netherland-flickr_F_10239917343_ca73cd29b5_h,iphone15,test/attack/facedancer/iphone15/netherland-flickr_F_10239917343_ca73cd29b5_h.jpg,1.0,0.9999998807907104,1.1920928955078125e-07,0.5185189843177795,16.241180419921875,0.07410982251167297,True,1.0,0.25,10,0.0039215851575136185,0.0,9,0,0.5645583868026733,0.006408134941011667,0.06979373842477798,0.5645583271980286,0.00640813447535038,0.5581501927226782,0.9886492959776987,True,8.088953971862793,0.09181532263755798,7.997138649225235,0.9886492959464308,1.0,0.0,1.0,0.032945845276117325,0.9627444744110107,False,False,True
official_test,facedancer,singapore-flickr_M_22942161980_136669b7da_c,iphone15,test/attack/facedancer/iphone15/singapore-flickr_M_22942161980_136669b7da_c.jpg,0.99951171875,0.9994633793830872,4.83393669128418e-05,0.9771087765693665,7.529682636260986,3.7538461685180664,True,1.0,0.25,10,0.0039215851575136185,0.0,10,0,0.34521469473838806,0.0,0.034770891070365906,0.3452146351337433,0.0,0.3452146351337433,1.0,True,9.928265571594238,0.0,9.928265571594238,1.0,0.0,0.0,0.0,0.03248463198542595,0.9705430865287781,False,False,True
official_test,facedancer,netherland-flickr_M_26828968014_910728ddd9_k,iphone15,test/attack/facedancer/iphone15/netherland-flickr_M_26828968014_910728ddd9_k.jpg,1.0,1.0,0.0,0.9999115467071533,29.13631820678711,9.332984924316406,True,1.0,0.25,10,0.0039215851575136185,0.0,10,0,0.537584125995636,0.05225739628076553,0.06882575899362564,0.537584125995636,0.052257388830184937,0.48532673716545105,0.9027921653501183,True,7.810798645019531,0.7592707872390747,7.0515278577804565,0.9027921699500966,1.0,0.0,1.0,0.23856529593467712,0.7991230487823486,False,False,True
official_test,facedancer,chinese2-flickr_F_30990251270_6801e68759_c,scan,test/attack/facedancer/scan/chinese2-flickr_F_30990251270_6801e68759_c.jpg,1.0,0.9999986886978149,1.3113021850585938e-06,0.9734078645706177,13.501655578613281,3.600186347961426,True,1.0,0.25,10,0.0039215851575136185,0.0,7,0,0.5828462839126587,0.07525156438350677,0.08271412551403046,0.5828462839126587,0.07525156438350677,0.5075947195291519,0.8708895184535766,True,7.046514511108398,0.9097788333892822,6.136735677719116,0.870889525317081,1.0,0.0,1.0,0.03749564290046692,0.9678183794021606,False,False,True
official_test,facedancer,chinese2-flickr_M_24291592906_b097dd45e5_k,iphone15,test/attack/facedancer/iphone15/chinese2-flickr_M_24291592906_b097dd45e5_k.jpg,1.0,1.0,0.0,0.9999997615814209,22.53797149658203,15.09324836730957,True,1.0,0.25,10,0.0039215851575136185,0.0,6,0,0.55904221534729,0.083712637424469,0.08265280723571777,0.5590422749519348,0.083712637424469,0.4753296375274658,0.8502570535803103,True,6.763741970062256,1.0128226280212402,5.750919342041016,0.8502570570396969,1.0,0.0,1.0,0.17738685011863708,0.831861138343811,False,False,True
official_test,facedancer,chinese2-flickr_F_39035705701_833f3da9bf_o,huawei,test/attack/facedancer/huawei/chinese2-flickr_F_39035705701_833f3da9bf_o.jpg,1.0,0.9998937845230103,0.0001062154769897461,0.9241642355918884,9.14981460571289,2.5003199577331543,True,1.0,0.25,10,0.0039215851575136185,0.0,7,0,0.47041055560112,0.0003445004695095122,0.08396491408348083,0.4704105257987976,0.00034450044040568173,0.4700660253583919,0.9992676600086261,True,5.6024651527404785,0.004102909471839666,5.598362243268639,0.9992676599746751,1.0,0.0,1.0,0.08165448904037476,0.9196019172668457,False,False,True
official_test,facedancer,chinese2-flickr_F_25164779518_a723fab6b8_o,iphone15,test/attack/facedancer/iphone15/chinese2-flickr_F_25164779518_a723fab6b8_o.jpg,1.0,1.0,0.0,0.9999865293502808,25.149398803710938,11.21884536743164,True,1.0,0.25,10,0.0039215851575136185,0.0,10,0,0.5140414237976074,0.03533081337809563,0.09468347579240799,0.5140414237976074,0.03533080965280533,0.4787106141448021,0.9312685553786886,True,5.429050922393799,0.37314650416374207,5.055904418230057,0.9312685569728986,1.0,0.0,1.0,0.26539814472198486,0.7169585227966309,False,False,True
official_test,facedancer,singapore-flickr_F_33574462985_422fca6322_c,huawei,test/attack/facedancer/huawei/singapore-flickr_F_33574462985_422fca6322_c.jpg,1.0,0.9999991655349731,8.344650268554688e-07,0.9996353387832642,14.0228910446167,7.916116714477539,True,1.0,0.25,10,0.0039215851575136185,0.0,10,0,0.3281879127025604,0.0,0.03365384787321091,0.3281879425048828,0.0,0.3281879425048828,1.0,True,9.751870155334473,0.0,9.751870155334473,1.0,0.0,0.0,0.0,0.036531176418066025,0.9569758176803589,False,False,True
official_test,facedancer,netherland-flickr_M_19475853574_c947539b18_c,scan,test/attack/facedancer/scan/netherland-flickr_M_19475853574_c947539b18_c.jpg,1.0,1.0,0.0,0.9625248312950134,18.552583694458008,3.2458810806274414,True,1.0,0.25,10,0.0039215851575136185,0.0,10,0,0.5688230395317078,0.04484674334526062,0.07308560609817505,0.568822979927063,0.04484675079584122,0.5239762291312218,0.9211586866592631,True,7.782968997955322,0.6136195063591003,7.169349491596222,0.921158685519587,1.0,0.0,1.0,0.23017475008964539,0.769847571849823,False,False,True
