evaluation_split,variant,selection_scope,evidence_role,area_bin,n_images,n_stems,attack_probability_mean,attack_probability_median,attack_recall_at_0_5,zero_cam_fraction,padding_energy_mean,pointing_padding,face_share_altered_energy_mean,text_share_altered_energy_mean,A_mean,A_median,A_mean_ci_low,A_mean_ci_high,A_median_ci_low,A_median_ci_high,E_mean,E_median,E_mean_ci_low,E_mean_ci_high,E_median_ci_low,E_median_ci_high,mu_w_mean,mu_w_median,mu_w_mean_ci_low,mu_w_mean_ci_high,mu_w_median_ci_low,mu_w_median_ci_high,PG_mean,PG_median,PG_mean_ci_low,PG_mean_ci_high,PG_median_ci_low,PG_median_ci_high,energy_gain_mean,energy_gain_median,energy_gain_mean_ci_low,energy_gain_mean_ci_high,energy_gain_median_ci_low,energy_gain_median_ci_high,face_A_mean,face_A_median,face_A_mean_ci_low,face_A_mean_ci_high,face_A_median_ci_low,face_A_median_ci_high,face_E_mean,face_E_median,face_E_mean_ci_low,face_E_mean_ci_high,face_E_median_ci_low,face_E_median_ci_high,face_mu_w_mean,face_mu_w_median,face_mu_w_mean_ci_low,face_mu_w_mean_ci_high,face_mu_w_median_ci_low,face_mu_w_median_ci_high,face_PG_mean,face_PG_median,face_PG_mean_ci_low,face_PG_mean_ci_high,face_PG_median_ci_low,face_PG_median_ci_high,text_A_mean,text_A_median,text_A_mean_ci_low,text_A_mean_ci_high,text_A_median_ci_low,text_A_median_ci_high,text_E_mean,text_E_median,text_E_mean_ci_low,text_E_mean_ci_high,text_E_median_ci_low,text_E_median_ci_high,text_mu_w_mean,text_mu_w_median,text_mu_w_mean_ci_low,text_mu_w_mean_ci_high,text_mu_w_median_ci_low,text_mu_w_median_ci_high,text_PG_mean,text_PG_median,text_PG_mean_ci_low,text_PG_mean_ci_high,text_PG_median_ci_low,text_PG_median_ci_high
dev_val,digital_1,all_attacks,heldout_primary,all,153,51,0.9997553934458814,0.9999979734420776,1.0,0.0,0.0029946975091119017,0.0,0.9237968579883407,0.0762031420116591,0.1589752484393536,0.14398513812576313,0.14503177784059076,0.1742616103100318,0.13011087200598803,0.1607337364783654,0.7066456609302096,0.7084750533103943,0.6774502727282203,0.736104727419568,0.6736665368080139,0.7440676093101501,4.774537444322275,4.7266918597600736,4.455387372826248,5.086166567342872,4.350925857679373,5.121440453274405,1.0,1.0,1.0,1.0,1.0,1.0,0.5476704124908561,0.5536465157297187,0.5234933299189346,0.5719027074115475,0.531212702198165,0.5724417766885894,0.1424171409456948,0.1292605161097852,0.12838058862688143,0.15769272792144465,0.11361115361077112,0.1463081001805054,0.6578061513456643,0.6618700623512268,0.6233254892471569,0.6919001385666965,0.6234256029129028,0.701974630355835,5.053088240953875,4.915559751246043,4.660576599253038,5.439027488577355,4.465595283100716,5.438528331397526,0.8758169934640523,1.0,0.7908496732026143,0.9477124183006536,1.0,1.0,0.01663300409789998,0.015946191051995164,0.015504656668712627,0.017777417822824486,0.014373180912990197,0.01802267957089552,0.04891552850512751,0.04804730415344238,0.04249827959456822,0.055541483656403566,0.039843715727329254,0.05272955819964409,2.8958242897765625,2.8133260005515233,2.563387767485856,3.243437000165706,2.534100945082249,3.107121517783717,0.12418300653594772,0.0,0.05228758169934641,0.20915032679738563,0.0,0.0
dev_val,digital_1,all_attacks,heldout_primary,small,7,3,0.999907306262425,0.999994158744812,1.0,0.0,0.00034250139080021266,0.0,0.8998728206591575,0.10012717934084248,0.08257789476473594,0.08133797429620564,0.0743980691687345,0.08849975032752402,0.0743980691687345,0.08925875603864734,0.5412337524550301,0.5449699759483337,0.4575006067752838,0.5839971502621969,0.4575006067752838,0.6026114225387573,6.544988848329537,6.653054537702802,6.149361292396908,6.626371807505247,6.149361292396909,6.703525516546766,1.0,1.0,1.0,1.0,1.0,1.0,0.45865585769029416,0.4586241820913655,0.38310253760654933,0.49549739993467284,0.38310253760654933,0.5127167214518008,0.06663876319529105,0.06351600749694003,0.0559863523573201,0.07611290196701784,0.0559863523573201,0.07583455993357488,0.48946536438805716,0.5067698955535889,0.3771330416202545,0.5534635186195374,0.3771330416202545,0.5744143724441528,7.341180527564743,7.4256015305215195,6.736160255865376,7.616637423812855,6.736160255865377,7.930638212087512,1.0,1.0,1.0,1.0,1.0,1.0,0.015939131569444886,0.01757328454151177,0.012386848360506192,0.018667219697727073,0.011893439440993789,0.018411716811414392,0.05176836172384875,0.04905576631426811,0.030533602461218834,0.0803675726056099,0.029995620250701904,0.0803675726056099,3.153137366209663,2.9967010004369943,2.4759701733513118,4.365023285378027,2.2344444327186017,4.365023285378027,0.0,0.0,0.0,0.0,0.0,0.0
dev_val,digital_1,all_attacks,heldout_primary,medium,54,20,0.9998753114982888,0.9999975562095642,1.0,0.0,0.0022634817771716,0.0,0.9184091390396063,0.0815908609603938,0.11527160074526917,0.1150906341489688,0.11104130709672295,0.11949014803458974,0.10931691449814127,0.11866442991955446,0.6470920178625319,0.6585783064365387,0.611204726919018,0.6830347854490006,0.6228739321231842,0.6785580515861511,5.647010646659859,5.762596395546284,5.278412886934383,6.019644193761514,5.214054535503564,6.005653982416525,1.0,1.0,1.0,1.0,1.0,1.0,0.5318204171172627,0.5417237232551539,0.49600669640882367,0.5667791412430492,0.5098442659692834,0.5715553724794364,0.09837774777976442,0.09475683558226349,0.0944003069334937,0.10260299762413183,0.09255046169108669,0.1028594827466682,0.5984590197051013,0.6110205054283142,0.552255105339582,0.6438261662609874,0.5657523274421692,0.6520415544509888,6.108710429351106,6.352862230767299,5.629922458741592,6.586697314585292,5.638103257288339,6.535724171977529,0.8518518518518519,1.0,0.7068965517241379,0.9778014184397159,1.0,1.0,0.01689385296550472,0.016111814860357305,0.014734554713349755,0.01910245919365013,0.012808038426488456,0.020213799198029344,0.04863299435021839,0.04521668888628483,0.03680363823802286,0.061009882894166576,0.03152386471629143,0.060736123472452164,2.748042123233613,2.630208955888482,2.2706797933366163,3.2072290688122704,2.359203793775661,3.1330990831167917,0.14814814814814814,0.0,0.022198581560283696,0.29310344827586204,0.0,0.0
dev_val,digital_1,all_attacks,heldout_primary,large,92,33,0.9996734481790791,0.9999980330467224,1.0,0.0,0.0036256868825136203,0.0,0.9287795219506884,0.07122047804931175,0.1904402316046023,0.18705980021936316,0.1748930510614759,0.20636190447656494,0.15601895960365852,0.2060628352205006,0.7541867488104365,0.7498756945133209,0.7207491222902025,0.7869352222460767,0.7242763042449951,0.7879549264907837,4.1277253491670525,4.117368064786104,3.828984803133617,4.425757389257358,3.8109769104863047,4.61164053024182,1.0,1.0,1.0,1.0,1.0,1.0,0.5637465172058341,0.5696164253549997,0.5312566761954993,0.5959309386624531,0.541268676162052,0.5977414188274767,0.17403209611105422,0.1698082175036826,0.1584446909241211,0.18994903133279317,0.13932801324658958,0.1885324680267966,0.7054488754466824,0.7131005227565765,0.664255219396323,0.7456047429527709,0.6660284101963043,0.7396647334098816,4.259389934652499,4.268861920084108,3.900006066017949,4.6113982697806195,3.9493248375328456,4.817239858326476,0.8804347826086957,1.0,0.7634408602150538,0.9753376906318079,1.0,1.0,0.0165326918027753,0.015940402215508905,0.015301972216570064,0.017876424375919204,0.014595908465770172,0.01802267957089552,0.04886430037288886,0.04813956096768379,0.04082287213566974,0.05760361761520239,0.0399940051138401,0.05324175953865051,2.962987827366645,2.975736344098328,2.486933100023299,3.4870614315172666,2.5071034251957847,3.2528547575913063,0.11956521739130435,0.0,0.02466230936819173,0.23655913978494625,0.0,0.0
dev_val,digital_2,all_attacks,heldout_primary,all,153,51,0.9997783100682925,0.9999996423721313,1.0,0.0,0.0045760778628032486,0.0,0.9879855988358445,0.01201440116415556,0.09258121639738075,0.08437786172161173,0.08453540138744291,0.10172520217520203,0.07500193378712872,0.09254643992130751,0.5459551197641036,0.5196416974067688,0.5133773183900546,0.5779537340686992,0.4952421486377716,0.5693032741546631,6.161298116882083,6.474623287054366,5.859529460835703,6.432536894401695,6.069680244546015,6.673728975474342,0.5228758169934641,1.0,0.4117647058823529,0.6274509803921569,0.0,1.0,0.4533739033667229,0.4335412383079529,0.427093273728871,0.4799042713440058,0.4087312920265887,0.4598881500848332,0.07647365005416401,0.06936061597472924,0.06849634437120343,0.08536364645231921,0.05842225609756098,0.07964571672885572,0.5397996742740955,0.5169247388839722,0.5074576214296755,0.5720367365510635,0.4885227084159851,0.5629598498344421,7.587634118261086,7.938059169982885,7.156021458710043,7.981812798706113,7.376232715330195,8.464817157897844,0.5228758169934641,1.0,0.4117647058823529,0.6274509803921569,0.0,1.0,0.016111260882610546,0.01575585452853598,0.015128220480879296,0.01714130623461807,0.014205423362175526,0.01749042399878641,0.006171168523108999,0.0033721737563610077,0.004631409450878968,0.007894010188733789,0.0012839778792113066,0.005689145065844059,0.3575444540055076,0.2071585830805923,0.2796488533970908,0.4418487080045438,0.10597063116699608,0.35584428323773554,0.0,0.0,0.0,0.0,0.0,0.0
dev_val,digital_2,all_attacks,heldout_primary,small,97,34,0.9997522234916687,0.9999984502792358,1.0,0.0,0.0013145973266345497,0.0,0.9869251687765316,0.013074831223468404,0.07343311056971365,0.07224431818181819,0.06981468009745628,0.07707080501756816,0.06822789167686659,0.0780891409118727,0.48544969878245875,0.4866067171096802,0.45878873664621445,0.5114922729509928,0.4576656222343445,0.5055977702140808,6.639554186949165,6.720229155595279,6.394113776527539,6.854626639719297,6.51163306199599,6.901255338450161,0.32989690721649484,0.0,0.22105263157894736,0.44680851063829785,0.0,0.0,0.41201658821274517,0.4070251690307962,0.3880642204482237,0.4352280413640993,0.3868263486553641,0.4275086293022081,0.05760010402525707,0.05597842717258262,0.05400000490939389,0.06135575291904898,0.05174476002430134,0.06109784546100233,0.4793355071667543,0.4793008267879486,0.45291982907248607,0.5058357762925803,0.4548598527908325,0.5013523697853088,8.417135475817675,8.609749165016515,8.102748812000042,8.68816976358018,8.228548418163246,8.878595817956642,0.32989690721649484,0.0,0.22105263157894736,0.44680851063829785,0.0,0.0,0.015833006544456574,0.015083657661782662,0.014509266710742293,0.01722101716580391,0.01328412224264706,0.01749042399878641,0.006114193200543198,0.0021447381004691124,0.003927193299679478,0.008496676102285246,0.0003996351733803749,0.00474251713603735,0.3484004986449139,0.14787974594281159,0.23814451346200577,0.46559263227041336,0.029349014220971945,0.3173389976756895,0.0,0.0,0.0,0.0,0.0,0.0
dev_val,digital_2,all_attacks,heldout_primary,medium,42,18,0.999982530162448,0.9999998807907104,1.0,0.0,0.007046698510791993,0.0,0.9900434089386543,0.009956591061345664,0.11327768601481772,0.11279811787725788,0.1091244686587923,0.11738463673994128,0.10656367169822784,0.1177204319120595,0.6340206343503225,0.647009551525116,0.5906585935507571,0.6800875099021054,0.5575840473175049,0.691210925579071,5.632143919086339,5.76053971406656,5.230490195460795,6.059829514636689,4.774650602227571,6.477342191892281,0.8333333333333334,1.0,0.717391304347826,0.9412184873949574,1.0,1.0,0.5207429483355048,0.5356683097417352,0.4777317734142244,0.5652665378103723,0.44016154616852554,0.5865126529471766,0.09672856765541409,0.0952826168667508,0.09198686825139911,0.10164664383007659,0.08989310694945848,0.10191404291205741,0.628041223401115,0.6452347934246063,0.583958818235745,0.6746905778793663,0.553938090801239,0.6909909844398499,6.565120652764992,6.53120016873023,6.067323043789582,7.0978095437535655,5.617652529134141,7.469308346076508,0.8333333333333334,1.0,0.717391304347826,0.9412184873949574,1.0,1.0,0.01654911835940361,0.01617507021304389,0.015101356769348966,0.01802627380395457,0.014595908465770172,0.018345593826034064,0.005979408243042545,0.0050019449554383755,0.004222063110972319,0.007855888264318996,0.002047048881649971,0.007428585086017847,0.36189913879675073,0.27063833928789505,0.25584901525208203,0.4747272981424637,0.11426695398819012,0.40581169710096604,0.0,0.0,0.0,0.0,0.0,0.0
dev_val,digital_2,all_attacks,heldout_primary,large,14,7,0.9993463924952916,1.0,1.0,0.0,0.019761616776577284,0.0,0.9891594339383681,0.010840566061631973,0.16316082649390604,0.15474723261372475,0.14219284455441797,0.17886534099312315,0.13910748106060605,0.1850788890586797,0.7009747070925576,0.6995807886123657,0.6441563677456644,0.7698200898278842,0.6172969341278076,0.7822810411453247,4.435129367661678,4.603360989579471,3.7281833445609815,5.401830612840232,3.3852550850287826,5.449269548612109,0.9285714285714286,1.0,0.8,1.0,1.0,1.0,0.5378138805986517,0.5333480885592091,0.4674164781538949,0.6269284075656404,0.4349482133895123,0.6387239947987063,0.14647560902212606,0.13513538027213706,0.12691329082355277,0.16155443052727267,0.12558238636363636,0.16773475702933985,0.6940053275653294,0.6982956230640411,0.6328164809628537,0.7650928009640087,0.6027883291244507,0.7677342295646667,4.907915108821577,5.143709958221745,4.076689497931495,6.017068071956558,3.6834321319141137,6.2569963347506885,0.9285714285714286,1.0,0.8,1.0,1.0,1.0,0.016725593509440993,0.017519816164910308,0.013952935382389326,0.018642894915315178,0.013525094696969697,0.019353053721488597,0.007141206955371412,0.006355344085022807,0.0029229374649730744,0.012676951983435587,6.303144800767768e-06,0.01454679574817419,0.40783494748732046,0.3976518784401277,0.1766426088805637,0.7046851457946923,0.0006247965755373841,0.8403371585845782,0.0,0.0,0.0,0.0,0.0,0.0
official_test,digital_3,clean_correct_at_0.5,exploratory_clean_correct,all,6,4,0.7335763076941172,0.7385642826557159,1.0,0.0,0.003917779554891847,0.0,0.0,1.0,0.02601111807274949,0.026519705022937455,0.022341336684795536,0.029390278346310323,0.021679925976800976,0.029411764705882353,0.0007448915154479133,0.0003195033277734183,6.381304202867406e-05,0.0016690489532525785,0.0,0.0018450712086632848,0.03366929587977783,0.012155665714698321,0.0023667514096262074,0.07717336939666995,0.0,0.08613258006146329,0.0,0.0,0.0,0.0,0.0,0.0,-0.02526622655730158,-0.026200201695164037,-0.029326465304281648,-0.020672287731542956,-0.029411764705882353,-0.019694654748323617,,,,,,,,,,,,,,,,,,,,,,,,,0.02601111807274949,0.026519705022937455,0.022341336684795536,0.029390278346310323,0.021679925976800976,0.029411764705882353,0.0007448915154479133,0.0003195033277734183,6.381304202867406e-05,0.0016690489532525785,0.0,0.0018450712086632848,0.03366929587977783,0.012155665714698321,0.0023667514096262074,0.07717336939666995,0.0,0.08613258006146329,0.0,0.0,0.0,0.0,0.0,0.0
official_test,digital_3,clean_correct_at_0.5,exploratory_clean_correct,small,6,4,0.7335763076941172,0.7385642826557159,1.0,0.0,0.003917779554891847,0.0,0.0,1.0,0.02601111807274949,0.026519705022937455,0.022341336684795536,0.029390278346310323,0.021679925976800976,0.029411764705882353,0.0007448915154479133,0.0003195033277734183,6.381304202867406e-05,0.0016690489532525785,0.0,0.0018450712086632848,0.03366929587977783,0.012155665714698321,0.0023667514096262074,0.07717336939666995,0.0,0.08613258006146329,0.0,0.0,0.0,0.0,0.0,0.0,-0.02526622655730158,-0.026200201695164037,-0.029326465304281648,-0.020672287731542956,-0.029411764705882353,-0.019694654748323617,,,,,,,,,,,,,,,,,,,,,,,,,0.02601111807274949,0.026519705022937455,0.022341336684795536,0.029390278346310323,0.021679925976800976,0.029411764705882353,0.0007448915154479133,0.0003195033277734183,6.381304202867406e-05,0.0016690489532525785,0.0,0.0018450712086632848,0.03366929587977783,0.012155665714698321,0.0023667514096262074,0.07717336939666995,0.0,0.08613258006146329,0.0,0.0,0.0,0.0,0.0,0.0
official_test,facedancer,all_family,unseen_family_primary,all,150,89,0.954557366296649,0.9999983310699463,0.96,0.0,0.013705216106318403,0.0,1.0,0.0,0.06544362446418586,0.07418231323946221,0.06075092929346445,0.06996224605651877,0.07147687768484695,0.07671627187663363,0.488759491443634,0.5259523689746857,0.4635162315325842,0.5134481166199397,0.5055806040763855,0.551628828048706,7.8328905219629075,7.708228971494204,7.549963854449881,8.12152247094161,7.440178561464105,7.853506572457442,0.7,1.0,0.5986382581201495,0.8000310559006207,1.0,1.0,0.4233158669794482,0.45312354012873624,0.40230829313136246,0.4438185587015688,0.4281054393332583,0.4763734398559345,0.06544362446418586,0.07418231323946221,0.06075092929346445,0.06996224605651877,0.07147687768484695,0.07671627187663363,0.488759491443634,0.5259523689746857,0.4635162315325842,0.5134481166199397,0.5055806040763855,0.551628828048706,7.8328905219629075,7.708228971494204,7.549963854449881,8.12152247094161,7.440178561464105,7.853506572457442,0.7,1.0,0.5986382581201495,0.8000310559006207,1.0,1.0,,,,,,,,,,,,,,,,,,,,,,,,
official_test,facedancer,all_family,unseen_family_primary,small,149,88,0.9542523821778346,0.9999983310699463,0.959731543624161,0.0,0.013659680393761205,0.0,1.0,0.0,0.06524738383065493,0.07415064601494396,0.06065191151738368,0.06984045581427735,0.07144899581265508,0.07671610718795188,0.488589693235871,0.5272332429885864,0.463273485826507,0.5131895215855791,0.5052665628492832,0.5529330372810364,7.849022398023707,7.7243377253202095,7.560507762925717,8.136119499566034,7.440178561464105,7.863804348991437,0.697986577181208,1.0,0.5955882352941176,0.7974136669593207,1.0,1.0,0.42334230940521606,0.4536787960701082,0.40214784584102886,0.4440358706736452,0.42864748303049394,0.47655756216423184,0.06524738383065493,0.07415064601494396,0.06065191151738368,0.06984045581427735,0.07144899581265508,0.07671610718795188,0.488589693235871,0.5272332429885864,0.463273485826507,0.5131895215855791,0.5052665628492832,0.5529330372810364,7.849022398023707,7.7243377253202095,7.560507762925717,8.136119499566034,7.440178561464105,7.863804348991437,0.697986577181208,1.0,0.5955882352941176,0.7974136669593207,1.0,1.0,,,,,,,,,,,,,,,,,,,,,,,,
official_test,facedancer,all_family,unseen_family_primary,medium,1,1,1.0,1.0,1.0,0.0,0.02049003727734089,0.0,1.0,0.0,0.09468347886029412,0.09468347886029412,0.09468347886029412,0.09468347886029412,0.09468347886029412,0.09468347886029412,0.5140594244003296,0.5140594244003296,0.5140594244003296,0.5140594244003296,0.5140594244003296,0.5140594244003296,5.429240988903952,5.429240988903952,5.429240988903952,5.429240988903952,5.429240988903952,5.429240988903952,1.0,1.0,1.0,1.0,1.0,1.0,0.4193759455400355,0.4193759455400355,0.4193759455400355,0.4193759455400355,0.4193759455400355,0.4193759455400355,0.09468347886029412,0.09468347886029412,0.09468347886029412,0.09468347886029412,0.09468347886029412,0.09468347886029412,0.5140594244003296,0.5140594244003296,0.5140594244003296,0.5140594244003296,0.5140594244003296,0.5140594244003296,5.429240988903952,5.429240988903952,5.429240988903952,5.429240988903952,5.429240988903952,5.429240988903952,1.0,1.0,1.0,1.0,1.0,1.0,,,,,,,,,,,,,,,,,,,,,,,,
official_test,textdiffuserft_bfei,clean_correct_at_0.5,exploratory_clean_correct,all,32,25,0.7654401119798422,0.7773893773555756,1.0,0.0,0.006391371501649701,0.0,0.0,1.0,0.04277688251546978,0.0429796039337478,0.041239839220202426,0.044326975776413785,0.04075393955542022,0.04426595661672909,0.00977114119628908,0.002657652832567692,0.005024439194076578,0.016174096718676128,0.0014957273378968239,0.0071180209051817656,0.2431791938856806,0.06367325311876186,0.11691171683637847,0.41763121705842465,0.03509437203073368,0.16028658501979423,0.0,0.0,0.0,0.0,0.0,0.0,-0.0330057413191807,-0.03831905868677568,-0.038259712091746896,-0.025925862018300307,-0.04112442088948704,-0.03643963123383896,,,,,,,,,,,,,,,,,,,,,,,,,0.04277688251546978,0.0429796039337478,0.041239839220202426,0.044326975776413785,0.04075393955542022,0.04426595661672909,0.00977114119628908,0.002657652832567692,0.005024439194076578,0.016174096718676128,0.0014957273378968239,0.0071180209051817656,0.2431791938856806,0.06367325311876186,0.11691171683637847,0.41763121705842465,0.03509437203073368,0.16028658501979423,0.0,0.0,0.0,0.0,0.0,0.0
official_test,textdiffuserft_bfei,clean_correct_at_0.5,exploratory_clean_correct,small,32,25,0.7654401119798422,0.7773893773555756,1.0,0.0,0.006391371501649701,0.0,0.0,1.0,0.04277688251546978,0.0429796039337478,0.041239839220202426,0.044326975776413785,0.04075393955542022,0.04426595661672909,0.00977114119628908,0.002657652832567692,0.005024439194076578,0.016174096718676128,0.0014957273378968239,0.0071180209051817656,0.2431791938856806,0.06367325311876186,0.11691171683637847,0.41763121705842465,0.03509437203073368,0.16028658501979423,0.0,0.0,0.0,0.0,0.0,0.0,-0.0330057413191807,-0.03831905868677568,-0.038259712091746896,-0.025925862018300307,-0.04112442088948704,-0.03643963123383896,,,,,,,,,,,,,,,,,,,,,,,,,0.04277688251546978,0.0429796039337478,0.041239839220202426,0.044326975776413785,0.04075393955542022,0.04426595661672909,0.00977114119628908,0.002657652832567692,0.005024439194076578,0.016174096718676128,0.0014957273378968239,0.0071180209051817656,0.2431791938856806,0.06367325311876186,0.11691171683637847,0.41763121705842465,0.03509437203073368,0.16028658501979423,0.0,0.0,0.0,0.0,0.0,0.0
project_train,digital_1,all_attacks,training_diagnostic,all,480,160,0.999732692912221,0.9999958872795105,1.0,0.0,0.0025060402445507596,0.0,0.9211420870768211,0.07885791292317897,0.1543771328596997,0.14867592289611775,0.14745615596532158,0.16173470714345492,0.1389859128978436,0.1574567803316407,0.698117804651459,0.6995474696159363,0.683500934409288,0.7131971335069587,0.6829681418836117,0.7113173305988312,4.803050806842763,4.869097155182946,4.629984202054619,4.973779025210126,4.655690263272543,5.055019498896147,0.9916666666666667,1.0,0.9833333333333333,0.9979166666666667,1.0,1.0,0.5437406717917594,0.5402086284253848,0.530913672925769,0.5568752334886297,0.5272674372009144,0.5517962373853175,0.1376475315563961,0.13123773914452277,0.13085411049728435,0.14505329858433358,0.12342225908526204,0.14084805273567638,0.6464042929311593,0.6428578495979309,0.6298157490013788,0.6635156458057463,0.6239813268184662,0.6620145954191684,5.068745097946009,5.093308790031111,4.855891169532811,5.280887011996656,4.819618016516667,5.34745762186505,0.9208333333333333,1.0,0.8895833333333333,0.95,1.0,1.0,0.016770237602416947,0.01570549829745292,0.016129912654076706,0.01743509958966214,0.015128395352093602,0.016813771103675677,0.05176576969694603,0.05215776711702347,0.04813568084335278,0.055337534971480785,0.048240501433610916,0.05536361038684845,3.0528708148026973,3.0656609214015678,2.8741942886249006,3.22936774114036,2.9300249580443403,3.287726512316722,0.07083333333333333,0.0,0.04375,0.10208333333333333,0.0,0.0
project_train,digital_1,all_attacks,training_diagnostic,small,18,11,0.9999877148204379,0.9999979734420776,1.0,0.0,0.0007512540183193374,0.0,0.9048026270124188,0.09519737298758119,0.08621240543087494,0.0875049960618431,0.08279907908325114,0.08883357048562757,0.08530844767792521,0.09057763730492197,0.5473051650656594,0.5634424090385437,0.5158383056083147,0.580510849524446,0.4985003173351288,0.5931445956230164,6.345202493676711,6.348793608306826,6.060256795072548,6.62768760799239,6.019510258069179,6.779518129747435,0.9444444444444444,1.0,0.8421052631578947,1.0,1.0,1.0,0.46109275963478447,0.4727630338715566,0.43133427274927805,0.49231773774159765,0.4149830960310422,0.5044082964540517,0.06926201813406682,0.0698609779684568,0.06487001785793967,0.07365289294100788,0.06516400505514706,0.07748281056860322,0.49759723246097565,0.5088675767183304,0.45823965594982324,0.5441777854581182,0.4455391764640808,0.5550556480884552,7.187799572987168,7.040755742230567,6.728081164555507,7.588714243110827,6.645165104403732,7.72126162558899,0.8888888888888888,1.0,0.6842105263157895,1.0,1.0,1.0,0.016950387296808124,0.016773406827452042,0.014181818553783716,0.019519269496599653,0.013155467269235346,0.020882317937255764,0.04970792668043739,0.049744244664907455,0.033917378183618625,0.062366471434585166,0.027061969973146915,0.06895186752080917,2.831760111263277,3.0018458392184986,2.154716100550442,3.3754449182058304,1.705634274112624,3.638911020043362,0.05555555555555555,0.0,0.0,0.15789473684210525,0.0,0.0
project_train,digital_1,all_attacks,training_diagnostic,medium,162,65,0.9999494622518987,0.999998152256012,1.0,0.0,0.0021656384821615525,0.0,0.9227998230290259,0.07720017697097392,0.1131575117234395,0.11282102402964547,0.11051807461895354,0.11590762222655397,0.10894019717261905,0.11680714232377538,0.6444849920125655,0.6421648561954498,0.6275076786665003,0.661763186739313,0.6214185953140259,0.6612812876701355,5.7334198304828226,5.738884564153991,5.56577481414395,5.906481655117529,5.53353334435433,5.897220995648818,0.9876543209876543,1.0,0.9685534591194969,1.0,1.0,1.0,0.531327480289126,0.5293008752535486,0.5149480966929348,0.5480332473429239,0.514193978475694,0.5406448089093717,0.0968404267033517,0.09573219451112522,0.09457825433215382,0.09920676343345437,0.09359163851351351,0.09850007584951456,0.5972812453537811,0.5920986533164978,0.5765663662613851,0.6187436211015999,0.5701353549957275,0.6149396009743212,6.205450582425154,6.2202345631491,5.986693180523778,6.437915425899899,5.915626171037062,6.380529828086987,0.9074074074074074,1.0,0.8466257668711656,0.958829549363605,1.0,1.0,0.016317085020087812,0.015283473905041787,0.015254492477984284,0.01746083359431909,0.01387458028083028,0.01704220655487805,0.0472037423586036,0.048360180109739304,0.04170835153984025,0.05252762485197982,0.04132555308751762,0.05531652644276619,2.8564008609904383,3.0236379501883324,2.5798346238641146,3.125405107657418,2.6892907473881085,3.2924452626875857,0.08024691358024691,0.0,0.031055900621118012,0.14110609888127026,0.0,0.0
project_train,digital_1,all_attacks,training_diagnostic,large,300,107,0.999600336154302,0.9999938011169434,1.0,0.0,0.002795144369814816,0.0,0.9212272772664944,0.07877272273350557,0.18072561191900968,0.17501976243295575,0.1741422243895286,0.18788832015794255,0.16644425541024524,0.18627952283113947,0.7361282818516095,0.7329253554344177,0.7199924798219774,0.7526710150369776,0.7128252685070038,0.7467105388641357,4.208122432867094,4.244931158721439,4.043854768562395,4.3697052514506955,3.953786797311789,4.4981210718763265,0.9966666666666667,1.0,0.9897260273972602,1.0,1.0,1.0,0.5554026699325999,0.5505581469182259,0.5381723542987693,0.5724370793611041,0.5360549739176348,0.5667968108794097,0.16378649898237982,0.15958284511721127,0.15729464938151264,0.17089672571312484,0.1510335791925466,0.16767506494498777,0.6818591622511546,0.6778205335140228,0.6619003492304965,0.7021742808405225,0.6551159024238586,0.6920509509742258,4.327780867824802,4.2806466953040205,4.133401992616963,4.522712438340814,4.022035049325373,4.6417011794865815,0.93,1.0,0.893687707641196,0.9619409974943324,1.0,1.0,0.017004131015211203,0.015738341353359272,0.01616708546426133,0.017863721059121176,0.015154198985680191,0.017241461644254278,0.05435273504064147,0.05340204015374184,0.04982662052711666,0.05897799554092622,0.04952177032828331,0.05853573605418205,3.1722312320736825,3.133335529354709,2.9451427773091985,3.397481841031289,2.9218623779694948,3.384303454148809,0.06666666666666667,0.0,0.035483870967741936,0.10265127460763854,0.0,0.0
project_train,digital_2,all_attacks,training_diagnostic,all,480,160,0.9995682782183091,0.9999985694885254,1.0,0.0,0.002974797861977644,0.0,0.9845787535472095,0.015421246452790529,0.08920432324803847,0.08395897336470393,0.08545236238525791,0.09318361037125085,0.08072569567101306,0.08890335648148148,0.5383226823993027,0.526037335395813,0.5209756459730367,0.5556869009959822,0.507430087029934,0.5454970598220825,6.205732934164198,6.421044704348904,6.054596210110716,6.352533843419501,6.284644618323265,6.52980967716938,0.5791666666666667,1.0,0.5208333333333334,0.6375,1.0,1.0,0.44911835915126425,0.43812879050686526,0.43431399927550496,0.4638708706141973,0.4213820622499736,0.45965840244752604,0.0729063775439695,0.0690338363002343,0.06932995199263295,0.07680694954870108,0.06585767251815981,0.07265079169198056,0.5308623736879478,0.5215775966644287,0.513430412322826,0.5484576386438372,0.4996110647916794,0.5392602920532227,7.6275570901030925,7.813262316423401,7.412068459059974,7.835543169481222,7.568939741494249,8.086315857719764,0.5770833333333333,1.0,0.51875,0.6333333333333333,1.0,1.0,0.016297945704068978,0.015463841293190641,0.015695293254456937,0.01690656720383332,0.014861482144961264,0.016210888506744115,0.0074603080420590235,0.0029754702700302005,0.006112786218934333,0.008918737157973958,0.001897790150542278,0.004916269797831774,0.438345311220479,0.1982937517225986,0.3641830049546534,0.5198012480294752,0.09998746096068842,0.2976819889763227,0.0020833333333333333,0.0,0.0,0.00625,0.0,0.0
project_train,digital_2,all_attacks,training_diagnostic,small,302,107,0.9996875153472092,0.9999987483024597,1.0,0.0,0.0010619205241214603,0.0,0.9858652911136985,0.014134708886301584,0.07401263465587087,0.07531652351837474,0.07202086633646172,0.07595946393022955,0.07262336334265417,0.0773333835946924,0.4862668982010014,0.4832138270139694,0.47235053794569404,0.5007126655307494,0.47098611295223236,0.5005216598510742,6.6008019466477625,6.664998997766929,6.477067102211973,6.723594963857082,6.519721323361788,6.813682879663354,0.4768211920529801,0.0,0.40131525719638905,0.5529801324503312,0.0,1.0,0.4122542635451306,0.40783839723345955,0.399970974580976,0.4251054134614457,0.39672246502445113,0.4263466989679588,0.0583960712711994,0.05826549345775897,0.05642850850615566,0.06039229627671824,0.054768516421006,0.06277296686746987,0.4798460847001202,0.4784509837627411,0.4659736625536143,0.49471161692177984,0.4647673964500427,0.4936259090900421,8.313934861291889,8.422362835049336,8.148651223634525,8.478305711328561,8.256036590380253,8.65910377794853,0.4735099337748344,0.0,0.3980263157894737,0.5488215488215489,0.0,1.0,0.015616563384671451,0.014628838904490599,0.014915193521265161,0.0163376804153966,0.013915691085512261,0.015795042321644498,0.006420813972436599,0.0019281035056337714,0.004821825624091412,0.00827849040974002,0.0007054177716781852,0.003354481654241681,0.3917522479603055,0.1170460935311036,0.30344763959042353,0.49602934433098933,0.05126960032037848,0.2252157906731975,0.0033112582781456954,0.0,0.0,0.010101010101010102,0.0,0.0
project_train,digital_2,all_attacks,training_diagnostic,medium,158,62,0.9997991595087172,0.9999986886978149,1.0,0.0,0.005948591503174381,0.0,0.981961340557646,0.018038659442354124,0.1093574507468002,0.10878393677130771,0.10697364160379222,0.11172677268010424,0.10543686598219432,0.11256565522974607,0.6106066101148159,0.6347122490406036,0.5862914594893273,0.6336855886989797,0.5868156552314758,0.6543057858943939,5.624370626082672,5.759946783067902,5.3818188622125325,5.86428631972937,5.356940288329946,6.070476244080742,0.740506329113924,1.0,0.6687116564417178,0.8121306818181817,1.0,1.0,0.5012491593680156,0.5229591022577809,0.4769597470601882,0.5243519074848194,0.48667030556601765,0.5471256104525478,0.09209441800556356,0.09182068192943288,0.08969741140124983,0.09440703878571775,0.0888058574879227,0.09478880977577304,0.6013383521592315,0.6246389448642731,0.5761034332908546,0.6252386492219262,0.5762256383895874,0.6427907347679138,6.588515164039057,6.844110256116602,6.294682307760478,6.880423149619632,6.286049996221908,7.174729580651755,0.740506329113924,1.0,0.6687116564417178,0.8121306818181817,1.0,1.0,0.01726303274123664,0.016244404340480002,0.016290156897489222,0.018314946785423437,0.015170560024752476,0.017868357947624848,0.00926825645952888,0.005908491322770715,0.0069758199423065785,0.01179408804077973,0.00267007015645504,0.007659165188670158,0.5206205286176372,0.3775351978030155,0.3995904182517664,0.6496950345444997,0.19434102817061624,0.4773308105807937,0.0,0.0,0.0,0.0,0.0,0.0
project_train,digital_2,all_attacks,training_diagnostic,large,20,10,0.9959438353776932,0.9999797940254211,1.0,0.0,0.008366275898151799,0.0,0.9858295989107789,0.014170401089221204,0.1593891137495519,0.15780761165188947,0.14511690783940084,0.17396099692858524,0.13792741650047952,0.17607609269230706,0.7533219948410987,0.7831116914749146,0.6766846710646695,0.804382379622095,0.6477510929107666,0.8316702842712402,4.832953079506445,4.803252563291921,4.169233244328644,5.472449758073796,3.9634845359268365,5.720222444936794,0.85,1.0,0.7,1.0,1.0,1.0,0.5939328810915468,0.6336883603681851,0.5122517604638247,0.65231266965004,0.4944094477347957,0.6736188136790096,0.14042648261620475,0.13685322493527718,0.12427907756009962,0.15620122079909612,0.11970979443772672,0.16265245090399003,0.7444481074810028,0.7765839099884033,0.6613469388335943,0.7992710101198066,0.6334860324859619,0.8300422728061676,5.471683961058147,5.654105198934094,4.626527911338889,6.302801482886742,4.426949485937082,6.570643787078042,0.85,1.0,0.7,1.0,1.0,1.0,0.01896263113334715,0.016891286106553674,0.016268422757205955,0.022864193619718722,0.015585044374247894,0.023579717839805826,0.008873875995345771,0.005619094939902425,0.004097813428312624,0.015220816855622205,0.0005766891990788281,0.013475538231432438,0.4919263490115494,0.27762592318808776,0.2070145212302731,0.8724151139322058,0.023055237075353043,0.8452157236561917,0.0,0.0,0.0,0.0,0.0,0.0
