global_order,image_path,variant,hardware_source,native_pixels,image_dir,marker_sha256,wall_seconds,gradient_seconds,reference_seconds
1,train/attack/digital_1/huawei/arabic-024_03.jpg,digital_1,huawei,6328881,/home/u5757978/ForgedDocDeepID/output/LABPC/trufor_adversarial_localisation_attack/full_population/images/01_c059abb99123,8892c6b4afe233e7d14e8db9ecd24a98693e3aaccc038c81703472d0ad685eff,1050.9928027879998,582.4348013190003,426.29370259700033
2,train/attack/digital_1/iphone15pro/arabic-024_03.jpg,digital_1,iphone15pro,4840212,/home/u5757978/ForgedDocDeepID/output/LABPC/trufor_adversarial_localisation_attack/full_population/images/02_8a15bc3597b8,5f172c165c21ee70270029d49d2a72687244743f086283de32daff517801b0a8,95.65699516699988,58.50515000599967,21.75823389300035
3,train/attack/digital_1/scan/arabic-024_03.jpg,digital_1,scan,2491732,/home/u5757978/ForgedDocDeepID/output/LABPC/trufor_adversarial_localisation_attack/full_population/images/03_79b9e6078a93,dd63644d04b5267e94087ba79db17f03f97213001eb2a41f2df7c40da2d5627b,33.248906154999986,17.373939926999583,7.037337645999742
4,train/attack/digital_2/huawei/arabic-024_03.jpg,digital_2,huawei,6328881,/home/u5757978/ForgedDocDeepID/output/LABPC/trufor_adversarial_localisation_attack/full_population/images/04_098c59508303,b38ad36f5bb5629b8577d5bd65acde8abe2914c9940f11e0ab17fb3e90bd9ad1,1083.8298539419998,566.1104264179999,477.43612904300016
5,train/attack/digital_2/iphone15pro/arabic-024_03.jpg,digital_2,iphone15pro,4840212,/home/u5757978/ForgedDocDeepID/output/LABPC/trufor_adversarial_localisation_attack/full_population/images/05_af12047648ad,d858b603c7a5b6d76ee844ec6ee3529d8ec3bb693544d77544ff300255e95f65,122.51672976500004,75.82799214299985,28.60070350800015
6,train/attack/digital_2/scan/arabic-024_03.jpg,digital_2,scan,2491732,/home/u5757978/ForgedDocDeepID/output/LABPC/trufor_adversarial_localisation_attack/full_population/images/06_fbed0fa88c98,da44ac3e1fb9e031ac4307cb9b5e0ccc1f10930f65f538134aa666e12f3a2531,32.4188458829999,17.298342749999392,6.991045275999568
7,train/attack/digital_1/huawei/arabic-120_03.jpg,digital_1,huawei,6247484,/home/u5757978/ForgedDocDeepID/output/LABPC/trufor_adversarial_localisation_attack/full_population/images/07_0276e20a0ead,3f84072d0f01409623a8c15c420846bda416af9c640cfc43b573bd7063cd8ec5,701.9302351819997,372.65128865099996,290.03986241099983
8,train/attack/digital_1/iphone15pro/arabic-120_03.jpg,digital_1,iphone15pro,4808016,/home/u5757978/ForgedDocDeepID/output/LABPC/trufor_adversarial_localisation_attack/full_population/images/08_e1549485f43a,a7cd4b3173e8131008b182f00332f06596d90b9183de57dbf762eb527e163537,108.54349717599962,67.08768165899937,24.127184991999457
9,train/attack/digital_1/scan/arabic-120_03.jpg,digital_1,scan,2488008,/home/u5757978/ForgedDocDeepID/output/LABPC/trufor_adversarial_localisation_attack/full_population/images/09_5f783b197c8a,548b70a7080db9ab31a54dc15b69427707c81b16644c7b67cdb6c5e520b5087a,33.00236668200023,17.306671275998724,6.975159206000171
10,train/attack/digital_2/huawei/arabic-120_03.jpg,digital_2,huawei,6247484,/home/u5757978/ForgedDocDeepID/output/LABPC/trufor_adversarial_localisation_attack/full_population/images/10_98468458e77c,9a0ae329bac61de0cbcae40384565a9f25f17955ce049b62b4608484865fd243,698.6997688030006,369.2179057289991,289.2222115279992
11,train/attack/digital_2/iphone15pro/arabic-120_03.jpg,digital_2,iphone15pro,4808016,/home/u5757978/ForgedDocDeepID/output/LABPC/trufor_adversarial_localisation_attack/full_population/images/11_d6f31557c840,c4e9813ddcd6bd9b6b44f945ad76b8e42946d8f481f790061b79f6010e05f25d,108.56934154200007,66.83981621800103,24.15361672099789
12,train/attack/digital_2/scan/arabic-120_03.jpg,digital_2,scan,2488008,/home/u5757978/ForgedDocDeepID/output/LABPC/trufor_adversarial_localisation_attack/full_population/images/12_e0ba0cf07d62,36a3cb9d2f88f035cda60ae1d2ba7cf2ea42c9da3e241f9e5977f56812238129,32.20991854500062,17.29325457500181,7.016584316002991
13,train/attack/digital_1/huawei/arabic-NF-1048.jpg,digital_1,huawei,5758095,/home/u5757978/ForgedDocDeepID/output/LABPC/trufor_adversarial_localisation_attack/full_population/images/13_109430720360,394e1178d13f69b674991cebda6b9515c0c17d45f5607126adab290084e1b8aa,472.45545540999956,260.2677004139978,181.11461948800297
14,train/attack/digital_1/iphone15pro/arabic-NF-1048.jpg,digital_1,iphone15pro,4219545,/home/u5757978/ForgedDocDeepID/output/LABPC/trufor_adversarial_localisation_attack/full_population/images/14_b270f8c9b09e,be5c092b795604396c5f866f747b9b9739342c879a7949aebee2eb67d5811cb6,65.12696836899977,37.76432604599995,13.83127401800175
15,train/attack/digital_1/scan/arabic-NF-1048.jpg,digital_1,scan,2502240,/home/u5757978/ForgedDocDeepID/output/LABPC/trufor_adversarial_localisation_attack/full_population/images/15_f425baf8e50a,8488542eb40fc82a20b5d22d5416daece9254bbb80926e105ad3763305b87812,32.549203627999304,17.240468045999478,6.9905552939999325
16,train/attack/digital_2/huawei/arabic-NF-1048.jpg,digital_2,huawei,5758095,/home/u5757978/ForgedDocDeepID/output/LABPC/trufor_adversarial_localisation_attack/full_population/images/16_c09d0d826273,30e3cb5875b71611ebc5b7121d8474f412ef66e4ed222919605f93cdd6c0c4be,473.04932686899974,260.73097673100165,181.0385962650007
17,train/attack/digital_2/iphone15pro/arabic-NF-1048.jpg,digital_2,iphone15pro,4219545,/home/u5757978/ForgedDocDeepID/output/LABPC/trufor_adversarial_localisation_attack/full_population/images/17_b94c3b91cfb4,9bf9081b3342b333a86bcd563094ece4abb2138ab63b22de88cf2debb600951b,64.8143623169999,37.807660607998514,13.776138311001887
18,train/attack/digital_2/scan/arabic-NF-1048.jpg,digital_2,scan,2502240,/home/u5757978/ForgedDocDeepID/output/LABPC/trufor_adversarial_localisation_attack/full_population/images/18_cdd8866c72c7,cd7101fc4b9d28004750f9cf06d772cf5d25f519320240329f30d462fac94255,32.04546293599924,17.341027756995572,6.894017454999812
19,train/attack/digital_1/huawei/arabic-NF-1098.jpg,digital_1,huawei,5752078,/home/u5757978/ForgedDocDeepID/output/LABPC/trufor_adversarial_localisation_attack/full_population/images/19_795dc6e7fad7,b94c8d5efc564696a189b52d400d05e45cf8629295cde68f8e2fe758b31a1bfc,463.8826109360007,255.84634033700058,175.78539589499815
20,train/attack/digital_1/iphone15pro/arabic-NF-1098.jpg,digital_1,iphone15pro,4219392,/home/u5757978/ForgedDocDeepID/output/LABPC/trufor_adversarial_localisation_attack/full_population/images/20_aff0336f2532,4dfc4523a68b52adf976f8fa81e55e2d497055365b351344b1ae2701c16b1146,63.98841800599985,37.26862197100036,13.43851547199938
21,train/attack/digital_1/scan/arabic-NF-1098.jpg,digital_1,scan,2496000,/home/u5757978/ForgedDocDeepID/output/LABPC/trufor_adversarial_localisation_attack/full_population/images/21_74f92af0e67a,65f6342df72b0e957e4da173fb4cd6d9531a813fde64a3d676af6b53f290b562,32.19409366899981,17.105739355001788,6.816652968000199
22,train/attack/digital_2/huawei/arabic-NF-1098.jpg,digital_2,huawei,5752078,/home/u5757978/ForgedDocDeepID/output/LABPC/trufor_adversarial_localisation_attack/full_population/images/22_2b7e373888ff,d7c632266a37895cd91d81c56daf279b7dcb5f8b09a7642328821f6ba8e785a4,454.54080044000057,251.82722319399818,171.6535824119992
23,train/attack/digital_2/iphone15pro/arabic-NF-1098.jpg,digital_2,iphone15pro,4219392,/home/u5757978/ForgedDocDeepID/output/LABPC/trufor_adversarial_localisation_attack/full_population/images/23_bce26a91c0ff,4174406cde6a837750a54eacb3dbb2c3a6705fc969089a006740d145fefc1656,64.12411545299983,37.270009265002045,13.526805713999238
24,train/attack/digital_2/scan/arabic-NF-1098.jpg,digital_2,scan,2496000,/home/u5757978/ForgedDocDeepID/output/LABPC/trufor_adversarial_localisation_attack/full_population/images/24_7c977c998d30,91901eb30da50345e287d87a53ed75f77b583ec25255d66889a300df883c35aa,32.32706326300013,17.141754312000558,6.948487486001795
25,train/attack/digital_1/huawei/arabic-NM-1090.jpg,digital_1,huawei,6291897,/home/u5757978/ForgedDocDeepID/output/LABPC/trufor_adversarial_localisation_attack/full_population/images/25_9e1bef3fc392,f737418e5f75aadd32d0c08e345079162e47b0383c4391b6d9c07786a2fba7af,726.6798567530004,381.36542206399827,304.77362642799835
26,train/attack/digital_1/iphone15pro/arabic-NM-1090.jpg,digital_1,iphone15pro,4887522,/home/u5757978/ForgedDocDeepID/output/LABPC/trufor_adversarial_localisation_attack/full_population/images/26_319cd7c8bef4,e86a524d6986eec36895df10cc2892f93c7c2c249b7227d79c0554017faef2a2,118.73946095800056,84.30721543500022,16.730359160997068
27,train/attack/digital_1/scan/arabic-NM-1090.jpg,digital_1,scan,2489257,/home/u5757978/ForgedDocDeepID/output/LABPC/trufor_adversarial_localisation_attack/full_population/images/27_2155706f18a3,df92d56ea1f28a8b6f094cc79bd618284f30ac1cde9140bb7e34645fd28f361a,32.203931512000054,17.344959521002238,6.974949395999829
28,train/attack/digital_2/huawei/arabic-NM-1090.jpg,digital_2,huawei,6291897,/home/u5757978/ForgedDocDeepID/output/LABPC/trufor_adversarial_localisation_attack/full_population/images/28_725b8ce3558d,e743dd44d358673e499d67f8c575d14d2eba38cb0bed9adf80d3e187596f851a,744.8116985540009,390.6639648140008,313.6872727689988
29,train/attack/digital_2/iphone15pro/arabic-NM-1090.jpg,digital_2,iphone15pro,4887522,/home/u5757978/ForgedDocDeepID/output/LABPC/trufor_adversarial_localisation_attack/full_population/images/29_dcb62e3c3963,b4e94707db4d9a45071263aa3f8782ea58047827939a81e7673c14ee548a9e40,120.81209978299921,85.83021873799953,16.630232970002908
30,train/attack/digital_2/scan/arabic-NM-1090.jpg,digital_2,scan,2489257,/home/u5757978/ForgedDocDeepID/output/LABPC/trufor_adversarial_localisation_attack/full_population/images/30_871b8ecbf0ff,a7d6053dafa98a961e1f71793ac37c31497a428d776b0ce073e16b84ac31dd64,32.63269373500043,17.36517210299644,7.0646284769991325
31,train/attack/digital_1/huawei/chinese-001_03.jpg,digital_1,huawei,6264666,/home/u5757978/ForgedDocDeepID/output/LABPC/trufor_adversarial_localisation_attack/full_population/images/31_b72bb8d023e3,91b6883b9c8354deca7eea24e8c9c93e58825475c5b553e2a3176f59b0bdb445,697.5657144380002,378.45127355799923,279.0848804640027
32,train/attack/digital_1/iphone15pro/chinese-001_03.jpg,digital_1,iphone15pro,4903170,/home/u5757978/ForgedDocDeepID/output/LABPC/trufor_adversarial_localisation_attack/full_population/images/32_0e6185f6d1e0,3cc5f0314e74ce5eb42ec8c1dce0f21186447b06aa18d7863c41dd4d20afd864,117.95831175400053,83.17371531599565,16.810002279005857
33,train/attack/digital_1/scan/chinese-001_03.jpg,digital_1,scan,2484768,/home/u5757978/ForgedDocDeepID/output/LABPC/trufor_adversarial_localisation_attack/full_population/images/33_f3a61eaf41b1,79db770604d11d54954fe1a8d87d60be2691db7692792b4cd7a503b2aa834098,32.07775230799962,17.153573171999597,6.905427444999077
34,train/attack/digital_2/iphone15pro/chinese-001_03.jpg,digital_2,iphone15pro,4896110,/home/u5757978/ForgedDocDeepID/output/LABPC/trufor_adversarial_localisation_attack/full_population/images/34_5fad7f364737,79120b83e1623de4968cbbda66f2ae803ec828c345bab46cb26f6674f26f2bb9,116.58664573799979,82.68927242700556,16.900890217997585
35,train/attack/digital_1/huawei/chinese-113_03.jpg,digital_1,huawei,6270194,/home/u5757978/ForgedDocDeepID/output/LABPC/trufor_adversarial_localisation_attack/full_population/images/35_80b1dbcdfcfd,bafd4038b69e76166a75afcc5f710317fcf0fd7656894c41cc308bfc053eac3b,745.1996788699998,402.1158114480022,303.3131035029983
36,train/attack/digital_1/iphone15pro/chinese-113_03.jpg,digital_1,iphone15pro,4940070,/home/u5757978/ForgedDocDeepID/output/LABPC/trufor_adversarial_localisation_attack/full_population/images/36_fc161e4330d3,c850b259efc802ffb568d9058bb65f9d44fc10560036533ac73db9218760bc11,143.19117526800073,106.08106770900122,17.414715998998872
37,train/attack/digital_1/scan/chinese-113_03.jpg,digital_1,scan,2487500,/home/u5757978/ForgedDocDeepID/output/LABPC/trufor_adversarial_localisation_attack/full_population/images/37_757716d45d2e,30a12720b259cab9b01dcd4b61d7d5ea35f3047b91d5ae2499009495b5ddfc6d,32.38495356400017,17.282327758994143,7.055894429000546
38,train/attack/digital_2/huawei/chinese-113_03.jpg,digital_2,huawei,6270194,/home/u5757978/ForgedDocDeepID/output/LABPC/trufor_adversarial_localisation_attack/full_population/images/38_8d4683b83d83,044ef86dbcd315eba24767f553ed66e2b669054b18ba362230f57f6d3df07e52,700.3495626500007,377.21468864199596,282.08437833800053
39,train/attack/digital_2/iphone15pro/chinese-113_03.jpg,digital_2,iphone15pro,4940070,/home/u5757978/ForgedDocDeepID/output/LABPC/trufor_adversarial_localisation_attack/full_population/images/39_4c9271537386,78af1cfee5878b2e49a490981bb584c5e973f063f5b34105362652a73747791b,141.86142791400016,105.30823432799662,17.03501327000231
40,train/attack/digital_2/scan/chinese-113_03.jpg,digital_2,scan,2487500,/home/u5757978/ForgedDocDeepID/output/LABPC/trufor_adversarial_localisation_attack/full_population/images/40_9ea16bc95786,304dace1f2757c2e8db9d89d048e6033ebc5385cdf437cc65052cf735d5ab331,33.14769974800038,17.102710337003373,6.831789228001071
41,train/attack/digital_1/huawei/chinese-142_03.jpg,digital_1,huawei,6284565,/home/u5757978/ForgedDocDeepID/output/LABPC/trufor_adversarial_localisation_attack/full_population/images/41_b6cea35284cd,cdcfbb4350af656343f89f97f032322b64a875650faf4372b095280407971ca7,723.0598106029993,392.95147956300025,291.30290601600063
42,train/attack/digital_1/iphone15pro/chinese-142_03.jpg,digital_1,iphone15pro,4905408,/home/u5757978/ForgedDocDeepID/output/LABPC/trufor_adversarial_localisation_attack/full_population/images/42_1cc6f3761f34,8dd1baa3853a3cbe537a4db34c097127a0c8e67b58b3a67b0be27496867fc7cf,104.03569293500004,69.6429010419979,16.66791355400528
43,train/attack/digital_1/scan/chinese-142_03.jpg,digital_1,scan,2495000,/home/u5757978/ForgedDocDeepID/output/LABPC/trufor_adversarial_localisation_attack/full_population/images/43_db99c7c94d43,3c811206235771240dadf028f9a528bcb0a7f793170b77ee7c849bf3f5ee128e,32.647539779,17.344551496993518,6.947106297997379
44,train/attack/digital_2/huawei/chinese-142_03.jpg,digital_2,huawei,6284565,/home/u5757978/ForgedDocDeepID/output/LABPC/trufor_adversarial_localisation_attack/full_population/images/44_17a1befbac73,32385b8a9d5ac0d1d0fcfb6d6e76ac03a14507e7cf63f7b97f11570b319ac8c2,753.073711391,408.9599563350039,302.69246029600254
45,train/attack/digital_2/iphone15pro/chinese-142_03.jpg,digital_2,iphone15pro,4905408,/home/u5757978/ForgedDocDeepID/output/LABPC/trufor_adversarial_localisation_attack/full_population/images/45_b76181f67b96,4743790bc313456ca266390768178c5285ca75a43041afa194b14a4a0246e720,105.58323092000137,70.86104747599893,16.617835145003482
46,train/attack/digital_2/scan/chinese-142_03.jpg,digital_2,scan,2495000,/home/u5757978/ForgedDocDeepID/output/LABPC/trufor_adversarial_localisation_attack/full_population/images/46_91ef7aa56902,8eb22be8e11ca3ef64d94c4f6cb494e8fd422c0ef37377752b6d1c6835b0b18a,32.89124673299921,17.342973176999294,6.898669727002925
47,train/attack/digital_1/huawei/chinese-NF-1050.jpg,digital_1,huawei,6293664,/home/u5757978/ForgedDocDeepID/output/LABPC/trufor_adversarial_localisation_attack/full_population/images/47_777e05d2d6ce,5c6092994f77dadc2c347238f9c8b306f88962d75d1fa2fa6135c1f3ef342521,590.9026157400003,355.3970704830044,193.99610581600427
48,train/attack/digital_1/iphone15pro/chinese-NF-1050.jpg,digital_1,iphone15pro,4939056,/home/u5757978/ForgedDocDeepID/output/LABPC/trufor_adversarial_localisation_attack/full_population/images/48_d629d973254a,8a5c773dc6cd809d757358794bfcd0c4a2c4189c5db95835b7d3a1594f827cd9,124.32926489300007,87.6339358589994,16.884338992000266
49,train/attack/digital_1/scan/chinese-NF-1050.jpg,digital_1,scan,2485271,/home/u5757978/ForgedDocDeepID/output/LABPC/trufor_adversarial_localisation_attack/full_population/images/49_7be1d5f032bd,c2862b7a57ed7eaaafee9b1d65144ce912b6e2cd8aea3ecf20c82b1c4b2360f6,32.54638652799986,17.38611798299462,6.93792225299876
50,train/attack/digital_2/huawei/chinese-NF-1050.jpg,digital_2,huawei,6293664,/home/u5757978/ForgedDocDeepID/output/LABPC/trufor_adversarial_localisation_attack/full_population/images/50_c34f17520ff5,13f0a980e94935d09e72caab59e2349d663271ab8deabda0dd183758e4794fb8,748.0591557139996,508.4744993959994,198.11740719299632
51,train/attack/digital_2/iphone15pro/chinese-NF-1050.jpg,digital_2,iphone15pro,4939056,/home/u5757978/ForgedDocDeepID/output/LABPC/trufor_adversarial_localisation_attack/full_population/images/51_63d8a3b3944f,e051ea98fff5741c737aebf3673b622c12365ab7680010d9d3aa64f9ffc84af9,123.90387099799955,87.25734096100496,16.824944966994735
52,train/attack/digital_2/scan/chinese-NF-1050.jpg,digital_2,scan,2485271,/home/u5757978/ForgedDocDeepID/output/LABPC/trufor_adversarial_localisation_attack/full_population/images/52_cf7e1120b238,bea0ce79a231c6455dd58afcc7e80e010c8b00fe3deb3956aac8672774f70c4f,32.16460131399981,17.30254842699651,6.97414514900629
53,train/attack/digital_1/huawei/chinese-NF-1085.jpg,digital_1,huawei,6395670,/home/u5757978/ForgedDocDeepID/output/LABPC/trufor_adversarial_localisation_attack/full_population/images/53_39a10f6fdad2,eee6a1f14cf5f32dc8e1b388dbf115593af0f63198a8234f44853fed70a7f300,818.9859025219994,430.64854038499834,344.6322462049993
54,train/attack/digital_1/iphone15pro/chinese-NF-1085.jpg,digital_1,iphone15pro,4913481,/home/u5757978/ForgedDocDeepID/output/LABPC/trufor_adversarial_localisation_attack/full_population/images/54_585bb04e89c8,581d1361aeb73ba8f5c7c24d4d6fe63321ce79bed474efbbf1e1f94aafddc1a2,125.35786895399906,90.24169138800062,16.934932064996246
55,train/attack/digital_1/scan/chinese-NF-1085.jpg,digital_1,scan,2494494,/home/u5757978/ForgedDocDeepID/output/LABPC/trufor_adversarial_localisation_attack/full_population/images/55_48fe0696de20,429dccbb789d1c11a11c08f818f6d28f0e028847f4d844443043a1ca8710db8e,32.48132137599896,17.444899894995615,7.0594475029975
56,train/attack/digital_2/huawei/chinese-NF-1085.jpg,digital_2,huawei,6395670,/home/u5757978/ForgedDocDeepID/output/LABPC/trufor_adversarial_localisation_attack/full_population/images/56_ca46c08ac27c,bceae88bbf82b0b34ce867c7f8a05bd1dc6fea38d68535c5d9b30bdfea8e2b00,802.6914880570021,419.02267611899697,339.07639692700286
57,train/attack/digital_2/iphone15pro/chinese-NF-1085.jpg,digital_2,iphone15pro,4913481,/home/u5757978/ForgedDocDeepID/output/LABPC/trufor_adversarial_localisation_attack/full_population/images/57_ddffe2a0abec,f714ecd6acd601a80d1b6af7e57d15d09994b4027f304fa76d72982ddbb609c2,126.70163727900217,90.9966862899928,17.04805391600894
58,train/attack/digital_2/scan/chinese-NF-1085.jpg,digital_2,scan,2494494,/home/u5757978/ForgedDocDeepID/output/LABPC/trufor_adversarial_localisation_attack/full_population/images/58_94c7891c6243,325be80f1568c400b045895a1aecbbf0c722134e8db9998d183213cf3615cf9c,32.500134041998535,17.417883448000794,7.1033947139949305
59,train/attack/digital_1/huawei/chinese-NM-1092.jpg,digital_1,huawei,6435370,/home/u5757978/ForgedDocDeepID/output/LABPC/trufor_adversarial_localisation_attack/full_population/images/59_56c6136eff30,a95531f7b54f959f2599f9489b0cf3974147ff41101db061eca2a5626de96b59,824.7663897559978,422.2997631850012,355.4563562249896
60,train/attack/digital_1/iphone15pro/chinese-NM-1092.jpg,digital_1,iphone15pro,4943880,/home/u5757978/ForgedDocDeepID/output/LABPC/trufor_adversarial_localisation_attack/full_population/images/60_ef5a522172ee,55c0b071dac1321039be0317875f9f48a9578a06034e0693955344423f685ebb,135.29645964900192,99.00256020999586,16.88416796500678
61,train/attack/digital_1/scan/chinese-NM-1092.jpg,digital_1,scan,2484268,/home/u5757978/ForgedDocDeepID/output/LABPC/trufor_adversarial_localisation_attack/full_population/images/61_0e84d3d1e3ed,4e50a29d073c56b3573dbb5711c1e0c95b7828fc2e4a881f0d8205335c6bcade,32.341148592000536,17.23948871399989,6.980318573998375
62,train/attack/digital_2/huawei/chinese-NM-1092.jpg,digital_2,huawei,6435370,/home/u5757978/ForgedDocDeepID/output/LABPC/trufor_adversarial_localisation_attack/full_population/images/62_9de47aa6d7b2,c747954f1d698dac4398cfd6d5ebbcb3305bf8a162e00f05e332943f87f408dd,822.4843248090001,423.4860269850069,354.2148789880048
63,train/attack/digital_2/iphone15pro/chinese-NM-1092.jpg,digital_2,iphone15pro,4943880,/home/u5757978/ForgedDocDeepID/output/LABPC/trufor_adversarial_localisation_attack/full_population/images/63_ffea6d304ce1,f941ea9b022d47d8eb5336bc6ec1181110384306b85c0a1d0ea40620a2dc8d6f,136.09046761300124,99.16213098300432,16.897455924001406
64,train/attack/digital_2/scan/chinese-NM-1092.jpg,digital_2,scan,2484268,/home/u5757978/ForgedDocDeepID/output/LABPC/trufor_adversarial_localisation_attack/full_population/images/64_58a084792efd,50841cb960d2c40030e2e147cc017b7236d8464aa8a90a224a1f3032d14433da,34.51772521500243,17.301719355004025,6.980962241999805
65,train/attack/digital_1/huawei/french-019_03.jpg,digital_1,huawei,6379050,/home/u5757978/ForgedDocDeepID/output/LABPC/trufor_adversarial_localisation_attack/full_population/images/65_b50f98e59275,bbf40641617444a7ae9483fb84e17d510aae02e637bf0a0f0b264939f3cfc729,784.6586986129987,411.17972745500083,328.2705897759952
66,train/attack/digital_1/iphone15pro/french-019_03.jpg,digital_1,iphone15pro,4911995,/home/u5757978/ForgedDocDeepID/output/LABPC/trufor_adversarial_localisation_attack/full_population/images/66_92c21c257a9f,c7a7e9a23177621f6b2615778e6eb28449e7109f07eafc98f34513aa045baf0d,117.37231219200112,82.09267036501114,16.92577241699837
67,train/attack/digital_1/scan/french-019_03.jpg,digital_1,scan,2483024,/home/u5757978/ForgedDocDeepID/output/LABPC/trufor_adversarial_localisation_attack/full_population/images/67_40d3689b9f23,57e6ee5cd5c0eea50d54d77b6f1c3cc2135a13cc91ee9402148915c89004b01d,33.602090650998434,17.223600073000853,6.868654038004024
68,train/attack/digital_2/huawei/french-019_03.jpg,digital_2,huawei,6379050,/home/u5757978/ForgedDocDeepID/output/LABPC/trufor_adversarial_localisation_attack/full_population/images/68_0e88fbc99fcd,c8d54d0ae86f6072446e78d2d5944397c9dc21f70d2a3381df3376c479de6188,796.9631393039999,414.796244236004,336.71484651799256
69,train/attack/digital_2/iphone15pro/french-019_03.jpg,digital_2,iphone15pro,4911995,/home/u5757978/ForgedDocDeepID/output/LABPC/trufor_adversarial_localisation_attack/full_population/images/69_dba817be7ec2,e73ceeea519090230e76bd3fb4a998ad9bdd38c14a0f94a0051fd22879c32bbc,121.38526108800215,84.87205802899189,16.906420701005118
70,train/attack/digital_1/huawei/french-114_03.jpg,digital_1,huawei,6326400,/home/u5757978/ForgedDocDeepID/output/LABPC/trufor_adversarial_localisation_attack/full_population/images/70_d384829751dd,535639a6caf86254a989d2ef62e15b1b0047a34e574f1fb8da381887cf1515c0,588.8714436980008,340.6549672349938,203.3879282109956
71,train/attack/digital_1/iphone15pro/french-114_03.jpg,digital_1,iphone15pro,4992143,/home/u5757978/ForgedDocDeepID/output/LABPC/trufor_adversarial_localisation_attack/full_population/images/71_5467e3b45d29,8c860f45b1a6914d43ce58b96316f098ff0bdb0961a6b9a7d8dedeee6a7beea5,151.55571660799978,113.17585055000018,17.44593104500018
72,train/attack/digital_1/scan/french-114_03.jpg,digital_1,scan,2493750,/home/u5757978/ForgedDocDeepID/output/LABPC/trufor_adversarial_localisation_attack/full_population/images/72_ae9a04258488,289f9059eb9da9b5e11b5723cab2f15c1b4e5bc96bef5c56d89db87495aed53c,32.8479497139997,17.416022960009286,7.018107381994923
73,train/attack/digital_2/huawei/french-114_03.jpg,digital_2,huawei,6326400,/home/u5757978/ForgedDocDeepID/output/LABPC/trufor_adversarial_localisation_attack/full_population/images/73_cdc4093b2a79,ad1f00939c29533f5b46c1e8a58966a40d7e34768bdb6952e3879e64f5def1a0,621.7059148350017,354.6563246520054,223.85497649900572
74,train/attack/digital_2/iphone15pro/french-114_03.jpg,digital_2,iphone15pro,4992143,/home/u5757978/ForgedDocDeepID/output/LABPC/trufor_adversarial_localisation_attack/full_population/images/74_a7ce04efa6f1,1b18327b9fab890d6908bbaba85af6ebdfc39d279a6cbe0f948974278e34f457,151.9405390339998,112.81295692500498,17.599626441999135
75,train/attack/digital_2/scan/french-114_03.jpg,digital_2,scan,2493750,/home/u5757978/ForgedDocDeepID/output/LABPC/trufor_adversarial_localisation_attack/full_population/images/75_920ee2ce7a9d,2bcd73e73584eea75a24a6386f2299f0d8c7e0c16847b35394b7f5e936878519,33.52229865700065,17.38790272699407,7.047992540992709
76,train/attack/digital_1/huawei/french-124_03.jpg,digital_1,huawei,6289728,/home/u5757978/ForgedDocDeepID/output/LABPC/trufor_adversarial_localisation_attack/full_population/images/76_2dae8e352c70,49a093eb34c612e922a1dcf7d37819c9b8f2570bf56c67104d1716301e77ce68,553.0418679780014,344.84246130300744,162.81009855400407
77,train/attack/digital_1/iphone15pro/french-124_03.jpg,digital_1,iphone15pro,4930952,/home/u5757978/ForgedDocDeepID/output/LABPC/trufor_adversarial_localisation_attack/full_population/images/77_c085cc7b9f38,5cd033bb8af9fa31691c8ee7be6822e04faff250a4ec790f4d8ca797596c2022,133.4758757210002,97.26785138899868,16.800158518999524
78,train/attack/digital_1/scan/french-124_03.jpg,digital_1,scan,2493004,/home/u5757978/ForgedDocDeepID/output/LABPC/trufor_adversarial_localisation_attack/full_population/images/78_337d04a50a96,80aaad0b698d67efb9008793190e43e0d0a3e2340a8f8dfb203a55d9c37398ee,32.50276782599758,17.384609946006094,7.003514036001434
79,train/attack/digital_2/huawei/french-124_03.jpg,digital_2,huawei,6289728,/home/u5757978/ForgedDocDeepID/output/LABPC/trufor_adversarial_localisation_attack/full_population/images/79_b0226581b161,9b7467481e0a5b56bfc01141c0894783ff089e8fb3e112a1465c665641488ec2,987.9320692390029,743.7418137830027,202.20611876100156
80,train/attack/digital_2/iphone15pro/french-124_03.jpg,digital_2,iphone15pro,4930952,/home/u5757978/ForgedDocDeepID/output/LABPC/trufor_adversarial_localisation_attack/full_population/images/80_5db2303bf335,7a01e71201b3a49c618b2e268df9f9f22f9daedde780ae9fdabe711864a56254,136.68585434600027,99.26062960000854,18.228568789003475
81,train/attack/digital_2/scan/french-124_03.jpg,digital_2,scan,2493004,/home/u5757978/ForgedDocDeepID/output/LABPC/trufor_adversarial_localisation_attack/full_population/images/81_ceb6c68f36e6,74b0ca658b1114a889b8d0faabf7202d7cfa08b6769f4e7eec76f6976011ba4f,33.453908882002,17.394535273004294,6.9292692149974755
82,train/attack/digital_1/huawei/french-128_03.jpg,digital_1,huawei,6294624,/home/u5757978/ForgedDocDeepID/output/LABPC/trufor_adversarial_localisation_attack/full_population/images/82_d3222a381663,dd20fa6e8f8bad67c50066ca1851242e06a1dd1da826d52a74fcccf39361e1a2,604.6061757520001,358.2571198760088,202.9177930730002
83,train/attack/digital_1/iphone15pro/french-128_03.jpg,digital_1,iphone15pro,5005140,/home/u5757978/ForgedDocDeepID/output/LABPC/trufor_adversarial_localisation_attack/full_population/images/83_7bda8be1ad20,143a0ff6d77247f0b321041d5964a5cd49039107ec962afe6598d748ff33edc9,152.34120317499764,114.16920734000087,17.168629151998175
84,train/attack/digital_1/scan/french-128_03.jpg,digital_1,scan,2486518,/home/u5757978/ForgedDocDeepID/output/LABPC/trufor_adversarial_localisation_attack/full_population/images/84_a4bf128051e3,fd7474107edabdb1db1749a1819e1519db3914393086113814595361d046d5a6,33.950502943000174,17.31548928599659,6.8779396480058494
85,train/attack/digital_2/huawei/french-128_03.jpg,digital_2,huawei,6294624,/home/u5757978/ForgedDocDeepID/output/LABPC/trufor_adversarial_localisation_attack/full_population/images/85_1730da6fbf20,71d00e37328d72d126e39c8fc0927084ec9dcf5171ce8024fe95ba73d536c900,639.9848926769992,371.07793120799397,226.98986335799782
86,train/attack/digital_2/iphone15pro/french-128_03.jpg,digital_2,iphone15pro,5005140,/home/u5757978/ForgedDocDeepID/output/LABPC/trufor_adversarial_localisation_attack/full_population/images/86_9f7824c7fb99,286bc7b78e4f09f692788c6ed2ca43690e74cfea24ef0bd5de1ffdcdfc7367cf,153.77439707099984,115.27152240899159,17.157830872998602
87,train/attack/digital_2/scan/french-128_03.jpg,digital_2,scan,2486518,/home/u5757978/ForgedDocDeepID/output/LABPC/trufor_adversarial_localisation_attack/full_population/images/87_63249a250b78,8ae63de9d11e90ee731d821e320d6f0241874ad0ad2999318a511337657197b4,34.32747276000009,17.336978764007654,6.906802962992515
88,train/attack/digital_1/huawei/french-NF-1047.jpg,digital_1,huawei,6305472,/home/u5757978/ForgedDocDeepID/output/LABPC/trufor_adversarial_localisation_attack/full_population/images/88_65c5ffa3c2da,d54d888f77b020fda1866460cd976622da0a2804b1b0efc25c3eee218054956b,609.5564796639992,364.6215318440045,204.44785571199827
89,train/attack/digital_1/iphone15pro/french-NF-1047.jpg,digital_1,iphone15pro,4985019,/home/u5757978/ForgedDocDeepID/output/LABPC/trufor_adversarial_localisation_attack/full_population/images/89_4af5820e4449,a29aa75c33c83a75d8d73e3f7ef9fab0b72db82985c47d3b4f49a5949a842b11,160.75689618800243,109.5547383569974,29.86222267600533
90,train/attack/digital_1/scan/french-NF-1047.jpg,digital_1,scan,2491506,/home/u5757978/ForgedDocDeepID/output/LABPC/trufor_adversarial_localisation_attack/full_population/images/90_9528e5d9a79d,8bbc6875ca3f4da2f7021032a0cec8fa2142267ff20751e9f26d68694753b8c3,36.04556593400048,19.24577571599366,8.218151630997454
91,train/attack/digital_2/huawei/french-NF-1047.jpg,digital_2,huawei,6305472,/home/u5757978/ForgedDocDeepID/output/LABPC/trufor_adversarial_localisation_attack/full_population/images/91_894738025275,c400269b5c5c4a882b0c4be2423fd06290b99e4d1fc6ea604bfb8181061ea27b,879.5670527789989,644.7517837150081,194.46273475199632
92,train/attack/digital_2/scan/french-NF-1047.jpg,digital_2,scan,2491506,/home/u5757978/ForgedDocDeepID/output/LABPC/trufor_adversarial_localisation_attack/full_population/images/92_1e6938f1c4c7,509cdb2268d6b0befa07296990e079238ed66dc4780ee2dafd1a26a9f23316bc,34.2735744720012,17.214030281000305,6.911788456993236
93,train/attack/digital_1/huawei/french-NF-1082.jpg,digital_1,huawei,6320997,/home/u5757978/ForgedDocDeepID/output/LABPC/trufor_adversarial_localisation_attack/full_population/images/93_c6127104327d,0307eefe4bffb3d0e4572228149e38a19eee77a3ef23d5f4f3bb8da2a864a64c,740.8321811219976,390.0170353039939,306.7842416589956
94,train/attack/digital_1/iphone15pro/french-NF-1082.jpg,digital_1,iphone15pro,4999785,/home/u5757978/ForgedDocDeepID/output/LABPC/trufor_adversarial_localisation_attack/full_population/images/94_3abfb729e3b7,c4753c80d3893d3a5cae3962656efa9282d75ce4373b24ccb2e0b668d5b1ac36,154.17020543000035,115.81601743200372,17.23376993099737
95,train/attack/digital_1/scan/french-NF-1082.jpg,digital_1,scan,2482530,/home/u5757978/ForgedDocDeepID/output/LABPC/trufor_adversarial_localisation_attack/full_population/images/95_666bd6087d94,9ee16e26c588c815ffc0f97b7fe23a0af8d9ee256b1173a1d6b587a4b906d64f,32.16346606499792,17.30453539899827,6.991065646994684
96,train/attack/digital_2/huawei/french-NF-1082.jpg,digital_2,huawei,6320997,/home/u5757978/ForgedDocDeepID/output/LABPC/trufor_adversarial_localisation_attack/full_population/images/96_22d725a4a656,648c0febae1eda44f6cbd6b283d3cbf7860a9a3f4ba1d48528a11249f3727b88,816.7136298039986,433.10058369300896,340.2894950129921
97,train/attack/digital_2/iphone15pro/french-NF-1082.jpg,digital_2,iphone15pro,4999785,/home/u5757978/ForgedDocDeepID/output/LABPC/trufor_adversarial_localisation_attack/full_population/images/97_98bb21c36279,95a625132b531468591af13576e3e0e9b320757d427916a1b164861453d5924c,155.52693623600135,116.68989052499819,17.454963936997956
98,train/attack/digital_2/scan/french-NF-1082.jpg,digital_2,scan,2482530,/home/u5757978/ForgedDocDeepID/output/LABPC/trufor_adversarial_localisation_attack/full_population/images/98_741d9721edbe,cc22d86d5c4a836b5c60767c0c966a2bce85c6202e5c220c559b1033444dd511,33.62018938199981,17.320544176000112,6.909663736991206
99,train/attack/digital_1/huawei/indian-014_03.jpg,digital_1,huawei,6458892,/home/u5757978/ForgedDocDeepID/output/LABPC/trufor_adversarial_localisation_attack/full_population/images/99_117986531e7f,90afb18960141c5d6f6bb027e88014bbf94dd6aaf54d4d9874ac4b815383cf1c,834.1595683489977,422.2057328399933,366.8617772639991
100,train/attack/digital_1/iphone15pro/indian-014_03.jpg,digital_1,iphone15pro,4974844,/home/u5757978/ForgedDocDeepID/output/LABPC/trufor_adversarial_localisation_attack/full_population/images/100_54ea13bdff1b,e6cfc35e9569af3dfa17d9ed5d62c6fc1b87e9359f90b915a284bb2877c9c8de,143.5583459469999,105.64420037100717,17.097143322000193
101,train/attack/digital_1/scan/indian-014_03.jpg,digital_1,scan,2494253,/home/u5757978/ForgedDocDeepID/output/LABPC/trufor_adversarial_localisation_attack/full_population/images/101_a4de0d51b39f,9b6b05fd01885adca6d9ea8d6ced2a3f4c5aef16cd80af5cbacc6991843f0ea7,32.8588731580021,17.399637638995046,7.044679580998491
102,train/attack/digital_2/huawei/indian-014_03.jpg,digital_2,huawei,6458892,/home/u5757978/ForgedDocDeepID/output/LABPC/trufor_adversarial_localisation_attack/full_population/images/102_988e9f068184,430be769ae72a7be4abf553aafc03166561e2662d6bd1057ebb3fb5786fd1adb,839.5913535470027,421.5059514790082,373.07446867900944
103,train/attack/digital_2/iphone15pro/indian-014_03.jpg,digital_2,iphone15pro,4974844,/home/u5757978/ForgedDocDeepID/output/LABPC/trufor_adversarial_localisation_attack/full_population/images/103_7946a12e125d,dc51a37d93ac59b5d8ff319d226fbcb338eb826b0e5ac70a4bfb48f5c9a8d2d7,143.1807908310002,104.87745857499613,17.119357573992602
104,train/attack/digital_2/scan/indian-014_03.jpg,digital_2,scan,2494253,/home/u5757978/ForgedDocDeepID/output/LABPC/trufor_adversarial_localisation_attack/full_population/images/104_c28e03a7ace1,9f1a0fa8e34187129cdce906f78298106e3e7134a2af1c02ffe4358b5f5c9ddc,33.33966452999812,17.46283177699661,7.007079435996275
105,train/attack/digital_1/huawei/indian-021_03.jpg,digital_1,huawei,6359270,/home/u5757978/ForgedDocDeepID/output/LABPC/trufor_adversarial_localisation_attack/full_population/images/105_e6510cba178c,e3008decbd24c6a9ba81c242c683718192239282d1f8cf9cbc7a22c21a6052a5,836.6538067969996,452.64100761800364,341.2920235949932
106,train/attack/digital_1/iphone15pro/indian-021_03.jpg,digital_1,iphone15pro,4966450,/home/u5757978/ForgedDocDeepID/output/LABPC/trufor_adversarial_localisation_attack/full_population/images/106_93a8e3ad1589,fb4b228497e05135a1f3b6ab4602f02b6286b4a0f46e806a2727e5229d3da27e,155.35658528000204,105.73723244999564,27.85879911000302
107,train/attack/digital_1/scan/indian-021_03.jpg,digital_1,scan,2488008,/home/u5757978/ForgedDocDeepID/output/LABPC/trufor_adversarial_localisation_attack/full_population/images/107_b04df46e1b98,0b6916efa3f731f248b2f9d2a1c078b8fe8202d3139a62871b3a9f7d127e315a,35.58833472100014,18.752508124009182,7.397430541004724
108,train/attack/digital_2/huawei/indian-021_03.jpg,digital_2,huawei,6359270,/home/u5757978/ForgedDocDeepID/output/LABPC/trufor_adversarial_localisation_attack/full_population/images/108_7edc6039756b,577e9ab1887fd5e0eeb4c11c0c4dcf12eb16381a54f47028d43ceb62afd0044b,876.3196029850005,475.51086630699865,355.5559169200096
109,train/attack/digital_2/iphone15pro/indian-021_03.jpg,digital_2,iphone15pro,4966450,/home/u5757978/ForgedDocDeepID/output/LABPC/trufor_adversarial_localisation_attack/full_population/images/109_2be780df317f,d77e08508d40ae9c0793582ae5fb7aaf0926dcae7bf2a790c0ead3f0b1878c36,142.3968021710025,104.49518374800391,17.022844600993267
110,train/attack/digital_2/scan/indian-021_03.jpg,digital_2,scan,2488008,/home/u5757978/ForgedDocDeepID/output/LABPC/trufor_adversarial_localisation_attack/full_population/images/110_3348e00aaad9,97ecedf8ff44c272b14da4d99f906aa9e758cf27c6d670dced6f1038846fe0f7,33.4468501070005,17.09906110101292,6.904099879000569
111,train/attack/digital_1/huawei/indian-NF-1061.jpg,digital_1,huawei,6381018,/home/u5757978/ForgedDocDeepID/output/LABPC/trufor_adversarial_localisation_attack/full_population/images/111_d898205c3f7c,0e00832ce587bfa679f3e714743d841ccf78a71eaeec9fbb73e75f66a35a7776,763.2189594970041,395.51338212198607,324.4815955640079
112,train/attack/digital_1/iphone15pro/indian-NF-1061.jpg,digital_1,iphone15pro,4990860,/home/u5757978/ForgedDocDeepID/output/LABPC/trufor_adversarial_localisation_attack/full_population/images/112_ad4dfa2e4423,948aa5aacdc7a196f76543771c43bacecbf5d2ade75bd444c620db1d87ead77a,150.28100856800302,111.7971957089976,17.078834297994035
113,train/attack/digital_1/scan/indian-NF-1061.jpg,digital_1,scan,2485770,/home/u5757978/ForgedDocDeepID/output/LABPC/trufor_adversarial_localisation_attack/full_population/images/113_a4c277ba396b,241755da5002ef6d49d64ba1eae8c6df24bb693ea376f91f78f2c16f1a06db9e,31.994227177005087,17.34292067799106,6.941681923992292
114,train/attack/digital_2/huawei/indian-NF-1061.jpg,digital_2,huawei,6381018,/home/u5757978/ForgedDocDeepID/output/LABPC/trufor_adversarial_localisation_attack/full_population/images/114_bac7a1736da0,74ef78cf0626b7682f09a73c7e9f3a4c66c38d94c6948f067ad37c0ddf99798b,861.9633494570007,445.0868316089909,373.5931938249996
115,train/attack/digital_2/iphone15pro/indian-NF-1061.jpg,digital_2,iphone15pro,4990860,/home/u5757978/ForgedDocDeepID/output/LABPC/trufor_adversarial_localisation_attack/full_population/images/115_f9da0b764c89,ecebd03ab42f1dde44f27bdfa7b4a12d74fa2547841bd15a1339f35d11c1c6b4,149.03332973200304,110.44949072897725,17.140484143012145
116,train/attack/digital_2/scan/indian-NF-1061.jpg,digital_2,scan,2485770,/home/u5757978/ForgedDocDeepID/output/LABPC/trufor_adversarial_localisation_attack/full_population/images/116_beddcb399a63,b1026cb83965ed063c7060f9df079635fbff0439e94391feaf9b33d041881291,34.206167541997274,17.350870382011635,6.956482407993462
117,train/attack/digital_1/huawei/persian-144_03.jpg,digital_1,huawei,5743710,/home/u5757978/ForgedDocDeepID/output/LABPC/trufor_adversarial_localisation_attack/full_population/images/117_392f79c027bf,92bc3cb9d371b137ca52e0bede2515b073094f22f042217a136de7d094326eb1,469.6859759260042,247.11956227499468,190.940104926005
118,train/attack/digital_1/iphone15pro/persian-144_03.jpg,digital_1,iphone15pro,4221728,/home/u5757978/ForgedDocDeepID/output/LABPC/trufor_adversarial_localisation_attack/full_population/images/118_b95af17b15d7,60552700285339f93d3de88ae82792ed084479d58a7ede7fda3dedd0f7acdc7a,64.75892364599713,37.74839602698921,13.748082584002987
119,train/attack/digital_1/scan/persian-144_03.jpg,digital_1,scan,2492256,/home/u5757978/ForgedDocDeepID/output/LABPC/trufor_adversarial_localisation_attack/full_population/images/119_c74106c37608,10ea5710740ba193bceff83672a22511906cbbca42ec01fbb544330a292c22b8,33.914150876997155,17.28947693702503,6.902687187990523
120,train/attack/digital_2/huawei/persian-144_03.jpg,digital_2,huawei,5743710,/home/u5757978/ForgedDocDeepID/output/LABPC/trufor_adversarial_localisation_attack/full_population/images/120_b65dc18f6be9,d27e302fb07d7c8315c2ebbbfe64792deffeb048660894bb4f0755ea194d7492,501.55981999500364,261.1327951219864,207.5985076739962
121,train/attack/digital_2/iphone15pro/persian-144_03.jpg,digital_2,iphone15pro,4221728,/home/u5757978/ForgedDocDeepID/output/LABPC/trufor_adversarial_localisation_attack/full_population/images/121_edd5a6a6a71d,9ea70643225229df08c153105956b96d00490bd4c0be26d787bd1d95e045d518,65.34668361600052,37.828542857016146,13.718430336011807
122,train/attack/digital_2/scan/persian-144_03.jpg,digital_2,scan,2492256,/home/u5757978/ForgedDocDeepID/output/LABPC/trufor_adversarial_localisation_attack/full_population/images/122_404dbd1bc3d8,8199fbe709af083edc699a3bceea8c7fcec2911a1e97bf3adda4838e4d796c2d,32.75891810699977,17.26471029099048,6.812106055003824
123,train/attack/digital_1/huawei/persian-NF-1018.jpg,digital_1,huawei,6282598,/home/u5757978/ForgedDocDeepID/output/LABPC/trufor_adversarial_localisation_attack/full_population/images/123_df5fd0d17eb0,55bfeeecec567165f05c78b433c803479e9b1de3d5dc2b7bab2ee38aaf211117,738.4537406050003,403.5874823320046,293.73235065199697
124,train/attack/digital_1/iphone15pro/persian-NF-1018.jpg,digital_1,iphone15pro,5014322,/home/u5757978/ForgedDocDeepID/output/LABPC/trufor_adversarial_localisation_attack/full_population/images/124_a9c9beab7918,5dc99e59ec92ee11eb4d6891392585b6efb2fc7a053fff9f7e391898d433f0e1,159.81805211499886,120.60473531898606,17.260476033996383
125,train/attack/digital_1/scan/persian-NF-1018.jpg,digital_1,scan,2491506,/home/u5757978/ForgedDocDeepID/output/LABPC/trufor_adversarial_localisation_attack/full_population/images/125_eef08f9e3f22,ece5a9fa31c6cf087c375ca4047c0244f24240d014668bbe9862858f2225b7da,34.59142192100262,17.407949868997093,7.028395460009051
126,train/attack/digital_2/huawei/persian-NF-1018.jpg,digital_2,huawei,6282598,/home/u5757978/ForgedDocDeepID/output/LABPC/trufor_adversarial_localisation_attack/full_population/images/126_272b39b34fec,1790ecd2ebf494a0a2addf75a9771ce30c61857d32a4d6b9a2d13c1bcec8090d,873.6084211039997,514.4905970650216,315.51459035199514
127,train/attack/digital_2/iphone15pro/persian-NF-1018.jpg,digital_2,iphone15pro,5014322,/home/u5757978/ForgedDocDeepID/output/LABPC/trufor_adversarial_localisation_attack/full_population/images/127_1d204f601ac1,348c5b9b917a4253de38139a28d3ffff0ed6026b47337d0affccf3c3acf4e2e6,150.96920868400048,114.49705440501566,17.010923680005362
128,train/attack/digital_2/scan/persian-NF-1018.jpg,digital_2,scan,2491506,/home/u5757978/ForgedDocDeepID/output/LABPC/trufor_adversarial_localisation_attack/full_population/images/128_474eca139c7a,dfc29eccabb3da474051461940afb7010f066f53a2408e1157bc2597196f9e8e,31.705761668003106,17.209952400015027,6.9110977509917575
129,train/attack/digital_1/huawei/persian-NF-1097.jpg,digital_1,huawei,6354078,/home/u5757978/ForgedDocDeepID/output/LABPC/trufor_adversarial_localisation_attack/full_population/images/129_0fd2e29de4fb,23415801064f975ba48a0d3b3683c96a9c1ccb111cc154bbd97c34a1906458fa,839.6994524699985,444.0251558959935,354.6366495629991
130,train/attack/digital_1/iphone15pro/persian-NF-1097.jpg,digital_1,iphone15pro,4964400,/home/u5757978/ForgedDocDeepID/output/LABPC/trufor_adversarial_localisation_attack/full_population/images/130_3781ce7689be,8926620deae7580b5851b35812fae65ccde719cd23eb305854c6492623046384,123.55572570399818,86.83449320197542,17.24401354099973
131,train/attack/digital_1/scan/persian-NF-1097.jpg,digital_1,scan,2490754,/home/u5757978/ForgedDocDeepID/output/LABPC/trufor_adversarial_localisation_attack/full_population/images/131_f302052abbb9,08313fb74ff14963bb6087a943d68993265a564bdd6ee0ba790012bb6d103925,32.30190732199844,17.314734573985334,6.989635724989057
132,train/attack/digital_2/huawei/persian-NF-1097.jpg,digital_2,huawei,6354078,/home/u5757978/ForgedDocDeepID/output/LABPC/trufor_adversarial_localisation_attack/full_population/images/132_d8fa9c819ba0,9d99615934f4f51aca596f7e529a18f394721a3815b0f4409d68cd925afe7228,876.897395865999,463.0255444869981,369.79264621100447
133,train/attack/digital_2/iphone15pro/persian-NF-1097.jpg,digital_2,iphone15pro,4964400,/home/u5757978/ForgedDocDeepID/output/LABPC/trufor_adversarial_localisation_attack/full_population/images/133_0141c78ab92e,ff28df0a99f822c03164be7f1eea3d2a5dcf5857ec05e5c12237bd4050271bbf,125.72881737100397,88.05743657499988,17.371732838000753
134,train/attack/digital_2/scan/persian-NF-1097.jpg,digital_2,scan,2490754,/home/u5757978/ForgedDocDeepID/output/LABPC/trufor_adversarial_localisation_attack/full_population/images/134_23f519e0b01f,19d6923f7244df69fa93e32a67e5d982cf7939987d19f9c9493dcd9d6e80e8eb,32.3247430420015,17.330610050994437,7.010234211978968
135,train/attack/digital_1/huawei/persian-NM-1035.jpg,digital_1,huawei,6294624,/home/u5757978/ForgedDocDeepID/output/LABPC/trufor_adversarial_localisation_attack/full_population/images/135_c9cee6c60957,80e792b6a44c6cc04d9184219328778d694b4dfabb9b9d152b196ebf57d64223,621.3543038060016,367.07902565399854,210.83007672700478
136,train/attack/digital_1/iphone15pro/persian-NM-1035.jpg,digital_1,iphone15pro,5145830,/home/u5757978/ForgedDocDeepID/output/LABPC/trufor_adversarial_localisation_attack/full_population/images/136_000b41c1fc8a,6707eda654ffa27328ab545a7f42f1ba32e3354c60623264f50221d2821d46f1,303.9839347779998,182.5552681670015,96.39787955999054
137,train/attack/digital_1/scan/persian-NM-1035.jpg,digital_1,scan,2486518,/home/u5757978/ForgedDocDeepID/output/LABPC/trufor_adversarial_localisation_attack/full_population/images/137_15b12ca31712,77079cb3d305627f776d8c9360931bb22933703d49d45a4ed541a01bba522c4d,36.04583591600385,18.830434368006536,8.042509374005022
138,train/attack/digital_2/huawei/persian-NM-1035.jpg,digital_2,huawei,6294624,/home/u5757978/ForgedDocDeepID/output/LABPC/trufor_adversarial_localisation_attack/full_population/images/138_2f2cf8122deb,69ea3b7f590ad8aecc9dab495978968127c638789fa2193e5ab89f99597590aa,734.1762084500006,474.79585453700565,215.9067037709974
139,train/attack/digital_2/iphone15pro/persian-NM-1035.jpg,digital_2,iphone15pro,5145830,/home/u5757978/ForgedDocDeepID/output/LABPC/trufor_adversarial_localisation_attack/full_population/images/139_7e808dc5de23,cc1e779665dcafa0addf8626fe5ac554d8a6785dcdd29bb24c0e1da15eb411ca,317.42373534200306,184.09853881001618,108.8202005250132
140,train/attack/digital_2/scan/persian-NM-1035.jpg,digital_2,scan,2486518,/home/u5757978/ForgedDocDeepID/output/LABPC/trufor_adversarial_localisation_attack/full_population/images/140_ff9a6a72c2a2,0f0da8dffeec7e62dbf77d2ced0f1289b858f830317e3086b9cf6eea656472e2,37.273068796996085,19.250538891981705,8.233907344001636
141,train/attack/digital_1/huawei/portugal-013_03.jpg,digital_1,huawei,5703192,/home/u5757978/ForgedDocDeepID/output/LABPC/trufor_adversarial_localisation_attack/full_population/images/141_7ea7b7a1df39,934f984a895ad4f5b3984d62d78bb8499289d52a2d0354ef2784e48fe384c501,401.6586472819981,227.06788747000246,143.25245316499058
142,train/attack/digital_1/iphone15pro/portugal-013_03.jpg,digital_1,iphone15pro,4262574,/home/u5757978/ForgedDocDeepID/output/LABPC/trufor_adversarial_localisation_attack/full_population/images/142_d96ab5a1cbf8,4dbf36fb81bb20a356f6fb8c0bc14e65a71d4b1552ed4eefd97208407f8315f2,66.63432226499572,38.59079088701401,14.07027170699439
143,train/attack/digital_1/scan/portugal-013_03.jpg,digital_1,scan,2485512,/home/u5757978/ForgedDocDeepID/output/LABPC/trufor_adversarial_localisation_attack/full_population/images/143_49af15556b38,6b305abf67f7585c2d933f9e17c872279ffe17b046082f845ada6e5dd57f187c,32.12481846800074,17.288406430998293,6.888348045002203
144,train/attack/digital_2/huawei/portugal-013_03.jpg,digital_2,huawei,5703192,/home/u5757978/ForgedDocDeepID/output/LABPC/trufor_adversarial_localisation_attack/full_population/images/144_1649c58561d3,158029557dfcb24e1f87e5f7b7d0858aa0edb96eeb36fb549abf628317179d37,402.3576502989963,227.1896437309988,142.903411742991
145,train/attack/digital_2/iphone15pro/portugal-013_03.jpg,digital_2,iphone15pro,4262574,/home/u5757978/ForgedDocDeepID/output/LABPC/trufor_adversarial_localisation_attack/full_population/images/145_938ada69d803,ef7113669f24df540ca27b086d3626cde0f02356425e6bad68e7c4c8c9973a52,66.38288141399971,38.5728045410433,14.050234413007274
146,train/attack/digital_2/scan/portugal-013_03.jpg,digital_2,scan,2485512,/home/u5757978/ForgedDocDeepID/output/LABPC/trufor_adversarial_localisation_attack/full_population/images/146_b473e0fcdd4a,8c4ffef93504071565b80e5ae2c122ad8c1415e0249843a736fee4c3da685673,32.52717396799562,17.282327158020053,6.921495320981194
147,train/attack/digital_1/huawei/portugal-017_03.jpg,digital_1,huawei,6350611,/home/u5757978/ForgedDocDeepID/output/LABPC/trufor_adversarial_localisation_attack/full_population/images/147_c39a0d5e1bc2,ab6f2bdb19baf6e0e48dddae78b9e153b36799b42e7c698fa9c99448f53799d0,808.3061446829961,436.97094191600627,324.9890448960068
148,train/attack/digital_1/iphone15pro/portugal-017_03.jpg,digital_1,iphone15pro,5173260,/home/u5757978/ForgedDocDeepID/output/LABPC/trufor_adversarial_localisation_attack/full_population/images/148_f6083f363d27,3c34fee91957f26022c7ad990f9d6a7c980e3457b4625bcdc9e73ca0cb61fd41,341.16839967000124,196.85847972699412,118.00708293299249
149,train/attack/digital_1/scan/portugal-017_03.jpg,digital_1,scan,2490000,/home/u5757978/ForgedDocDeepID/output/LABPC/trufor_adversarial_localisation_attack/full_population/images/149_e4bb489e2754,b34f05476ea143c792111810b8c6d71f80a4cf85ed126ec701ec04d63516eeb5,32.15827826200257,17.25844707399665,6.863461858993105
150,train/attack/digital_2/huawei/portugal-017_03.jpg,digital_2,huawei,6350611,/home/u5757978/ForgedDocDeepID/output/LABPC/trufor_adversarial_localisation_attack/full_population/images/150_dce2dffaebe9,b8eb82d695a8cb0ac8ea459780d9a2cb8bd32ee82a7d9b86cf88c4d8c279e314,933.2782663580001,479.940908664008,408.8126983050024
151,train/attack/digital_2/iphone15pro/portugal-017_03.jpg,digital_2,iphone15pro,5173260,/home/u5757978/ForgedDocDeepID/output/LABPC/trufor_adversarial_localisation_attack/full_population/images/151_271dc7a0442b,bb67d36bf4be143be4274b754a3339312d61001cbc2ed880db5b47b04718309a,352.62554459700186,204.43277072803176,122.64006333200086
152,train/attack/digital_2/scan/portugal-017_03.jpg,digital_2,scan,2490000,/home/u5757978/ForgedDocDeepID/output/LABPC/trufor_adversarial_localisation_attack/full_population/images/152_f6137f1def06,7770605a73acd12313675ab3905b2431f74c6eb47e6e80f19f5c68c10d7a6fac,33.860454352994566,17.19915499901981,6.926326881010027
153,train/attack/digital_1/huawei/portugal-029_03.jpg,digital_1,huawei,6323700,/home/u5757978/ForgedDocDeepID/output/LABPC/trufor_adversarial_localisation_attack/full_population/images/153_74cbfa8bd0e8,f188c523c8cc195fc34faa43138cfb3ceabe65067f3313ddec3eab5fe81e8e06,851.7838701169967,433.44256543599477,375.42998608799826
154,train/attack/digital_1/iphone15pro/portugal-029_03.jpg,digital_1,iphone15pro,5088825,/home/u5757978/ForgedDocDeepID/output/LABPC/trufor_adversarial_localisation_attack/full_population/images/154_45c88920e359,5184653ab3815b743902ff493405201d756d335ef3831e8eff92dc0eddddad11,295.386388525003,185.13543271299568,85.3988765650065
155,train/attack/digital_1/scan/portugal-029_03.jpg,digital_1,scan,2484024,/home/u5757978/ForgedDocDeepID/output/LABPC/trufor_adversarial_localisation_attack/full_population/images/155_b6f71508eee8,72a2fe5d9935a5308239e2ea5b1fa90fdae54d0e1a6c5fce4fb0d7c8f47f4738,33.7563044760027,17.156571933985106,6.892563601999427
156,train/attack/digital_2/huawei/portugal-029_03.jpg,digital_2,huawei,6323700,/home/u5757978/ForgedDocDeepID/output/LABPC/trufor_adversarial_localisation_attack/full_population/images/156_87ac7a25cf1b,6fdc5f771506f3bd0340d68ef72d5b41bfc13d7c32276407fb1ecc69cd611908,849.7371374840004,437.53137237301416,369.22753532699426
157,train/attack/digital_2/iphone15pro/portugal-029_03.jpg,digital_2,iphone15pro,5088825,/home/u5757978/ForgedDocDeepID/output/LABPC/trufor_adversarial_localisation_attack/full_population/images/157_a1b72c4f4ad0,4c14038b555cf698fbbf62accab40ccb1cd1b9fa37c4af509ef0f3849fd1d7bf,332.4443100069984,185.1220468909887,122.27759408299607
158,train/attack/digital_2/scan/portugal-029_03.jpg,digital_2,scan,2484024,/home/u5757978/ForgedDocDeepID/output/LABPC/trufor_adversarial_localisation_attack/full_population/images/158_d1d75dc8607c,46ac81f69ff035a26e2239a19a6ad82bbfc0ed35b9b1160010c51743720f1d9b,34.14660587200342,18.757935746965813,7.616660629006219
159,train/attack/digital_1/huawei/portugal-119_03.jpg,digital_1,huawei,6339249,/home/u5757978/ForgedDocDeepID/output/LABPC/trufor_adversarial_localisation_attack/full_population/images/159_b87c30bc7e20,5f1044d31d5d75961d95d41e44f6aa8596a4d231cb6fe6ea57d2b6d2b00990fa,843.8033844829988,452.93306486099027,345.2940794479873
160,train/attack/digital_1/iphone15pro/portugal-119_03.jpg,digital_1,iphone15pro,5144078,/home/u5757978/ForgedDocDeepID/output/LABPC/trufor_adversarial_localisation_attack/full_population/images/160_bc8bc47695e5,3d46571770a89ceb425057a30a592c0e7abe62455bdcb48ff42a3307b17a8ad2,282.7144713460002,178.08193009799288,80.77938526500657
161,train/attack/digital_1/scan/portugal-119_03.jpg,digital_1,scan,2486016,/home/u5757978/ForgedDocDeepID/output/LABPC/trufor_adversarial_localisation_attack/full_population/images/161_26e175f907a4,a54e66796729f98d29cb8326b7bd68010cba8e911279964b8a70a3be595e3a29,31.506488828003057,16.966023350993055,6.86452922999888
162,train/attack/digital_2/huawei/portugal-119_03.jpg,digital_2,huawei,6339249,/home/u5757978/ForgedDocDeepID/output/LABPC/trufor_adversarial_localisation_attack/full_population/images/162_b97afa669aeb,17fdaf2f65d30f4692e7eb91b5aa4574440af53250e320c60cd70bc024b344ea,813.6828788809944,445.4535592829998,325.2606871440148
163,train/attack/digital_2/iphone15pro/portugal-119_03.jpg,digital_2,iphone15pro,5144078,/home/u5757978/ForgedDocDeepID/output/LABPC/trufor_adversarial_localisation_attack/full_population/images/163_92dbbe0367eb,33e9594261cb20c0d4c33b3741483fe30f9e454e9f88e1ef1ba72843dd944456,266.93398609200085,177.44940179197147,64.60044214500522
164,train/attack/digital_2/scan/portugal-119_03.jpg,digital_2,scan,2486016,/home/u5757978/ForgedDocDeepID/output/LABPC/trufor_adversarial_localisation_attack/full_population/images/164_9cd4c9c96304,d87a5337c5b01ad9a419399fa20171cb71f8d72d7a8deb6f89d947e28ba7bd5a,32.32716358500329,17.103954694990534,6.805285437993007
165,train/attack/digital_1/huawei/portugal-NF-1060.jpg,digital_1,huawei,6365130,/home/u5757978/ForgedDocDeepID/output/LABPC/trufor_adversarial_localisation_attack/full_population/images/165_ecf44787190f,3432dd9c87898c61d3ec31cc9621c8b818d7af09cc90203e2fd43d072ca847ee,850.3804837329953,468.2506937029975,338.89374506103195
166,train/attack/digital_1/iphone15pro/portugal-NF-1060.jpg,digital_1,iphone15pro,5146265,/home/u5757978/ForgedDocDeepID/output/LABPC/trufor_adversarial_localisation_attack/full_population/images/166_3ea2dd9e9782,54c128520df5dcb07bd45e171218612eefb198919e424c33d41663ffa2bbfffb,342.5133897920023,194.88031102198875,122.2917610059958
167,train/attack/digital_1/scan/portugal-NF-1060.jpg,digital_1,scan,2489760,/home/u5757978/ForgedDocDeepID/output/LABPC/trufor_adversarial_localisation_attack/full_population/images/167_b98096f927a5,966396aa9462e71205fbb0ee87938f5fdc16aeb830196c7184c4b7a136c8be43,33.89125378100289,17.117249700990214,6.741254172025947
168,train/attack/digital_2/huawei/portugal-NF-1060.jpg,digital_2,huawei,6365130,/home/u5757978/ForgedDocDeepID/output/LABPC/trufor_adversarial_localisation_attack/full_population/images/168_3d90026e78b2,59452afda132fd12889218d6df020c3c532bfc0365922cc85e1aa975adfd8544,866.4081532429991,459.8820994320122,362.98833047301014
169,train/attack/digital_2/iphone15pro/portugal-NF-1060.jpg,digital_2,iphone15pro,5146265,/home/u5757978/ForgedDocDeepID/output/LABPC/trufor_adversarial_localisation_attack/full_population/images/169_487cec904848,6e0f2253ca391c337cc4959ee5484e7901ed18c940c254d11e469472caa85ced,342.47975774000224,194.80130303599435,122.07962683601363
170,train/attack/digital_2/scan/portugal-NF-1060.jpg,digital_2,scan,2489760,/home/u5757978/ForgedDocDeepID/output/LABPC/trufor_adversarial_localisation_attack/full_population/images/170_7db10377b55f,c457139e83fc1ec83ed4840b038c2dd7af4cd9b2d61b5df3b20a7ac3aecd0357,33.10139644800074,17.070781960013846,6.846233060998202
171,train/attack/digital_1/huawei/portugal-NF-1066.jpg,digital_1,huawei,5730819,/home/u5757978/ForgedDocDeepID/output/LABPC/trufor_adversarial_localisation_attack/full_population/images/171_6e4aa48a8c9b,e685d3ea4c20c42a2ecf89f166b9f0a756ea5543bd2da07d994ac24f7a00a9fd,461.6439141439987,259.1040933750046,171.11943107799743
172,train/attack/digital_1/iphone15pro/portugal-NF-1066.jpg,digital_1,iphone15pro,4256707,/home/u5757978/ForgedDocDeepID/output/LABPC/trufor_adversarial_localisation_attack/full_population/images/172_e72a58e9fcdd,53648dc133b14541641a9db7af286c4183e0188b140ed326384f3d8036f41ea3,66.56217464899964,38.27801162299147,13.915148807995138
173,train/attack/digital_1/scan/portugal-NF-1066.jpg,digital_1,scan,2485770,/home/u5757978/ForgedDocDeepID/output/LABPC/trufor_adversarial_localisation_attack/full_population/images/173_74222ec1da01,85b49ddda6223adc3d4615a6098d84daf356a7cb000233eaf22e8434fac4f7eb,32.93786853399797,17.3600662230092,7.033856404996186
174,train/attack/digital_2/huawei/portugal-NF-1066.jpg,digital_2,huawei,5730819,/home/u5757978/ForgedDocDeepID/output/LABPC/trufor_adversarial_localisation_attack/full_population/images/174_d1024382668e,18b956d12ecf0ccfacbed728b9cb5c413f20b9ac14176727e60e8521a0cbb65b,468.5755655989997,253.38526018302946,183.54119940699456
175,train/attack/digital_2/iphone15pro/portugal-NF-1066.jpg,digital_2,iphone15pro,4256707,/home/u5757978/ForgedDocDeepID/output/LABPC/trufor_adversarial_localisation_attack/full_population/images/175_3ecae9b10bcd,c255ad6ac14f0e9efeaeffeeb3e2a4857ceff45b781829e36a319359ac60335d,65.35892785200122,38.325568451000436,13.938825681994786
176,train/attack/digital_2/scan/portugal-NF-1066.jpg,digital_2,scan,2485770,/home/u5757978/ForgedDocDeepID/output/LABPC/trufor_adversarial_localisation_attack/full_population/images/176_1637321b7d45,cf9b817db476bb42e7cbcedeb133188fe45b12e3941af670c93ed7da7359218f,33.22801494799933,17.444342588991276,7.061146965992521
177,train/attack/digital_1/huawei/portugal-NF-1109.jpg,digital_1,huawei,6370896,/home/u5757978/ForgedDocDeepID/output/LABPC/trufor_adversarial_localisation_attack/full_population/images/177_a97ae97b1f33,35a530e3f7a8fbbeb1a0a6453e95b8c50da43988ddb45378067713c9792e84e9,834.7712493619983,582.1867978180089,212.87596346098871
178,train/attack/digital_1/iphone15pro/portugal-NF-1109.jpg,digital_1,iphone15pro,5142210,/home/u5757978/ForgedDocDeepID/output/LABPC/trufor_adversarial_localisation_attack/full_population/images/178_01a29bde747d,23404f4e1d9bd1d914789b719ee2648ef131d0d2d350329aeb16d877b0082a75,326.7074042109962,194.55052483098552,108.71751850302098
179,train/attack/digital_1/scan/portugal-NF-1109.jpg,digital_1,scan,2493750,/home/u5757978/ForgedDocDeepID/output/LABPC/trufor_adversarial_localisation_attack/full_population/images/179_98ee27d9e1a4,692723ac86193e83c690bad06047eef395e0e8a99ebdb433062ff11cecb5847c,40.95224287400197,22.771397472002718,9.41793243597931
180,train/attack/digital_2/huawei/portugal-NF-1109.jpg,digital_2,huawei,6370896,/home/u5757978/ForgedDocDeepID/output/LABPC/trufor_adversarial_localisation_attack/full_population/images/180_27083cedb9d1,a4d64f892f0e573ac9cab156e6cb4ca42ad75da91421c24131606621aa083d99,617.2286095350064,337.23200036898197,235.65976522998972
181,train/attack/digital_2/iphone15pro/portugal-NF-1109.jpg,digital_2,iphone15pro,5142210,/home/u5757978/ForgedDocDeepID/output/LABPC/trufor_adversarial_localisation_attack/full_population/images/181_a7f830d3eb95,e3aea2c364a450deaeafee9ed94581276c52ed4c5571cec0af44c0417f2c1528,334.97418219599786,188.13744227400457,119.94731808800134
182,train/attack/digital_2/scan/portugal-NF-1109.jpg,digital_2,scan,2493750,/home/u5757978/ForgedDocDeepID/output/LABPC/trufor_adversarial_localisation_attack/full_population/images/182_cde9c43c1604,21b5079fe6f86e79ae0bbeb4433b861c8a2620bf79271cb8d11a46b8f6c3678f,32.653528191003716,17.314838996004255,6.9852707710088
183,train/attack/digital_1/huawei/russian-062_03.jpg,digital_1,huawei,6323465,/home/u5757978/ForgedDocDeepID/output/LABPC/trufor_adversarial_localisation_attack/full_population/images/183_c6ec6c889ef4,630094bcf331c8368f076ffe451dbf9af86a9c119e1c4fa042a01cff2b4aab9b,821.8694401759931,432.24362670298433,347.1208519639913
184,train/attack/digital_1/iphone15pro/russian-062_03.jpg,digital_1,iphone15pro,5093475,/home/u5757978/ForgedDocDeepID/output/LABPC/trufor_adversarial_localisation_attack/full_population/images/184_a8e0ef4a3717,2a3eca74e55ea58a518b2394552e39cf4075c5299d89d4767976d09553ca331f,257.23069335599575,170.60862668501068,62.52351728500798
185,train/attack/digital_1/scan/russian-062_03.jpg,digital_1,scan,2487765,/home/u5757978/ForgedDocDeepID/output/LABPC/trufor_adversarial_localisation_attack/full_population/images/185_ce4615567ebd,79331c2a410ca6a50362c11e9204fcf371f09413fb55e921fda9e6b3636f3b4b,33.18029634200502,17.28518103699753,6.924278861006314
186,train/attack/digital_2/huawei/russian-062_03.jpg,digital_2,huawei,6323465,/home/u5757978/ForgedDocDeepID/output/LABPC/trufor_adversarial_localisation_attack/full_population/images/186_f6dc4127e57d,4511f0c92fb0db42b2ba25954bfd01736c3c543d87815a47b1936737c57d432a,800.9328441609978,418.4721449530043,336.3367752419945
187,train/attack/digital_2/iphone15pro/russian-062_03.jpg,digital_2,iphone15pro,5093475,/home/u5757978/ForgedDocDeepID/output/LABPC/trufor_adversarial_localisation_attack/full_population/images/187_3749ed2cfd94,73746e1ec8bfbce1f5300ab8081a9c7d7941d0b4b2430f7e072dee78c0ad9842,262.5907531269986,174.28165787601756,64.00419734501338
188,train/attack/digital_1/huawei/russian-132_03.jpg,digital_1,huawei,6322140,/home/u5757978/ForgedDocDeepID/output/LABPC/trufor_adversarial_localisation_attack/full_population/images/188_692e42c52664,2aba08a6034d7f78162814602db61431ebb117dbb71e8385883d3b77ac0a1642,776.2231236149964,392.3544268199985,340.84933502500644
189,train/attack/digital_1/iphone15pro/russian-132_03.jpg,digital_1,iphone15pro,5062149,/home/u5757978/ForgedDocDeepID/output/LABPC/trufor_adversarial_localisation_attack/full_population/images/189_e86b90f0c8d4,d0e52d5723e2659272b38c20dd7d941c784f9cb5f77dbfe6548cee7036d9f935,215.88851139100007,130.6144909200084,63.3109090969956
190,train/attack/digital_1/scan/russian-132_03.jpg,digital_1,scan,2486518,/home/u5757978/ForgedDocDeepID/output/LABPC/trufor_adversarial_localisation_attack/full_population/images/190_b40dad6eb658,fb540c787ff53570b69f3503acc11d9f4a82112ba6582b710a01cb18501cbea8,33.57827041800192,17.337708648992702,7.278240190003999
191,train/attack/digital_2/huawei/russian-132_03.jpg,digital_2,huawei,6322140,/home/u5757978/ForgedDocDeepID/output/LABPC/trufor_adversarial_localisation_attack/full_population/images/191_4003eac474a7,f7a635dead46f575f68ab87f3981d3bc5704ee31bf417f4995df5d90860280ef,727.2412735749967,374.78596000899415,308.099577405992
192,train/attack/digital_2/iphone15pro/russian-132_03.jpg,digital_2,iphone15pro,5062149,/home/u5757978/ForgedDocDeepID/output/LABPC/trufor_adversarial_localisation_attack/full_population/images/192_d5630e16fe0a,3b940b3c8ed702c081f94a5c0a0e5512c95a11bd594559553e9de33e728baaa0,232.1106110289984,134.89982013102417,75.8683089039987
193,train/attack/digital_2/scan/russian-132_03.jpg,digital_2,scan,2486518,/home/u5757978/ForgedDocDeepID/output/LABPC/trufor_adversarial_localisation_attack/full_population/images/193_055de2838397,9bf0f0b8d6b13bf71fab10a89736be06072b332f84ae4c4b411e6caea2a1f38e,32.512099594001484,17.250786304983194,6.851532254993799
194,train/attack/digital_1/huawei/russian-NF-1089.jpg,digital_1,huawei,6487404,/home/u5757978/ForgedDocDeepID/output/LABPC/trufor_adversarial_localisation_attack/full_population/images/194_e9b07d0c1941,2823dff4d42d1b2150dbf6ebc2a5862e339113ff6dde8a00ab193511f0def7e6,996.5415119220052,513.6422928760003,437.0425201530088
195,train/attack/digital_1/iphone15pro/russian-NF-1089.jpg,digital_1,iphone15pro,5084744,/home/u5757978/ForgedDocDeepID/output/LABPC/trufor_adversarial_localisation_attack/full_population/images/195_e93781601779,a991eff7501c573ddbcc2263ea076bc08f775c087dedc2ceefe22e636acf6b72,265.0898897980005,153.13579691100313,87.05789409999852
196,train/attack/digital_1/scan/russian-NF-1089.jpg,digital_1,scan,2482032,/home/u5757978/ForgedDocDeepID/output/LABPC/trufor_adversarial_localisation_attack/full_population/images/196_81bbcff3bdcd,45d7d53cc118b2f781b18522f4c7be37c88637e8ec92120379e82189cb1c5af7,33.01359103999857,17.142991969012655,6.848481029010145
197,train/attack/digital_2/iphone15pro/russian-NF-1089.jpg,digital_2,iphone15pro,5084744,/home/u5757978/ForgedDocDeepID/output/LABPC/trufor_adversarial_localisation_attack/full_population/images/197_d1b4783eff5c,1718e923f5d1292b7d6c9de0a9b8c122ac861202d74a28c555fea52d427fdf4b,266.2694755419943,152.923561721007,86.92586462798499
198,train/attack/digital_2/scan/russian-NF-1089.jpg,digital_2,scan,2482032,/home/u5757978/ForgedDocDeepID/output/LABPC/trufor_adversarial_localisation_attack/full_population/images/198_cfac1bd9d8ef,f4508b4f40fd22cacb647aa7d82f0473b45f28b6f6896731cae918206116c4f7,32.02403978299844,17.089601820007374,6.901885021987255
199,train/attack/digital_1/huawei/russian-NF-1099.jpg,digital_1,huawei,5775216,/home/u5757978/ForgedDocDeepID/output/LABPC/trufor_adversarial_localisation_attack/full_population/images/199_2fbd3cb4bfe6,be8ac4fb7cbdc71a37201d712de5c6e784cb28888ad9de0c539c6f91e76ffc37,356.28595653999946,217.1745215359988,106.31588528200518
200,train/attack/digital_1/iphone15pro/russian-NF-1099.jpg,digital_1,iphone15pro,4270320,/home/u5757978/ForgedDocDeepID/output/LABPC/trufor_adversarial_localisation_attack/full_population/images/200_202bf56fff17,6e96f834b5caf87e215a7fbb68903829a4ecb7d0bfb28da3e3b97acef224c092,64.91210267900169,38.308875442009594,13.866283098002896
201,train/attack/digital_1/scan/russian-NF-1099.jpg,digital_1,scan,2493750,/home/u5757978/ForgedDocDeepID/output/LABPC/trufor_adversarial_localisation_attack/full_population/images/201_f0cdc8ac2449,84cc59b784a7d180f657be777712af69d9df7c33d3a46a19cf7d506e37dea011,32.96752206999372,17.468892664008308,6.990329604996077
202,train/attack/digital_2/huawei/russian-NF-1099.jpg,digital_2,huawei,5775216,/home/u5757978/ForgedDocDeepID/output/LABPC/trufor_adversarial_localisation_attack/full_population/images/202_457408b26994,70b213138222e1fc444ef54569f3fcecb591e906f3de12d040c2272704f19ffe,365.74847330499324,223.54763746100798,109.5081284110056
203,train/attack/digital_2/iphone15pro/russian-NF-1099.jpg,digital_2,iphone15pro,4270320,/home/u5757978/ForgedDocDeepID/output/LABPC/trufor_adversarial_localisation_attack/full_population/images/203_e307f3f8637d,bbba02be2bd7e2e7f784783711b0df98b6163f220d52aa43564663fe8af0cf8b,66.65564396200352,38.444212139998854,13.869870787981199
204,train/attack/digital_2/scan/russian-NF-1099.jpg,digital_2,scan,2493750,/home/u5757978/ForgedDocDeepID/output/LABPC/trufor_adversarial_localisation_attack/full_population/images/204_32ff5cb46dc8,be9911870d04f0677a7a165c3e27b8d3c85173235d734f572d373fce30b69edb,33.083271454997885,17.478088372015918,6.939527353984886
205,train/attack/digital_1/huawei/turkiye-032_03.jpg,digital_1,huawei,6318947,/home/u5757978/ForgedDocDeepID/output/LABPC/trufor_adversarial_localisation_attack/full_population/images/205_2aca9eb60c0e,96ae4cb0f7264b58033cb785508ab55cc4a6630db463424542ab190ccbe91444,820.1605106569987,435.75380687499273,340.69365019199176
206,train/attack/digital_1/iphone15pro/turkiye-032_03.jpg,digital_1,iphone15pro,5068050,/home/u5757978/ForgedDocDeepID/output/LABPC/trufor_adversarial_localisation_attack/full_population/images/206_e8c801757727,aafd6839933ec14f323a8f31b153affd3e3a95abbbe92866692c4ffffd6d3469,209.75576186899707,133.7371247849951,53.694775204996404
207,train/attack/digital_1/scan/turkiye-032_03.jpg,digital_1,scan,2501496,/home/u5757978/ForgedDocDeepID/output/LABPC/trufor_adversarial_localisation_attack/full_population/images/207_8647bfdf8090,654c70401cf3c1dfa20802a4c41d154e1e5314c3cbabe24eb931fc7b7b983976,34.09706615799951,17.29975190598634,6.9318244390015025
208,train/attack/digital_2/huawei/turkiye-032_03.jpg,digital_2,huawei,6318947,/home/u5757978/ForgedDocDeepID/output/LABPC/trufor_adversarial_localisation_attack/full_population/images/208_98cae95966c3,542dc1fc0a862f496356d7bf4e79cb39a0711c8ae06c699fa14e49743f848981,825.0868478999982,439.91535809101333,341.30194481600483
209,train/attack/digital_1/huawei/turkiye-101_03.jpg,digital_1,huawei,6364202,/home/u5757978/ForgedDocDeepID/output/LABPC/trufor_adversarial_localisation_attack/full_population/images/209_7643bc90b018,8b8ddd0fe707f5ea983d1d69911b0f51201389dc506a937214594de57a8034e1,1241.8078806080084,714.4263977060109,482.91559337303624
210,train/attack/digital_1/iphone15pro/turkiye-101_03.jpg,digital_1,iphone15pro,5044220,/home/u5757978/ForgedDocDeepID/output/LABPC/trufor_adversarial_localisation_attack/full_population/images/210_72b8016630b3,a8dd42769104fd6be3504406e71bf12c18fac3ecc003226d4a716a67743b17a3,177.8320151349908,136.9632725410047,18.427912544022547
211,train/attack/digital_1/scan/turkiye-101_03.jpg,digital_1,scan,2500244,/home/u5757978/ForgedDocDeepID/output/LABPC/trufor_adversarial_localisation_attack/full_population/images/211_f5fe4e108d1b,dbeae2026937a92ae1776d7725bef254b41701c436d9f21005126d0f80e7cf5b,32.32494975099689,17.36062475599465,6.994189705961617
212,train/attack/digital_2/huawei/turkiye-101_03.jpg,digital_2,huawei,6364202,/home/u5757978/ForgedDocDeepID/output/LABPC/trufor_adversarial_localisation_attack/full_population/images/212_d99491cfcc04,f76c38bb96f3235cfaeb81629e060bcc5eca5319a27b97856e386e767d4a8a5a,1108.1131558759953,588.9550185370608,477.74353380496905
213,train/attack/digital_2/iphone15pro/turkiye-101_03.jpg,digital_2,iphone15pro,5044220,/home/u5757978/ForgedDocDeepID/output/LABPC/trufor_adversarial_localisation_attack/full_population/images/213_d99698d7f4a8,5b9c26bd6b89a39952a2c02633e6ac781951ba36fac3d01bdd68af6e107144bb,175.0121481440001,135.05490934099362,18.452570141962497
214,train/attack/digital_1/huawei/turkiye-104_03.jpg,digital_1,huawei,6343162,/home/u5757978/ForgedDocDeepID/output/LABPC/trufor_adversarial_localisation_attack/full_population/images/214_7ae09fff9101,b21e2c793f6fffe7c5b7be1e66b0f291bdc7d32e69d58c510db341f312d232f5,899.6408357420005,488.3746559769497,367.48672890200396
215,train/attack/digital_1/iphone15pro/turkiye-104_03.jpg,digital_1,iphone15pro,5023257,/home/u5757978/ForgedDocDeepID/output/LABPC/trufor_adversarial_localisation_attack/full_population/images/215_5bb6703d4738,4405eb9a2eb345dad55087ca2ea195ef3dcfefa6e7c1313d551f123b373b0303,166.05614058900392,126.7209345720039,17.932530115009286
216,train/attack/digital_1/scan/turkiye-104_03.jpg,digital_1,scan,2496250,/home/u5757978/ForgedDocDeepID/output/LABPC/trufor_adversarial_localisation_attack/full_population/images/216_c6163226a98a,03ae4ccf22c93ce7d65f316db53af304775e3cd64464a36a9bd68d24df39d21f,32.97953301400412,17.510033608981757,7.015582627020194
217,train/attack/digital_2/iphone15pro/turkiye-104_03.jpg,digital_2,iphone15pro,5023257,/home/u5757978/ForgedDocDeepID/output/LABPC/trufor_adversarial_localisation_attack/full_population/images/217_5b9780131599,afe43cf756faa697aa41f91ac565cad8c76dfebfb350f6aa11281c38b82d0b25,172.38304201199207,123.50435668100545,27.136538188977283
218,train/attack/digital_2/scan/turkiye-104_03.jpg,digital_2,scan,2496250,/home/u5757978/ForgedDocDeepID/output/LABPC/trufor_adversarial_localisation_attack/full_population/images/218_9a6bc59a66c7,2a3ca50834f88c60ce4bb4318f617a0bcc4c70edeedc760918a5462aea1aace4,32.588577318005264,17.393739527993603,7.010445701991557
219,train/attack/digital_1/huawei/turkiye-115_03.jpg,digital_1,huawei,6490484,/home/u5757978/ForgedDocDeepID/output/LABPC/trufor_adversarial_localisation_attack/full_population/images/219_fc481ae25931,ffecbb71f116437e17adafb57dbafa4489cad717ede9d0f2b24ddf92b0e9d0c5,909.1207668959978,456.8814129600505,405.9145109549863
220,train/attack/digital_1/iphone15pro/turkiye-115_03.jpg,digital_1,iphone15pro,4996460,/home/u5757978/ForgedDocDeepID/output/LABPC/trufor_adversarial_localisation_attack/full_population/images/220_a5e0d16d7a2b,7d555a78ed1de4f5e36470a9340e0ffc66fad28b2115dac2d3cbef873afbcf54,159.9352892379975,121.47624375298619,17.18971017395961
221,train/attack/digital_1/scan/turkiye-115_03.jpg,digital_1,scan,2493504,/home/u5757978/ForgedDocDeepID/output/LABPC/trufor_adversarial_localisation_attack/full_population/images/221_2a4432615b70,3ef12104129faa85a38e2e0e9af97db6b2225e39a9ed8533e0a8e7bf6c93adbd,32.96236474899342,17.207728620967828,6.8424015040072845
222,train/attack/digital_2/huawei/turkiye-115_03.jpg,digital_2,huawei,6490484,/home/u5757978/ForgedDocDeepID/output/LABPC/trufor_adversarial_localisation_attack/full_population/images/222_e06a3c19e734,a518a27e1890323b22a29e58882373521cab568a77c6e6d5b2ef2d8d6c2b9cd0,1034.6011072460096,546.1576271840459,439.84695487699355
223,train/attack/digital_1/huawei/turkiye-NF-1002.jpg,digital_1,huawei,6304000,/home/u5757978/ForgedDocDeepID/output/LABPC/trufor_adversarial_localisation_attack/full_population/images/223_8c50d6836678,6308c3a75803b370f923393f6efc07252f7bcc672efde02187f2a799aaed9d58,654.0140931829956,387.68234628201753,225.08454261597944
224,train/attack/digital_1/iphone15pro/turkiye-NF-1002.jpg,digital_1,iphone15pro,5047295,/home/u5757978/ForgedDocDeepID/output/LABPC/trufor_adversarial_localisation_attack/full_population/images/224_5f84bb701812,2a7eac5bdb0d9d4aef2bcc14fcbb6b2eb8827413404cd20233c381d05d6bcca4,255.2512863999873,153.49175238200405,78.17702356503287
225,train/attack/digital_1/scan/turkiye-NF-1002.jpg,digital_1,scan,2491250,/home/u5757978/ForgedDocDeepID/output/LABPC/trufor_adversarial_localisation_attack/full_population/images/225_d05a346f061d,7f24dbe8b8be31a96a4a748537077bb9206c3dd6680ce7a8230b91c97676935e,33.17092195399164,17.384923641002388,6.979245362977963
226,train/attack/digital_2/huawei/turkiye-NF-1002.jpg,digital_2,huawei,6304000,/home/u5757978/ForgedDocDeepID/output/LABPC/trufor_adversarial_localisation_attack/full_population/images/226_c78d57c6ef91,c41f066c11ebce73bc03551a63b544e6ccdc5fbe77f1a4eaa378432e1885fe8a,654.0627090490016,395.0846910000546,215.966466494021
227,train/attack/digital_2/iphone15pro/turkiye-NF-1002.jpg,digital_2,iphone15pro,5047295,/home/u5757978/ForgedDocDeepID/output/LABPC/trufor_adversarial_localisation_attack/full_population/images/227_45b767ed7bb0,e3628c5914176b2a301f94e7d2a674af80e64462713a6567c7f13309f13a44cf,278.2495669459895,156.44553738804825,98.18244779400993
228,train/attack/digital_2/scan/turkiye-NF-1002.jpg,digital_2,scan,2491250,/home/u5757978/ForgedDocDeepID/output/LABPC/trufor_adversarial_localisation_attack/full_population/images/228_0473adb87fbb,4d18e0fdc87bd46e939254d04f6438c00f9d907ff7f1ad203ae548b06f3f907f,32.86309215199435,17.308472193064517,6.873529259013594
229,train/attack/digital_1/huawei/turkiye-NM-1055.jpg,digital_1,huawei,6377504,/home/u5757978/ForgedDocDeepID/output/LABPC/trufor_adversarial_localisation_attack/full_population/images/229_a2c2cb13845a,76e76c2edeccb771e33b1d07f8460a0c24e6469a4b967463d803faf27c28ce82,836.0222426410037,505.00261266197776,287.89782541795284
230,train/attack/digital_1/iphone15pro/turkiye-NM-1055.jpg,digital_1,iphone15pro,5071381,/home/u5757978/ForgedDocDeepID/output/LABPC/trufor_adversarial_localisation_attack/full_population/images/230_ddd217589118,8f96ea11ef432c5036674e01c5253b77697ec8b601ad3b0180b70e5d885f6c90,220.11966449099418,134.32329547101108,62.53261256299447
231,train/attack/digital_1/scan/turkiye-NM-1055.jpg,digital_1,scan,2488008,/home/u5757978/ForgedDocDeepID/output/LABPC/trufor_adversarial_localisation_attack/full_population/images/231_ec91fbe52c37,e75acb5fe8b206b079b30511374e7312c943a9cedc994174c2bd0732c5206b29,33.10741826899175,17.28029867001169,6.892448544997023
232,train/attack/digital_2/huawei/turkiye-NM-1055.jpg,digital_2,huawei,6377504,/home/u5757978/ForgedDocDeepID/output/LABPC/trufor_adversarial_localisation_attack/full_population/images/232_3f2e3e76f15c,f012fe9b6c95f7fd29bfab9e1505571477a9920b3b21413039baa3998c969bb8,704.2509522080072,424.0007241770363,234.71809886500705
233,train/attack/digital_2/iphone15pro/turkiye-NM-1055.jpg,digital_2,iphone15pro,5071381,/home/u5757978/ForgedDocDeepID/output/LABPC/trufor_adversarial_localisation_attack/full_population/images/233_64e3719b4d6f,094d348f32d70a44064aec8d4a95d41987bf27cc26f49e91a2e8160ac913433b,215.44392685798812,139.332417816011,53.354654269016464
234,train/attack/digital_2/scan/turkiye-NM-1055.jpg,digital_2,scan,2488008,/home/u5757978/ForgedDocDeepID/output/LABPC/trufor_adversarial_localisation_attack/full_population/images/234_2e93611899af,95dfcd29ca964cf3d86c4c2342a0c3928ce471fa669b5404da3235713b875152,32.43117050100409,17.329714622013853,6.9127521499904105
235,train/attack/digital_1/huawei/ukraine-025_03.jpg,digital_1,huawei,6472466,/home/u5757978/ForgedDocDeepID/output/LABPC/trufor_adversarial_localisation_attack/full_population/images/235_752ca3e488b1,1a06257be1af651d999199fb32ef7277ae10cad46cc0f255fc13a845b90f822e,1092.922469416997,530.4782279920037,518.5578961300344
236,train/attack/digital_1/iphone15pro/ukraine-025_03.jpg,digital_1,iphone15pro,5050620,/home/u5757978/ForgedDocDeepID/output/LABPC/trufor_adversarial_localisation_attack/full_population/images/236_e606f3d1adc9,613d2929ff2cc10ace581b47ef0c8c3ab67b1f10a26076577fcd1a4393397da6,254.03776790700795,162.46750656797667,67.785070686994
237,train/attack/digital_1/scan/ukraine-025_03.jpg,digital_1,scan,2495745,/home/u5757978/ForgedDocDeepID/output/LABPC/trufor_adversarial_localisation_attack/full_population/images/237_c244383f9f3c,34f02b58f508a1ebb907708ada74c0b2fd616434f3cf27029e8e38770458e98e,33.26675819000229,17.441010303009534,7.098079168034019
238,train/attack/digital_2/huawei/ukraine-025_03.jpg,digital_2,huawei,6472466,/home/u5757978/ForgedDocDeepID/output/LABPC/trufor_adversarial_localisation_attack/full_population/images/238_a0aea883a5b0,eeb21214125caae57be6509888a895bd477d532fdc7872490a710de6cd035270,897.5389734380005,427.97086845595913,423.89388130301086
239,train/attack/digital_2/scan/ukraine-025_03.jpg,digital_2,scan,2495745,/home/u5757978/ForgedDocDeepID/output/LABPC/trufor_adversarial_localisation_attack/full_population/images/239_7a8ab2cafa98,65225c46860e51aa4cbd93b5b0cbd49107dd95a12157f945823f3a8beb1fdc15,32.593070675997296,17.31035985799099,7.036293025987106
240,train/attack/digital_1/huawei/ukraine-NF-1068.jpg,digital_1,huawei,6355800,/home/u5757978/ForgedDocDeepID/output/LABPC/trufor_adversarial_localisation_attack/full_population/images/240_9038d6dc8e8a,b419269ab9657d77956b8a267202cefca14d51c97a926c4920529952b02f9768,1189.6853951710073,655.0613501980406,493.5131878339889
241,train/attack/digital_1/iphone15pro/ukraine-NF-1068.jpg,digital_1,iphone15pro,5087572,/home/u5757978/ForgedDocDeepID/output/LABPC/trufor_adversarial_localisation_attack/full_population/images/241_8d560821307d,87079fadd4788a58fd5b578f49b75d62fe7aee268ed635c0066a547a212dc5d0,291.9010635119921,168.94200104002084,99.34065478495904
242,train/attack/digital_1/scan/ukraine-NF-1068.jpg,digital_1,scan,2491008,/home/u5757978/ForgedDocDeepID/output/LABPC/trufor_adversarial_localisation_attack/full_population/images/242_c6a8848e2845,463d5d9806b1ef9a0b4d6453c3f319dcd10dbf3987e0bd5c0f3d1cc338c0d1bf,31.794647927003098,17.153519746032543,6.93780998600414
243,train/attack/digital_2/huawei/ukraine-NF-1068.jpg,digital_2,huawei,6355800,/home/u5757978/ForgedDocDeepID/output/LABPC/trufor_adversarial_localisation_attack/full_population/images/243_7fda38b05a13,c101ce6f985445257425f8fee6bd66c43a38daeb0bffc648848ffd65719bf383,764.849702384,425.00329095100096,297.9359802969998
244,train/attack/digital_2/scan/ukraine-NF-1068.jpg,digital_2,scan,2491008,/home/u5757978/ForgedDocDeepID/output/LABPC/trufor_adversarial_localisation_attack/full_population/images/244_c56ec87d86c9,243526d527a179dc4f7266dae5fd1e653c78389d969488b1b3c21eede31c9ffe,32.02676944799987,16.996721909000826,6.903578267000739
245,train/attack/digital_1/huawei/ukraine-NF-1073.jpg,digital_1,huawei,6258780,/home/u5757978/ForgedDocDeepID/output/LABPC/trufor_adversarial_localisation_attack/full_population/images/245_943c161a0abe,f011ad99f90b4cdac227423be8e893b245a16c4e7f42d725b6f0d692a0b76214,1115.78018363,827.4532559970007,247.63197786799947
246,train/attack/digital_1/iphone15pro/ukraine-NF-1073.jpg,digital_1,iphone15pro,5063695,/home/u5757978/ForgedDocDeepID/output/LABPC/trufor_adversarial_localisation_attack/full_population/images/246_725b0612a000,5ae34730166155d00cfb4cbd08390c89c62e500cc4b2dfd2da07f911d9a263a9,172.78214421099983,131.63169513100001,19.142679148001662
247,train/attack/digital_1/scan/ukraine-NF-1073.jpg,digital_1,scan,2493004,/home/u5757978/ForgedDocDeepID/output/LABPC/trufor_adversarial_localisation_attack/full_population/images/247_e76388eb61c0,ffdcf4f04737580ec61b25d8ce6a2d8867794ce9e20bc6a00bc1218ad8bb6f6a,32.68678866500068,17.361005913001463,7.029650099000719
248,train/attack/digital_2/huawei/ukraine-NF-1073.jpg,digital_2,huawei,6258780,/home/u5757978/ForgedDocDeepID/output/LABPC/trufor_adversarial_localisation_attack/full_population/images/248_bff2a70d8124,1413a0a61b255605f0aea82a6c8d1cf62524a3a782917665af3cadc58a3e5bff,1172.3902237460006,862.643262818,269.7626277320005
249,train/attack/digital_2/iphone15pro/ukraine-NF-1073.jpg,digital_2,iphone15pro,5063695,/home/u5757978/ForgedDocDeepID/output/LABPC/trufor_adversarial_localisation_attack/full_population/images/249_ea584b896b59,40ce67ff8b0ca6c73fdc7eecaca51de6ea5238840f6e1279693ed7bbeba20936,175.12734643800013,134.52363723200142,19.31647997699929
250,train/attack/digital_2/scan/ukraine-NF-1073.jpg,digital_2,scan,2493004,/home/u5757978/ForgedDocDeepID/output/LABPC/trufor_adversarial_localisation_attack/full_population/images/250_20daa7620de7,29a608e562f64048773eea7916def8d78d49e7d6b973d93f6367519e78c20ee9,32.453878524000174,17.33641757999885,7.020614998000383
251,train/attack/digital_1/huawei/ukraine-NF-1106.jpg,digital_1,huawei,6276438,/home/u5757978/ForgedDocDeepID/output/LABPC/trufor_adversarial_localisation_attack/full_population/images/251_9de056fc8b1d,aec07a5a0f405d84c68a772c247563919912f912e65e0fd2e6ddf1d7c0e24d7a,1633.457686353,1140.0990763009995,456.997817266998
252,train/attack/digital_1/iphone15pro/ukraine-NF-1106.jpg,digital_1,iphone15pro,5029632,/home/u5757978/ForgedDocDeepID/output/LABPC/trufor_adversarial_localisation_attack/full_population/images/252_5c82a0a4c04d,e9514aa5b775b6a4d43a56439c3f6019b12115288f6a9494f4cdd39027894e84,139.38281854199977,99.5964730789965,19.12154971599921
253,train/attack/digital_1/scan/ukraine-NF-1106.jpg,digital_1,scan,2489012,/home/u5757978/ForgedDocDeepID/output/LABPC/trufor_adversarial_localisation_attack/full_population/images/253_f02adeb62db1,c621155212a9415768ac68448ccd73e7dc54bb9ac0d06f86efcf217aae86e4c8,32.2720534529999,17.25511892599934,6.948488884002472
254,train/attack/digital_2/huawei/ukraine-NF-1106.jpg,digital_2,huawei,6276438,/home/u5757978/ForgedDocDeepID/output/LABPC/trufor_adversarial_localisation_attack/full_population/images/254_c8abd279cfc7,889581bfcbec3da4a761e5c5820a165e166e9ff0c208f6da41cf174dba1e52cf,1366.6778116099995,1030.6113618600075,308.21069136200185
255,train/attack/digital_2/scan/ukraine-NF-1106.jpg,digital_2,scan,2489012,/home/u5757978/ForgedDocDeepID/output/LABPC/trufor_adversarial_localisation_attack/full_population/images/255_808025317e23,33975a7ff624ce29b092e3b1767ad60ee18362027bb198d1c614019629aa7838,36.412663963999876,18.545279931995537,9.848642262000794
256,train/attack/digital_1/huawei/usa-034_03.jpg,digital_1,huawei,6305229,/home/u5757978/ForgedDocDeepID/output/LABPC/trufor_adversarial_localisation_attack/full_population/images/256_18f7a98c4240,4ce53fbfa082d91292d500b09156766889cbf54af96f019ff5d5133eaf3d0c04,3150.359731054001,2670.6145176610007,437.5116913119982
257,train/attack/digital_1/iphone15pro/usa-034_03.jpg,digital_1,iphone15pro,5041140,/home/u5757978/ForgedDocDeepID/output/LABPC/trufor_adversarial_localisation_attack/full_population/images/257_6799654928ab,6fd7ff012691e5be59ccb8294e07df7e981da1979abd3d42f8a0492f5067980f,198.99739198299903,131.56083959600255,45.98651960699863
258,train/attack/digital_1/scan/usa-034_03.jpg,digital_1,scan,2491250,/home/u5757978/ForgedDocDeepID/output/LABPC/trufor_adversarial_localisation_attack/full_population/images/258_3b8af47e8bc6,266208674c4f29f5f1100f3b026b63736c56392fa87d477297404c4123efacf7,32.23796127800051,17.326840189001814,6.972633981997205
259,train/attack/digital_2/huawei/usa-034_03.jpg,digital_2,huawei,6305229,/home/u5757978/ForgedDocDeepID/output/LABPC/trufor_adversarial_localisation_attack/full_population/images/259_5fae0f73f135,9b326d9c2862abb418d2b64c980cd4ae16910be436fe17c64a080ac6c04807e9,878.1844130169993,436.2325719010041,399.12992549199953
260,train/attack/digital_2/iphone15pro/usa-034_03.jpg,digital_2,iphone15pro,5041140,/home/u5757978/ForgedDocDeepID/output/LABPC/trufor_adversarial_localisation_attack/full_population/images/260_dc4ce9de852f,3634d309bae2691531f2f10d5494dfa11eaea7087b6fc38b23bbe74b68ab4497,197.0325162779991,131.9552540500008,44.18860977099939
261,train/attack/digital_2/scan/usa-034_03.jpg,digital_2,scan,2491250,/home/u5757978/ForgedDocDeepID/output/LABPC/trufor_adversarial_localisation_attack/full_population/images/261_02374b29b3d3,f1426fe0721f0a4852e5e43473db1c266b343d8096d68dd9f2c9b5d24e8f05db,32.02648221100026,17.334541961998184,6.999118130004717
262,train/attack/digital_1/huawei/usa-067_03.jpg,digital_1,huawei,5804535,/home/u5757978/ForgedDocDeepID/output/LABPC/trufor_adversarial_localisation_attack/full_population/images/262_ad0291cdb7df,352382448171a401c2b497a2a9b1673b9aa9abce8a1e1f4c68226378ea3096e6,579.6335882179992,319.1547448729998,224.3123199399979
263,train/attack/digital_1/iphone15pro/usa-067_03.jpg,digital_1,iphone15pro,4231231,/home/u5757978/ForgedDocDeepID/output/LABPC/trufor_adversarial_localisation_attack/full_population/images/263_31f2d45c67aa,9f64d81fbd5cc74aecd6e56b78d3b10389708ff98d94b954fb2f48f6c62b4952,64.70680498000002,38.33837519200097,14.020047154997883
264,train/attack/digital_1/scan/usa-067_03.jpg,digital_1,scan,2492256,/home/u5757978/ForgedDocDeepID/output/LABPC/trufor_adversarial_localisation_attack/full_population/images/264_4a9ef7617e47,08f63d085352c900903628c586346dd95aa2c108abadafce25c53143595a03db,32.98064969299958,17.446022758000254,6.973519266995936
265,train/attack/digital_2/huawei/usa-067_03.jpg,digital_2,huawei,5804535,/home/u5757978/ForgedDocDeepID/output/LABPC/trufor_adversarial_localisation_attack/full_population/images/265_70b511389e06,a0e593168fa88c36ddcb8f0a893eedcf46d31bdbe2f970fd9201115a7a86b715,568.2982532770002,312.7470220469968,218.88564218300053
266,train/attack/digital_2/iphone15pro/usa-067_03.jpg,digital_2,iphone15pro,4231231,/home/u5757978/ForgedDocDeepID/output/LABPC/trufor_adversarial_localisation_attack/full_population/images/266_6c99052efad0,246afb9120196b9959f3f13e3483cb13eb1a081ca73ea58e3086b1697a4c984b,64.88229490100093,38.28320499700203,14.05994621800346
267,train/attack/digital_1/huawei/usa-NF-1036.jpg,digital_1,huawei,6383468,/home/u5757978/ForgedDocDeepID/output/LABPC/trufor_adversarial_localisation_attack/full_population/images/267_7d72d80be87d,366dcc89d4af9d1d39d8ab484e51afb3e24b71c3e199f4a27ea3af9ec4b9e6ee,790.9221457969998,405.739716160997,340.3957338770033
268,train/attack/digital_1/iphone15pro/usa-NF-1036.jpg,digital_1,iphone15pro,5052600,/home/u5757978/ForgedDocDeepID/output/LABPC/trufor_adversarial_localisation_attack/full_population/images/268_9d69241e1f1b,dc684f45dc76eee1d62225c6341c7f80e0fb9cc41d436cf1768aaa93436e35a6,169.65538484399985,130.61404913099796,17.339395434000835
269,train/attack/digital_1/scan/usa-NF-1036.jpg,digital_1,scan,2488755,/home/u5757978/ForgedDocDeepID/output/LABPC/trufor_adversarial_localisation_attack/full_population/images/269_d5d3682b04d9,694e9460e3d9715f1457d149d49a15b17c36c6612f54e5e89d4c4750641e6ebd,32.02291924899873,17.310588989997996,6.949238328999854
270,train/attack/digital_2/huawei/usa-NF-1036.jpg,digital_2,huawei,6383468,/home/u5757978/ForgedDocDeepID/output/LABPC/trufor_adversarial_localisation_attack/full_population/images/270_05cae596aac9,9cec4d912d16fee729714bfbf274fd3f9d23aab4217857ea9a07c0ec79ddce25,1097.6202582390015,549.446831474992,504.25598839300073
271,train/attack/digital_2/iphone15pro/usa-NF-1036.jpg,digital_2,iphone15pro,5052600,/home/u5757978/ForgedDocDeepID/output/LABPC/trufor_adversarial_localisation_attack/full_population/images/271_151ec583628a,fb0e2f35c9160be3fcd208ae3f8146bc08c1bfdc8f8352ce2ed6720c39452e19,172.7724446079992,131.0836101720124,19.38146383800631
272,train/attack/digital_1/huawei/usa-NF-1065.jpg,digital_1,huawei,5777436,/home/u5757978/ForgedDocDeepID/output/LABPC/trufor_adversarial_localisation_attack/full_population/images/272_fec0be7dedc5,8c0936393530ce51859e0b17a69acd8aa623cf5889af4ad7efd69da04de1c1a3,482.27768295699934,264.15984781900625,185.4213023409975
273,train/attack/digital_1/iphone15pro/usa-NF-1065.jpg,digital_1,iphone15pro,4264317,/home/u5757978/ForgedDocDeepID/output/LABPC/trufor_adversarial_localisation_attack/full_population/images/273_523e5c558d74,95758d093b0cb93160c720023daf83bb5e6e2e3b40bef97af56750c0467bbffa,65.91129786099918,38.55598239698884,14.086915477011644
274,train/attack/digital_1/scan/usa-NF-1065.jpg,digital_1,scan,2489760,/home/u5757978/ForgedDocDeepID/output/LABPC/trufor_adversarial_localisation_attack/full_population/images/274_b9284824402a,4ef33ab67375162eae09ecbb61b68d372783bbe5ae89ce2087ae45c216c27580,33.32752160699965,17.303046835011628,6.844225863998872
275,train/attack/digital_2/huawei/usa-NF-1065.jpg,digital_2,huawei,5777436,/home/u5757978/ForgedDocDeepID/output/LABPC/trufor_adversarial_localisation_attack/full_population/images/275_30f9e3ef244f,50c25f7c27bfbecb1303fccaab03b36f69bb22274bf2260bfe34283472b4912c,467.13185040700046,258.42261467100616,176.01961742299682
276,train/attack/digital_2/iphone15pro/usa-NF-1065.jpg,digital_2,iphone15pro,4264317,/home/u5757978/ForgedDocDeepID/output/LABPC/trufor_adversarial_localisation_attack/full_population/images/276_dd98dfb903fd,54fd5b63252a1c27b3dbb5cbc295299156afad280427e368c67c3c000f41527e,65.95714615500037,38.54358300099193,14.064753674003441
277,train/attack/digital_1/huawei/usa-NF-1076.jpg,digital_1,huawei,6298334,/home/u5757978/ForgedDocDeepID/output/LABPC/trufor_adversarial_localisation_attack/full_population/images/277_3e77bcc46ab5,c1a4dacd4fe9177378cf9f5ee6603b911e654fac9096d5fc891b07aa4a614557,1005.8525216840001,559.259538163,405.0869318079997
278,train/attack/digital_1/iphone15pro/usa-NF-1076.jpg,digital_1,iphone15pro,5105792,/home/u5757978/ForgedDocDeepID/output/LABPC/trufor_adversarial_localisation_attack/full_population/images/278_813a1d657885,84da4342f6eabc0c6ee6d11ffc62409099789140c01c9724a54125ee412353b8,251.9077810199999,173.3846069870001,54.17942088700033
279,train/attack/digital_1/scan/usa-NF-1076.jpg,digital_1,scan,2495236,/home/u5757978/ForgedDocDeepID/output/LABPC/trufor_adversarial_localisation_attack/full_population/images/279_762eef4f26b5,80a52ec61f1a834477ed0c1e4e53f03087673688bbd75d0b95f8ce2dc448237d,32.25179762400012,17.38297412799875,7.015752522999264
280,train/attack/digital_2/huawei/usa-NF-1076.jpg,digital_2,huawei,6298334,/home/u5757978/ForgedDocDeepID/output/LABPC/trufor_adversarial_localisation_attack/full_population/images/280_2160c6b7a2f6,2e57fc13332a96041205b87cb68561f2e4d94d22676f8b5124d7ac4835394308,1193.7640171509997,733.805674705,420.3498337140004
281,train/attack/digital_2/iphone15pro/usa-NF-1076.jpg,digital_2,iphone15pro,5105792,/home/u5757978/ForgedDocDeepID/output/LABPC/trufor_adversarial_localisation_attack/full_population/images/281_2eed734bbfbf,719522d80b6374a2c2ae451a802ef3c2f47a87210ca006dd6924a86a803f9375,230.71534143500003,153.0343248210006,53.342257619000065
