eval_split,image_path,cache_path,file_stem,traffic_type,variant,hardware_source,label,assigned_q,cache_sha256,cache_sha256_runtime,trufor_score,native_height,native_width,map_min,map_max,map_mean,map_path,inference_status,condition,preprocessing,checkpoint_sha256
dev_val,train/attack/digital_1/huawei/arabic-024_03.jpg,data/processed/policy_c/train/attack/digital_1/huawei/arabic-024_03.jpg,arabic-024_03,attack,digital_1,huawei,1,78,d6244c86213948babbee7a878093d3f4565ea1ef27d6d0293675501fe42bd303,d6244c86213948babbee7a878093d3f4565ea1ef27d6d0293675501fe42bd303,0.9850807785987854,1971,3211,0.0007255666423588991,0.9999749660491943,0.16131919622421265,output/trufor_pretrained_policy_c_native/maps/dev_val/train/attack/digital_1/huawei/arabic-024_03.jpg.npz,computed,policy_c_native,native_RGB_float32_div256,ac1d90e329a72e0d66e8665e123a19e94bfae3209c3ef8a4f9ca3b91578c7844
dev_val,train/attack/digital_1/iphone15pro/arabic-024_03.jpg,data/processed/policy_c/train/attack/digital_1/iphone15pro/arabic-024_03.jpg,arabic-024_03,attack,digital_1,iphone15pro,1,79,4eb4ec909bcd54efea853cc039e985cac2fa20108ec35ba2993b9c3cdbe39145,4eb4ec909bcd54efea853cc039e985cac2fa20108ec35ba2993b9c3cdbe39145,0.9958873391151428,1748,2769,0.00014080278924666345,0.9999765157699585,0.08032729476690292,output/trufor_pretrained_policy_c_native/maps/dev_val/train/attack/digital_1/iphone15pro/arabic-024_03.jpg.npz,computed,policy_c_native,native_RGB_float32_div256,ac1d90e329a72e0d66e8665e123a19e94bfae3209c3ef8a4f9ca3b91578c7844
dev_val,train/attack/digital_1/scan/arabic-024_03.jpg,data/processed/policy_c/train/attack/digital_1/scan/arabic-024_03.jpg,arabic-024_03,attack,digital_1,scan,1,74,3bcc52222c9d6d4db09a1d8d23b1b6eb27d6dcafd54adaad288c2d9c18a0e042,3bcc52222c9d6d4db09a1d8d23b1b6eb27d6dcafd54adaad288c2d9c18a0e042,0.9986510872840881,1244,2003,5.14404964633286e-05,0.9999761581420898,0.04109624773263931,output/trufor_pretrained_policy_c_native/maps/dev_val/train/attack/digital_1/scan/arabic-024_03.jpg.npz,computed,policy_c_native,native_RGB_float32_div256,ac1d90e329a72e0d66e8665e123a19e94bfae3209c3ef8a4f9ca3b91578c7844
dev_val,train/attack/digital_2/huawei/arabic-024_03.jpg,data/processed/policy_c/train/attack/digital_2/huawei/arabic-024_03.jpg,arabic-024_03,attack,digital_2,huawei,1,78,c5bd1dc664dffd0e58f045f9e39509d40811e49e0e7ad51e4224dbe898ecda61,c5bd1dc664dffd0e58f045f9e39509d40811e49e0e7ad51e4224dbe898ecda61,0.756030797958374,1971,3211,0.07009071856737137,0.9684345126152039,0.8567407131195068,output/trufor_pretrained_policy_c_native/maps/dev_val/train/attack/digital_2/huawei/arabic-024_03.jpg.npz,computed,policy_c_native,native_RGB_float32_div256,ac1d90e329a72e0d66e8665e123a19e94bfae3209c3ef8a4f9ca3b91578c7844
dev_val,train/attack/digital_2/iphone15pro/arabic-024_03.jpg,data/processed/policy_c/train/attack/digital_2/iphone15pro/arabic-024_03.jpg,arabic-024_03,attack,digital_2,iphone15pro,1,79,d3e93e8c914612f6790b619fd5369c95842b325462cb353ced245c8493e525bb,d3e93e8c914612f6790b619fd5369c95842b325462cb353ced245c8493e525bb,0.6166219115257263,1748,2769,0.017636926844716072,0.9852603673934937,0.3404908776283264,output/trufor_pretrained_policy_c_native/maps/dev_val/train/attack/digital_2/iphone15pro/arabic-024_03.jpg.npz,computed,policy_c_native,native_RGB_float32_div256,ac1d90e329a72e0d66e8665e123a19e94bfae3209c3ef8a4f9ca3b91578c7844
dev_val,train/attack/digital_2/scan/arabic-024_03.jpg,data/processed/policy_c/train/attack/digital_2/scan/arabic-024_03.jpg,arabic-024_03,attack,digital_2,scan,1,74,8ed519135a20e3b95f31578fa1742ee674f8482ef8ab76fb83d7ef6933b1afdd,8ed519135a20e3b95f31578fa1742ee674f8482ef8ab76fb83d7ef6933b1afdd,0.7569901347160339,1244,2003,0.0014756718883290887,0.9899951219558716,0.09090732038021088,output/trufor_pretrained_policy_c_native/maps/dev_val/train/attack/digital_2/scan/arabic-024_03.jpg.npz,computed,policy_c_native,native_RGB_float32_div256,ac1d90e329a72e0d66e8665e123a19e94bfae3209c3ef8a4f9ca3b91578c7844
dev_val,train/bonafide/huawei/arabic-024_03.jpg,data/processed/policy_c/train/bonafide/huawei/arabic-024_03.jpg,arabic-024_03,bonafide,,huawei,0,78,6a6bc925fd180ffdc52cbd2b9ff6b175552b3b1c9a79dc2a1b934b38e23727be,6a6bc925fd180ffdc52cbd2b9ff6b175552b3b1c9a79dc2a1b934b38e23727be,0.8291121125221252,1971,3211,0.26658400893211365,0.9777646660804749,0.9087907671928406,output/trufor_pretrained_policy_c_native/maps/dev_val/train/bonafide/huawei/arabic-024_03.jpg.npz,computed,policy_c_native,native_RGB_float32_div256,ac1d90e329a72e0d66e8665e123a19e94bfae3209c3ef8a4f9ca3b91578c7844
dev_val,train/bonafide/iphone15pro/arabic-024_03.jpg,data/processed/policy_c/train/bonafide/iphone15pro/arabic-024_03.jpg,arabic-024_03,bonafide,,iphone15pro,0,79,aa3bf197babc86925f337c0af2cb314031b745afe2b68ceeaf064575164507c3,aa3bf197babc86925f337c0af2cb314031b745afe2b68ceeaf064575164507c3,0.5766599178314209,1748,2769,0.022089894860982895,0.9760337471961975,0.21155929565429688,output/trufor_pretrained_policy_c_native/maps/dev_val/train/bonafide/iphone15pro/arabic-024_03.jpg.npz,computed,policy_c_native,native_RGB_float32_div256,ac1d90e329a72e0d66e8665e123a19e94bfae3209c3ef8a4f9ca3b91578c7844
dev_val,train/bonafide/scan/arabic-024_03.jpg,data/processed/policy_c/train/bonafide/scan/arabic-024_03.jpg,arabic-024_03,bonafide,,scan,0,74,01bf0d1afca29a697acd2f0893b1d4420c87793e6c968b2375b1ac0e009bf89e,01bf0d1afca29a697acd2f0893b1d4420c87793e6c968b2375b1ac0e009bf89e,0.7962162494659424,1244,2003,0.0008107603644020855,0.9916399717330933,0.058011580258607864,output/trufor_pretrained_policy_c_native/maps/dev_val/train/bonafide/scan/arabic-024_03.jpg.npz,computed,policy_c_native,native_RGB_float32_div256,ac1d90e329a72e0d66e8665e123a19e94bfae3209c3ef8a4f9ca3b91578c7844
dev_val,train/attack/digital_1/huawei/arabic-120_03.jpg,data/processed/policy_c/train/attack/digital_1/huawei/arabic-120_03.jpg,arabic-120_03,attack,digital_1,huawei,1,67,c673dae75af37c38253e3175a00144cab5d500bc841f4229e3fc1e8365701777,c673dae75af37c38253e3175a00144cab5d500bc841f4229e3fc1e8365701777,0.9735600352287292,1964,3181,0.000361794198397547,0.9998363256454468,0.15220977365970612,output/trufor_pretrained_policy_c_native/maps/dev_val/train/attack/digital_1/huawei/arabic-120_03.jpg.npz,computed,policy_c_native,native_RGB_float32_div256,ac1d90e329a72e0d66e8665e123a19e94bfae3209c3ef8a4f9ca3b91578c7844
dev_val,train/attack/digital_1/iphone15pro/arabic-120_03.jpg,data/processed/policy_c/train/attack/digital_1/iphone15pro/arabic-120_03.jpg,arabic-120_03,attack,digital_1,iphone15pro,1,65,93c4f9ac518593b4002c0da3214ee6ca5f5e7d6ba9029d7c1dc44f6ec2556e78,93c4f9ac518593b4002c0da3214ee6ca5f5e7d6ba9029d7c1dc44f6ec2556e78,0.9960075616836548,1737,2768,8.744160004425794e-05,0.9999560117721558,0.07302016764879227,output/trufor_pretrained_policy_c_native/maps/dev_val/train/attack/digital_1/iphone15pro/arabic-120_03.jpg.npz,computed,policy_c_native,native_RGB_float32_div256,ac1d90e329a72e0d66e8665e123a19e94bfae3209c3ef8a4f9ca3b91578c7844
dev_val,train/attack/digital_1/scan/arabic-120_03.jpg,data/processed/policy_c/train/attack/digital_1/scan/arabic-120_03.jpg,arabic-120_03,attack,digital_1,scan,1,65,8710dfbf6cac440a26ec1de00c536e287a9fcd4a937444e787f29250080c1777,8710dfbf6cac440a26ec1de00c536e287a9fcd4a937444e787f29250080c1777,0.9858956933021545,1249,1992,0.00035683729220181704,0.999943733215332,0.051977965980768204,output/trufor_pretrained_policy_c_native/maps/dev_val/train/attack/digital_1/scan/arabic-120_03.jpg.npz,computed,policy_c_native,native_RGB_float32_div256,ac1d90e329a72e0d66e8665e123a19e94bfae3209c3ef8a4f9ca3b91578c7844
dev_val,train/attack/digital_2/huawei/arabic-120_03.jpg,data/processed/policy_c/train/attack/digital_2/huawei/arabic-120_03.jpg,arabic-120_03,attack,digital_2,huawei,1,67,8637d1e95e77be08b2c3dd9ff684f1263eb64185ad71b4007ce1ed59e7c68e59,8637d1e95e77be08b2c3dd9ff684f1263eb64185ad71b4007ce1ed59e7c68e59,0.7591396570205688,1964,3181,0.0016807479551061988,0.9976297616958618,0.19466552138328552,output/trufor_pretrained_policy_c_native/maps/dev_val/train/attack/digital_2/huawei/arabic-120_03.jpg.npz,computed,policy_c_native,native_RGB_float32_div256,ac1d90e329a72e0d66e8665e123a19e94bfae3209c3ef8a4f9ca3b91578c7844
dev_val,train/attack/digital_2/iphone15pro/arabic-120_03.jpg,data/processed/policy_c/train/attack/digital_2/iphone15pro/arabic-120_03.jpg,arabic-120_03,attack,digital_2,iphone15pro,1,65,c66107f08b4fe27ab6ce02a0f3a72cbfa3eb5f41f7df58336c2344ba5178fb39,c66107f08b4fe27ab6ce02a0f3a72cbfa3eb5f41f7df58336c2344ba5178fb39,0.5856477618217468,1737,2768,0.005692758597433567,0.99595046043396,0.14311747252941132,output/trufor_pretrained_policy_c_native/maps/dev_val/train/attack/digital_2/iphone15pro/arabic-120_03.jpg.npz,computed,policy_c_native,native_RGB_float32_div256,ac1d90e329a72e0d66e8665e123a19e94bfae3209c3ef8a4f9ca3b91578c7844
dev_val,train/attack/digital_2/scan/arabic-120_03.jpg,data/processed/policy_c/train/attack/digital_2/scan/arabic-120_03.jpg,arabic-120_03,attack,digital_2,scan,1,65,d50496cd7c724743a0a7b6c06f00b27e7141d6ae93e93ef018d3197626308567,d50496cd7c724743a0a7b6c06f00b27e7141d6ae93e93ef018d3197626308567,0.646874725818634,1249,1992,0.0036109641660004854,0.9933226704597473,0.09961606562137604,output/trufor_pretrained_policy_c_native/maps/dev_val/train/attack/digital_2/scan/arabic-120_03.jpg.npz,computed,policy_c_native,native_RGB_float32_div256,ac1d90e329a72e0d66e8665e123a19e94bfae3209c3ef8a4f9ca3b91578c7844
dev_val,train/bonafide/huawei/arabic-120_03.jpg,data/processed/policy_c/train/bonafide/huawei/arabic-120_03.jpg,arabic-120_03,bonafide,,huawei,0,67,921aea4ad2ebc7ab7980776689d99ab55a3cb38ef47bb75a4dac1750d901220b,921aea4ad2ebc7ab7980776689d99ab55a3cb38ef47bb75a4dac1750d901220b,0.6985123753547668,1964,3181,0.002360606100410223,0.9970593452453613,0.16069455444812775,output/trufor_pretrained_policy_c_native/maps/dev_val/train/bonafide/huawei/arabic-120_03.jpg.npz,computed,policy_c_native,native_RGB_float32_div256,ac1d90e329a72e0d66e8665e123a19e94bfae3209c3ef8a4f9ca3b91578c7844
dev_val,train/bonafide/iphone15pro/arabic-120_03.jpg,data/processed/policy_c/train/bonafide/iphone15pro/arabic-120_03.jpg,arabic-120_03,bonafide,,iphone15pro,0,65,874b0f849d8474c2ee4dcd027377e0f2fe7434b7d1840c491ce581041fcf18f1,874b0f849d8474c2ee4dcd027377e0f2fe7434b7d1840c491ce581041fcf18f1,0.3523324429988861,1737,2768,0.0017860024236142635,0.9891542792320251,0.06310993432998657,output/trufor_pretrained_policy_c_native/maps/dev_val/train/bonafide/iphone15pro/arabic-120_03.jpg.npz,computed,policy_c_native,native_RGB_float32_div256,ac1d90e329a72e0d66e8665e123a19e94bfae3209c3ef8a4f9ca3b91578c7844
dev_val,train/bonafide/scan/arabic-120_03.jpg,data/processed/policy_c/train/bonafide/scan/arabic-120_03.jpg,arabic-120_03,bonafide,,scan,0,65,7949f5704996bb94ac8db4a9edab6d859682fd6c205a02a78e467d5036a4ae28,7949f5704996bb94ac8db4a9edab6d859682fd6c205a02a78e467d5036a4ae28,0.599531352519989,1249,1992,0.003693605773150921,0.9945291876792908,0.10433819890022278,output/trufor_pretrained_policy_c_native/maps/dev_val/train/bonafide/scan/arabic-120_03.jpg.npz,computed,policy_c_native,native_RGB_float32_div256,ac1d90e329a72e0d66e8665e123a19e94bfae3209c3ef8a4f9ca3b91578c7844
dev_val,train/attack/digital_1/huawei/arabic-NF-1048.jpg,data/processed/policy_c/train/attack/digital_1/huawei/arabic-NF-1048.jpg,arabic-NF-1048,attack,digital_1,huawei,1,55,c97d12fefb7799e523964fb2f5fd49b3f841807740da0cb0cf760fe9ed5d46b3,c97d12fefb7799e523964fb2f5fd49b3f841807740da0cb0cf760fe9ed5d46b3,0.8455728888511658,1891,3045,0.0029787023086100817,0.9996843338012695,0.33095377683639526,output/trufor_pretrained_policy_c_native/maps/dev_val/train/attack/digital_1/huawei/arabic-NF-1048.jpg.npz,computed,policy_c_native,native_RGB_float32_div256,ac1d90e329a72e0d66e8665e123a19e94bfae3209c3ef8a4f9ca3b91578c7844
dev_val,train/attack/digital_1/iphone15pro/arabic-NF-1048.jpg,data/processed/policy_c/train/attack/digital_1/iphone15pro/arabic-NF-1048.jpg,arabic-NF-1048,attack,digital_1,iphone15pro,1,57,afa6c36e151f4a71e53a4ee97ac496ab79631f5b28b9de3730ed967f538957da,afa6c36e151f4a71e53a4ee97ac496ab79631f5b28b9de3730ed967f538957da,0.9727941155433655,1605,2629,0.0007933583110570908,0.9999196529388428,0.08242141455411911,output/trufor_pretrained_policy_c_native/maps/dev_val/train/attack/digital_1/iphone15pro/arabic-NF-1048.jpg.npz,computed,policy_c_native,native_RGB_float32_div256,ac1d90e329a72e0d66e8665e123a19e94bfae3209c3ef8a4f9ca3b91578c7844
dev_val,train/attack/digital_1/scan/arabic-NF-1048.jpg,data/processed/policy_c/train/attack/digital_1/scan/arabic-NF-1048.jpg,arabic-NF-1048,attack,digital_1,scan,1,50,60317a2e1f555082eee8862b6c8030db8a43e3954d4c32410ad6ff606a3b4cd2,60317a2e1f555082eee8862b6c8030db8a43e3954d4c32410ad6ff606a3b4cd2,0.9912289381027222,1248,2005,0.000243476708419621,0.9999024868011475,0.04994293302297592,output/trufor_pretrained_policy_c_native/maps/dev_val/train/attack/digital_1/scan/arabic-NF-1048.jpg.npz,computed,policy_c_native,native_RGB_float32_div256,ac1d90e329a72e0d66e8665e123a19e94bfae3209c3ef8a4f9ca3b91578c7844
dev_val,train/attack/digital_2/huawei/arabic-NF-1048.jpg,data/processed/policy_c/train/attack/digital_2/huawei/arabic-NF-1048.jpg,arabic-NF-1048,attack,digital_2,huawei,1,55,cb08d76e06b46ebdd8849e394501af601a55ef1f1bc58b87b578d5c74ccd7876,cb08d76e06b46ebdd8849e394501af601a55ef1f1bc58b87b578d5c74ccd7876,0.6732588410377502,1891,3045,0.021847888827323914,0.9908944368362427,0.6094688177108765,output/trufor_pretrained_policy_c_native/maps/dev_val/train/attack/digital_2/huawei/arabic-NF-1048.jpg.npz,computed,policy_c_native,native_RGB_float32_div256,ac1d90e329a72e0d66e8665e123a19e94bfae3209c3ef8a4f9ca3b91578c7844
dev_val,train/attack/digital_2/iphone15pro/arabic-NF-1048.jpg,data/processed/policy_c/train/attack/digital_2/iphone15pro/arabic-NF-1048.jpg,arabic-NF-1048,attack,digital_2,iphone15pro,1,57,6ed973e286ab0cfd538f49e328a6eb0ea62787f47240951a1075c4443ece77fd,6ed973e286ab0cfd538f49e328a6eb0ea62787f47240951a1075c4443ece77fd,0.7673935890197754,1605,2629,0.004439945332705975,0.997323751449585,0.16778035461902618,output/trufor_pretrained_policy_c_native/maps/dev_val/train/attack/digital_2/iphone15pro/arabic-NF-1048.jpg.npz,computed,policy_c_native,native_RGB_float32_div256,ac1d90e329a72e0d66e8665e123a19e94bfae3209c3ef8a4f9ca3b91578c7844
dev_val,train/attack/digital_2/scan/arabic-NF-1048.jpg,data/processed/policy_c/train/attack/digital_2/scan/arabic-NF-1048.jpg,arabic-NF-1048,attack,digital_2,scan,1,50,0ff718cce90a47d6602db16a214e8412c5762f6a6da326dd1dab8ef86e298547,0ff718cce90a47d6602db16a214e8412c5762f6a6da326dd1dab8ef86e298547,0.8697919249534607,1248,2005,0.0003526985819917172,0.9997544884681702,0.033746302127838135,output/trufor_pretrained_policy_c_native/maps/dev_val/train/attack/digital_2/scan/arabic-NF-1048.jpg.npz,computed,policy_c_native,native_RGB_float32_div256,ac1d90e329a72e0d66e8665e123a19e94bfae3209c3ef8a4f9ca3b91578c7844
dev_val,train/bonafide/huawei/arabic-NF-1048.jpg,data/processed/policy_c/train/bonafide/huawei/arabic-NF-1048.jpg,arabic-NF-1048,bonafide,,huawei,0,55,0d96915a3d568e06e05e40b6cabbd539870d80a869e8da6b57278be3d2ca7f80,0d96915a3d568e06e05e40b6cabbd539870d80a869e8da6b57278be3d2ca7f80,0.6320394277572632,1891,3045,0.012757956050336361,0.9944456815719604,0.5310972332954407,output/trufor_pretrained_policy_c_native/maps/dev_val/train/bonafide/huawei/arabic-NF-1048.jpg.npz,computed,policy_c_native,native_RGB_float32_div256,ac1d90e329a72e0d66e8665e123a19e94bfae3209c3ef8a4f9ca3b91578c7844
dev_val,train/bonafide/iphone15pro/arabic-NF-1048.jpg,data/processed/policy_c/train/bonafide/iphone15pro/arabic-NF-1048.jpg,arabic-NF-1048,bonafide,,iphone15pro,0,57,f889e69ce1b0df245af7e1f83e399da941e267128b3b382ff1909c6c8dc2da54,f889e69ce1b0df245af7e1f83e399da941e267128b3b382ff1909c6c8dc2da54,0.45355576276779175,1605,2629,0.0028325458988547325,0.980077862739563,0.09653667360544205,output/trufor_pretrained_policy_c_native/maps/dev_val/train/bonafide/iphone15pro/arabic-NF-1048.jpg.npz,computed,policy_c_native,native_RGB_float32_div256,ac1d90e329a72e0d66e8665e123a19e94bfae3209c3ef8a4f9ca3b91578c7844
dev_val,train/bonafide/scan/arabic-NF-1048.jpg,data/processed/policy_c/train/bonafide/scan/arabic-NF-1048.jpg,arabic-NF-1048,bonafide,,scan,0,50,4e3245e68f40871a516f545d1d2c23660a844abf0dc0cd25507299f077874036,4e3245e68f40871a516f545d1d2c23660a844abf0dc0cd25507299f077874036,0.8359366059303284,1248,2005,0.0005687430966645479,0.9994786381721497,0.04682154953479767,output/trufor_pretrained_policy_c_native/maps/dev_val/train/bonafide/scan/arabic-NF-1048.jpg.npz,computed,policy_c_native,native_RGB_float32_div256,ac1d90e329a72e0d66e8665e123a19e94bfae3209c3ef8a4f9ca3b91578c7844
dev_val,train/attack/digital_1/huawei/arabic-NF-1098.jpg,data/processed/policy_c/train/attack/digital_1/huawei/arabic-NF-1098.jpg,arabic-NF-1098,attack,digital_1,huawei,1,68,8e6695346cd8eee2e8a88df76e0c1a92eb61852a17d37dbd9fae21bde23a0e74,8e6695346cd8eee2e8a88df76e0c1a92eb61852a17d37dbd9fae21bde23a0e74,0.8080852627754211,1894,3037,0.005493743345141411,0.9978037476539612,0.3490546941757202,output/trufor_pretrained_policy_c_native/maps/dev_val/train/attack/digital_1/huawei/arabic-NF-1098.jpg.npz,computed,policy_c_native,native_RGB_float32_div256,ac1d90e329a72e0d66e8665e123a19e94bfae3209c3ef8a4f9ca3b91578c7844
dev_val,train/attack/digital_1/iphone15pro/arabic-NF-1098.jpg,data/processed/policy_c/train/attack/digital_1/iphone15pro/arabic-NF-1098.jpg,arabic-NF-1098,attack,digital_1,iphone15pro,1,57,2304878d324a1ee3f15a837b3adf617325318328a17b00f6a113ab6bc8edf2be,2304878d324a1ee3f15a837b3adf617325318328a17b00f6a113ab6bc8edf2be,0.987545907497406,1608,2624,0.0009663528180681169,0.9998279809951782,0.12903031706809998,output/trufor_pretrained_policy_c_native/maps/dev_val/train/attack/digital_1/iphone15pro/arabic-NF-1098.jpg.npz,computed,policy_c_native,native_RGB_float32_div256,ac1d90e329a72e0d66e8665e123a19e94bfae3209c3ef8a4f9ca3b91578c7844
dev_val,train/attack/digital_1/scan/arabic-NF-1098.jpg,data/processed/policy_c/train/attack/digital_1/scan/arabic-NF-1098.jpg,arabic-NF-1098,attack,digital_1,scan,1,90,5f242be820df37504cbc27ea82a0a57a5591222b3c22402bb3b8f5fde1c633a4,5f242be820df37504cbc27ea82a0a57a5591222b3c22402bb3b8f5fde1c633a4,0.9993670582771301,1248,2000,0.00013116782065480947,0.9999704360961914,0.02318601682782173,output/trufor_pretrained_policy_c_native/maps/dev_val/train/attack/digital_1/scan/arabic-NF-1098.jpg.npz,computed,policy_c_native,native_RGB_float32_div256,ac1d90e329a72e0d66e8665e123a19e94bfae3209c3ef8a4f9ca3b91578c7844
dev_val,train/attack/digital_2/huawei/arabic-NF-1098.jpg,data/processed/policy_c/train/attack/digital_2/huawei/arabic-NF-1098.jpg,arabic-NF-1098,attack,digital_2,huawei,1,68,ffd179a235fa4c60c77bb623e6135f2b9b1b9f0cdf1908087ef2323f23f3d7e4,ffd179a235fa4c60c77bb623e6135f2b9b1b9f0cdf1908087ef2323f23f3d7e4,0.6852769255638123,1894,3037,0.00934579223394394,0.9968433380126953,0.49464771151542664,output/trufor_pretrained_policy_c_native/maps/dev_val/train/attack/digital_2/huawei/arabic-NF-1098.jpg.npz,computed,policy_c_native,native_RGB_float32_div256,ac1d90e329a72e0d66e8665e123a19e94bfae3209c3ef8a4f9ca3b91578c7844
dev_val,train/attack/digital_2/iphone15pro/arabic-NF-1098.jpg,data/processed/policy_c/train/attack/digital_2/iphone15pro/arabic-NF-1098.jpg,arabic-NF-1098,attack,digital_2,iphone15pro,1,57,67d8c4ce606bddba508ed982b6cdf2a4caa35977d5a029a4fef6fe8328943f93,67d8c4ce606bddba508ed982b6cdf2a4caa35977d5a029a4fef6fe8328943f93,0.8366503715515137,1608,2624,0.0047503188252449036,0.9948053956031799,0.17842824757099152,output/trufor_pretrained_policy_c_native/maps/dev_val/train/attack/digital_2/iphone15pro/arabic-NF-1098.jpg.npz,computed,policy_c_native,native_RGB_float32_div256,ac1d90e329a72e0d66e8665e123a19e94bfae3209c3ef8a4f9ca3b91578c7844
dev_val,train/attack/digital_2/scan/arabic-NF-1098.jpg,data/processed/policy_c/train/attack/digital_2/scan/arabic-NF-1098.jpg,arabic-NF-1098,attack,digital_2,scan,1,90,3d467cfcbecff4d7f7ba4d490982b0a106765c5e3a5f69eb4ed58c396b0b77d4,3d467cfcbecff4d7f7ba4d490982b0a106765c5e3a5f69eb4ed58c396b0b77d4,0.7157465219497681,1248,2000,0.0008514746441505849,0.9984725117683411,0.07066303491592407,output/trufor_pretrained_policy_c_native/maps/dev_val/train/attack/digital_2/scan/arabic-NF-1098.jpg.npz,computed,policy_c_native,native_RGB_float32_div256,ac1d90e329a72e0d66e8665e123a19e94bfae3209c3ef8a4f9ca3b91578c7844
dev_val,train/bonafide/huawei/arabic-NF-1098.jpg,data/processed/policy_c/train/bonafide/huawei/arabic-NF-1098.jpg,arabic-NF-1098,bonafide,,huawei,0,68,346e45ede1e5ff8e52a875827371a9332a61596e1cfd86c571417d2a11b90edf,346e45ede1e5ff8e52a875827371a9332a61596e1cfd86c571417d2a11b90edf,0.6157259345054626,1894,3037,0.008206626400351524,0.996587872505188,0.4886634349822998,output/trufor_pretrained_policy_c_native/maps/dev_val/train/bonafide/huawei/arabic-NF-1098.jpg.npz,computed,policy_c_native,native_RGB_float32_div256,ac1d90e329a72e0d66e8665e123a19e94bfae3209c3ef8a4f9ca3b91578c7844
dev_val,train/bonafide/iphone15pro/arabic-NF-1098.jpg,data/processed/policy_c/train/bonafide/iphone15pro/arabic-NF-1098.jpg,arabic-NF-1098,bonafide,,iphone15pro,0,57,ace8d32f37c52d6c30f44ec9c5c3dc0c81c32bf8848bad57113f476ecb6566fc,ace8d32f37c52d6c30f44ec9c5c3dc0c81c32bf8848bad57113f476ecb6566fc,0.4070378839969635,1608,2624,0.002718033967539668,0.986967146396637,0.08535432070493698,output/trufor_pretrained_policy_c_native/maps/dev_val/train/bonafide/iphone15pro/arabic-NF-1098.jpg.npz,computed,policy_c_native,native_RGB_float32_div256,ac1d90e329a72e0d66e8665e123a19e94bfae3209c3ef8a4f9ca3b91578c7844
dev_val,train/bonafide/scan/arabic-NF-1098.jpg,data/processed/policy_c/train/bonafide/scan/arabic-NF-1098.jpg,arabic-NF-1098,bonafide,,scan,0,90,92cf65c34a5c3e81f4640f9971316095201d7d52e23a4f13cc9f1d7e5592a80d,92cf65c34a5c3e81f4640f9971316095201d7d52e23a4f13cc9f1d7e5592a80d,0.7830517888069153,1248,2000,0.0006131521658971906,0.9985404014587402,0.04046305641531944,output/trufor_pretrained_policy_c_native/maps/dev_val/train/bonafide/scan/arabic-NF-1098.jpg.npz,computed,policy_c_native,native_RGB_float32_div256,ac1d90e329a72e0d66e8665e123a19e94bfae3209c3ef8a4f9ca3b91578c7844
dev_val,train/attack/digital_1/huawei/arabic-NM-1090.jpg,data/processed/policy_c/train/attack/digital_1/huawei/arabic-NM-1090.jpg,arabic-NM-1090,attack,digital_1,huawei,1,55,051f8f74a64d525f344242b53abeae55d8c9e13a8371ad68663cdb4057e6f29f,051f8f74a64d525f344242b53abeae55d8c9e13a8371ad68663cdb4057e6f29f,0.8422162532806396,1973,3189,0.002074476098641753,0.999446451663971,0.40736207365989685,output/trufor_pretrained_policy_c_native/maps/dev_val/train/attack/digital_1/huawei/arabic-NM-1090.jpg.npz,computed,policy_c_native,native_RGB_float32_div256,ac1d90e329a72e0d66e8665e123a19e94bfae3209c3ef8a4f9ca3b91578c7844
dev_val,train/attack/digital_1/iphone15pro/arabic-NM-1090.jpg,data/processed/policy_c/train/attack/digital_1/iphone15pro/arabic-NM-1090.jpg,arabic-NM-1090,attack,digital_1,iphone15pro,1,63,affe0a055d68bea39153e11ffa990ddabcc00cc5eed027a1428923f254bf3e85,affe0a055d68bea39153e11ffa990ddabcc00cc5eed027a1428923f254bf3e85,0.9833759665489197,1767,2766,0.0003747502341866493,0.9998815059661865,0.11319831758737564,output/trufor_pretrained_policy_c_native/maps/dev_val/train/attack/digital_1/iphone15pro/arabic-NM-1090.jpg.npz,computed,policy_c_native,native_RGB_float32_div256,ac1d90e329a72e0d66e8665e123a19e94bfae3209c3ef8a4f9ca3b91578c7844
dev_val,train/attack/digital_1/scan/arabic-NM-1090.jpg,data/processed/policy_c/train/attack/digital_1/scan/arabic-NM-1090.jpg,arabic-NM-1090,attack,digital_1,scan,1,80,7896c3b3a7483e097a02661308fba482cb3c7363d685803283432194c9c53e8f,7896c3b3a7483e097a02661308fba482cb3c7363d685803283432194c9c53e8f,0.9855082631111145,1249,1993,0.00026544713182374835,0.9999469518661499,0.05090673267841339,output/trufor_pretrained_policy_c_native/maps/dev_val/train/attack/digital_1/scan/arabic-NM-1090.jpg.npz,computed,policy_c_native,native_RGB_float32_div256,ac1d90e329a72e0d66e8665e123a19e94bfae3209c3ef8a4f9ca3b91578c7844
dev_val,train/attack/digital_2/huawei/arabic-NM-1090.jpg,data/processed/policy_c/train/attack/digital_2/huawei/arabic-NM-1090.jpg,arabic-NM-1090,attack,digital_2,huawei,1,55,417b704a10ae419483d1978ad7418c18b8fb42f06ca66545c7a7b3e90d318f49,417b704a10ae419483d1978ad7418c18b8fb42f06ca66545c7a7b3e90d318f49,0.8271468877792358,1973,3189,0.0016735706012696028,0.9984142780303955,0.374639093875885,output/trufor_pretrained_policy_c_native/maps/dev_val/train/attack/digital_2/huawei/arabic-NM-1090.jpg.npz,computed,policy_c_native,native_RGB_float32_div256,ac1d90e329a72e0d66e8665e123a19e94bfae3209c3ef8a4f9ca3b91578c7844
dev_val,train/attack/digital_2/iphone15pro/arabic-NM-1090.jpg,data/processed/policy_c/train/attack/digital_2/iphone15pro/arabic-NM-1090.jpg,arabic-NM-1090,attack,digital_2,iphone15pro,1,63,d719a7b6d63667dbe878ee10d5f04852b465989bfa718524c6cc956b563e500e,d719a7b6d63667dbe878ee10d5f04852b465989bfa718524c6cc956b563e500e,0.8891336917877197,1767,2766,0.002052468480542302,0.9973996877670288,0.13752812147140503,output/trufor_pretrained_policy_c_native/maps/dev_val/train/attack/digital_2/iphone15pro/arabic-NM-1090.jpg.npz,computed,policy_c_native,native_RGB_float32_div256,ac1d90e329a72e0d66e8665e123a19e94bfae3209c3ef8a4f9ca3b91578c7844
dev_val,train/attack/digital_2/scan/arabic-NM-1090.jpg,data/processed/policy_c/train/attack/digital_2/scan/arabic-NM-1090.jpg,arabic-NM-1090,attack,digital_2,scan,1,80,2b6da3a0dc54432cbcdc19315f03163f26f9440339383038a5b163547082c289,2b6da3a0dc54432cbcdc19315f03163f26f9440339383038a5b163547082c289,0.5882523655891418,1249,1993,0.008967536501586437,0.9932585954666138,0.28999289870262146,output/trufor_pretrained_policy_c_native/maps/dev_val/train/attack/digital_2/scan/arabic-NM-1090.jpg.npz,computed,policy_c_native,native_RGB_float32_div256,ac1d90e329a72e0d66e8665e123a19e94bfae3209c3ef8a4f9ca3b91578c7844
dev_val,train/bonafide/huawei/arabic-NM-1090.jpg,data/processed/policy_c/train/bonafide/huawei/arabic-NM-1090.jpg,arabic-NM-1090,bonafide,,huawei,0,55,0c1ec3ce9214c014ba322d10472d47a691b3218307d095546013e3d38784cf73,0c1ec3ce9214c014ba322d10472d47a691b3218307d095546013e3d38784cf73,0.7210926413536072,1973,3189,0.0013437464367598295,0.9971429705619812,0.3410850167274475,output/trufor_pretrained_policy_c_native/maps/dev_val/train/bonafide/huawei/arabic-NM-1090.jpg.npz,computed,policy_c_native,native_RGB_float32_div256,ac1d90e329a72e0d66e8665e123a19e94bfae3209c3ef8a4f9ca3b91578c7844
dev_val,train/bonafide/iphone15pro/arabic-NM-1090.jpg,data/processed/policy_c/train/bonafide/iphone15pro/arabic-NM-1090.jpg,arabic-NM-1090,bonafide,,iphone15pro,0,63,e68a931c9720f4184b9eeef6b330b358ca9064867372642966dd95a06635168f,e68a931c9720f4184b9eeef6b330b358ca9064867372642966dd95a06635168f,0.4072137176990509,1767,2766,0.002128841355443001,0.9937505125999451,0.06723563373088837,output/trufor_pretrained_policy_c_native/maps/dev_val/train/bonafide/iphone15pro/arabic-NM-1090.jpg.npz,computed,policy_c_native,native_RGB_float32_div256,ac1d90e329a72e0d66e8665e123a19e94bfae3209c3ef8a4f9ca3b91578c7844
dev_val,train/bonafide/scan/arabic-NM-1090.jpg,data/processed/policy_c/train/bonafide/scan/arabic-NM-1090.jpg,arabic-NM-1090,bonafide,,scan,0,80,2936fa39f08a401da88377bfc110844eb187b9ffffa93ae66700c246da92f5ee,2936fa39f08a401da88377bfc110844eb187b9ffffa93ae66700c246da92f5ee,0.615286648273468,1249,1993,0.005839877761900425,0.9869709014892578,0.17277668416500092,output/trufor_pretrained_policy_c_native/maps/dev_val/train/bonafide/scan/arabic-NM-1090.jpg.npz,computed,policy_c_native,native_RGB_float32_div256,ac1d90e329a72e0d66e8665e123a19e94bfae3209c3ef8a4f9ca3b91578c7844
dev_val,train/attack/digital_1/huawei/chinese-001_03.jpg,data/processed/policy_c/train/attack/digital_1/huawei/chinese-001_03.jpg,chinese-001_03,attack,digital_1,huawei,1,77,6e3d0e4344d30d739f9c7ef7263ebf2318c059e3a8a08e803652d17c17e418e2,6e3d0e4344d30d739f9c7ef7263ebf2318c059e3a8a08e803652d17c17e418e2,0.9963654279708862,1962,3193,0.0006362327258102596,0.9998688697814941,0.11950917541980743,output/trufor_pretrained_policy_c_native/maps/dev_val/train/attack/digital_1/huawei/chinese-001_03.jpg.npz,computed,policy_c_native,native_RGB_float32_div256,ac1d90e329a72e0d66e8665e123a19e94bfae3209c3ef8a4f9ca3b91578c7844
dev_val,train/attack/digital_1/iphone15pro/chinese-001_03.jpg,data/processed/policy_c/train/attack/digital_1/iphone15pro/chinese-001_03.jpg,chinese-001_03,attack,digital_1,iphone15pro,1,70,5167a85151bec079ca7fb942a3d746effbf4cf4fe599765d583565ca77bce711,5167a85151bec079ca7fb942a3d746effbf4cf4fe599765d583565ca77bce711,0.9694389700889587,1765,2778,0.001538639422506094,0.9995904564857483,0.124134860932827,output/trufor_pretrained_policy_c_native/maps/dev_val/train/attack/digital_1/iphone15pro/chinese-001_03.jpg.npz,computed,policy_c_native,native_RGB_float32_div256,ac1d90e329a72e0d66e8665e123a19e94bfae3209c3ef8a4f9ca3b91578c7844
dev_val,train/attack/digital_1/scan/chinese-001_03.jpg,data/processed/policy_c/train/attack/digital_1/scan/chinese-001_03.jpg,chinese-001_03,attack,digital_1,scan,1,82,3260b28f1568c4d381522278f740d96a22ec2b4874a03330cc7aee906ae85163,3260b28f1568c4d381522278f740d96a22ec2b4874a03330cc7aee906ae85163,0.8861764073371887,1248,1991,0.002561575034633279,0.999381422996521,0.06401748210191727,output/trufor_pretrained_policy_c_native/maps/dev_val/train/attack/digital_1/scan/chinese-001_03.jpg.npz,computed,policy_c_native,native_RGB_float32_div256,ac1d90e329a72e0d66e8665e123a19e94bfae3209c3ef8a4f9ca3b91578c7844
dev_val,train/attack/digital_2/huawei/chinese-001_03.jpg,data/processed/policy_c/train/attack/digital_2/huawei/chinese-001_03.jpg,chinese-001_03,attack,digital_2,huawei,1,77,89f44d659bad2d309a716237d4d81eae9f451435719a5a92b5e0aab4dd3e8f10,89f44d659bad2d309a716237d4d81eae9f451435719a5a92b5e0aab4dd3e8f10,0.5104286074638367,1956,3179,0.0036670228000730276,0.9961463212966919,0.17506884038448334,output/trufor_pretrained_policy_c_native/maps/dev_val/train/attack/digital_2/huawei/chinese-001_03.jpg.npz,computed,policy_c_native,native_RGB_float32_div256,ac1d90e329a72e0d66e8665e123a19e94bfae3209c3ef8a4f9ca3b91578c7844
dev_val,train/attack/digital_2/iphone15pro/chinese-001_03.jpg,data/processed/policy_c/train/attack/digital_2/iphone15pro/chinese-001_03.jpg,chinese-001_03,attack,digital_2,iphone15pro,1,70,bab0ed7dd06fc24906df216e39ea25e6ca74ecdccd7c8dba78fd8a9b342b686c,bab0ed7dd06fc24906df216e39ea25e6ca74ecdccd7c8dba78fd8a9b342b686c,0.5694406628608704,1765,2774,0.025270679965615273,0.9834147095680237,0.36830437183380127,output/trufor_pretrained_policy_c_native/maps/dev_val/train/attack/digital_2/iphone15pro/chinese-001_03.jpg.npz,computed,policy_c_native,native_RGB_float32_div256,ac1d90e329a72e0d66e8665e123a19e94bfae3209c3ef8a4f9ca3b91578c7844
dev_val,train/attack/digital_2/scan/chinese-001_03.jpg,data/processed/policy_c/train/attack/digital_2/scan/chinese-001_03.jpg,chinese-001_03,attack,digital_2,scan,1,82,8a5be599957f2d4a621b32173368b48f21cb2106511baf297a9101de1f2b9d59,8a5be599957f2d4a621b32173368b48f21cb2106511baf297a9101de1f2b9d59,0.36560773849487305,1247,1995,0.0024639831390231848,0.9776538014411926,0.06335426867008209,output/trufor_pretrained_policy_c_native/maps/dev_val/train/attack/digital_2/scan/chinese-001_03.jpg.npz,computed,policy_c_native,native_RGB_float32_div256,ac1d90e329a72e0d66e8665e123a19e94bfae3209c3ef8a4f9ca3b91578c7844
dev_val,train/bonafide/huawei/chinese-001_03.jpg,data/processed/policy_c/train/bonafide/huawei/chinese-001_03.jpg,chinese-001_03,bonafide,,huawei,0,77,6175cde11881c5f4ab0179574203fca428e98a26ce8d5157e09aa06e9437d9ad,6175cde11881c5f4ab0179574203fca428e98a26ce8d5157e09aa06e9437d9ad,0.7690349817276001,1962,3193,0.006048861425369978,0.9983974099159241,0.1473681628704071,output/trufor_pretrained_policy_c_native/maps/dev_val/train/bonafide/huawei/chinese-001_03.jpg.npz,computed,policy_c_native,native_RGB_float32_div256,ac1d90e329a72e0d66e8665e123a19e94bfae3209c3ef8a4f9ca3b91578c7844
dev_val,train/bonafide/iphone15pro/chinese-001_03.jpg,data/processed/policy_c/train/bonafide/iphone15pro/chinese-001_03.jpg,chinese-001_03,bonafide,,iphone15pro,0,70,4faa0ffe08261d453ad0d7b7e70b749aa73b4333692222e42ae7a54545d046b5,4faa0ffe08261d453ad0d7b7e70b749aa73b4333692222e42ae7a54545d046b5,0.43280190229415894,1765,2778,0.003752389457076788,0.9860811233520508,0.1367097795009613,output/trufor_pretrained_policy_c_native/maps/dev_val/train/bonafide/iphone15pro/chinese-001_03.jpg.npz,computed,policy_c_native,native_RGB_float32_div256,ac1d90e329a72e0d66e8665e123a19e94bfae3209c3ef8a4f9ca3b91578c7844
dev_val,train/bonafide/scan/chinese-001_03.jpg,data/processed/policy_c/train/bonafide/scan/chinese-001_03.jpg,chinese-001_03,bonafide,,scan,0,82,a56c527217ae887d83bdd6f8033952a80c4935662a63258bd5583bd5414f2a8b,a56c527217ae887d83bdd6f8033952a80c4935662a63258bd5583bd5414f2a8b,0.4216885566711426,1248,1991,0.004510077182203531,0.9513461589813232,0.15315206348896027,output/trufor_pretrained_policy_c_native/maps/dev_val/train/bonafide/scan/chinese-001_03.jpg.npz,computed,policy_c_native,native_RGB_float32_div256,ac1d90e329a72e0d66e8665e123a19e94bfae3209c3ef8a4f9ca3b91578c7844
dev_val,train/attack/digital_1/huawei/chinese-113_03.jpg,data/processed/policy_c/train/attack/digital_1/huawei/chinese-113_03.jpg,chinese-113_03,attack,digital_1,huawei,1,85,51f2e6039f67f38db17810bb427622ae97a2da213cf2cff21b07db4c5f7bd12e,51f2e6039f67f38db17810bb427622ae97a2da213cf2cff21b07db4c5f7bd12e,0.9679869413375854,1973,3178,0.0006230630679056048,0.9996715784072876,0.11810433119535446,output/trufor_pretrained_policy_c_native/maps/dev_val/train/attack/digital_1/huawei/chinese-113_03.jpg.npz,computed,policy_c_native,native_RGB_float32_div256,ac1d90e329a72e0d66e8665e123a19e94bfae3209c3ef8a4f9ca3b91578c7844
dev_val,train/attack/digital_1/iphone15pro/chinese-113_03.jpg,data/processed/policy_c/train/attack/digital_1/iphone15pro/chinese-113_03.jpg,chinese-113_03,attack,digital_1,iphone15pro,1,72,52fb1c67d0cc7abc69d335272391e8fe1bf627cdcdd6efe76a9bb69e476d50b9,52fb1c67d0cc7abc69d335272391e8fe1bf627cdcdd6efe76a9bb69e476d50b9,0.9500296711921692,1770,2791,0.0021233640145510435,0.9996397495269775,0.12324599176645279,output/trufor_pretrained_policy_c_native/maps/dev_val/train/attack/digital_1/iphone15pro/chinese-113_03.jpg.npz,computed,policy_c_native,native_RGB_float32_div256,ac1d90e329a72e0d66e8665e123a19e94bfae3209c3ef8a4f9ca3b91578c7844
dev_val,train/attack/digital_1/scan/chinese-113_03.jpg,data/processed/policy_c/train/attack/digital_1/scan/chinese-113_03.jpg,chinese-113_03,attack,digital_1,scan,1,58,7690ad8a52f556da50f41913ef38cc7ed622d2ba227ddebe6ae491915f9c4c23,7690ad8a52f556da50f41913ef38cc7ed622d2ba227ddebe6ae491915f9c4c23,0.9925746917724609,1250,1990,0.0005316368187777698,0.9999312162399292,0.026533568277955055,output/trufor_pretrained_policy_c_native/maps/dev_val/train/attack/digital_1/scan/chinese-113_03.jpg.npz,computed,policy_c_native,native_RGB_float32_div256,ac1d90e329a72e0d66e8665e123a19e94bfae3209c3ef8a4f9ca3b91578c7844
dev_val,train/attack/digital_2/huawei/chinese-113_03.jpg,data/processed/policy_c/train/attack/digital_2/huawei/chinese-113_03.jpg,chinese-113_03,attack,digital_2,huawei,1,85,b2e75e9bd3ac7a7b72d07648f9b2a2ab37fa59e81f2e36e8b1aea1811372bf79,b2e75e9bd3ac7a7b72d07648f9b2a2ab37fa59e81f2e36e8b1aea1811372bf79,0.7072563171386719,1973,3178,0.01568915881216526,0.9960848093032837,0.254925400018692,output/trufor_pretrained_policy_c_native/maps/dev_val/train/attack/digital_2/huawei/chinese-113_03.jpg.npz,computed,policy_c_native,native_RGB_float32_div256,ac1d90e329a72e0d66e8665e123a19e94bfae3209c3ef8a4f9ca3b91578c7844
dev_val,train/attack/digital_2/iphone15pro/chinese-113_03.jpg,data/processed/policy_c/train/attack/digital_2/iphone15pro/chinese-113_03.jpg,chinese-113_03,attack,digital_2,iphone15pro,1,72,7dcfaeef8807fa18c76f3a745c3436679a6579fb64662f332bceacd41c8685f2,7dcfaeef8807fa18c76f3a745c3436679a6579fb64662f332bceacd41c8685f2,0.6496982574462891,1770,2791,0.018977520987391472,0.9932765960693359,0.39367610216140747,output/trufor_pretrained_policy_c_native/maps/dev_val/train/attack/digital_2/iphone15pro/chinese-113_03.jpg.npz,computed,policy_c_native,native_RGB_float32_div256,ac1d90e329a72e0d66e8665e123a19e94bfae3209c3ef8a4f9ca3b91578c7844
dev_val,train/attack/digital_2/scan/chinese-113_03.jpg,data/processed/policy_c/train/attack/digital_2/scan/chinese-113_03.jpg,chinese-113_03,attack,digital_2,scan,1,58,314c64a3a590d2cecbe64beb5d74ab39e707ade70c024e0ee882366b29719b55,314c64a3a590d2cecbe64beb5d74ab39e707ade70c024e0ee882366b29719b55,0.6565003395080566,1250,1990,0.0065026432275772095,0.9808589816093445,0.16971269249916077,output/trufor_pretrained_policy_c_native/maps/dev_val/train/attack/digital_2/scan/chinese-113_03.jpg.npz,computed,policy_c_native,native_RGB_float32_div256,ac1d90e329a72e0d66e8665e123a19e94bfae3209c3ef8a4f9ca3b91578c7844
dev_val,train/bonafide/huawei/chinese-113_03.jpg,data/processed/policy_c/train/bonafide/huawei/chinese-113_03.jpg,chinese-113_03,bonafide,,huawei,0,85,76d143e5f943a990b543d59259ee610c1526a8aef39dec35a991cbaca88ad378,76d143e5f943a990b543d59259ee610c1526a8aef39dec35a991cbaca88ad378,0.6257003545761108,1973,3178,0.008816249668598175,0.9960899949073792,0.1918976902961731,output/trufor_pretrained_policy_c_native/maps/dev_val/train/bonafide/huawei/chinese-113_03.jpg.npz,computed,policy_c_native,native_RGB_float32_div256,ac1d90e329a72e0d66e8665e123a19e94bfae3209c3ef8a4f9ca3b91578c7844
dev_val,train/bonafide/iphone15pro/chinese-113_03.jpg,data/processed/policy_c/train/bonafide/iphone15pro/chinese-113_03.jpg,chinese-113_03,bonafide,,iphone15pro,0,72,4d2f8a7fbafea0de5c2a99a8a8baf890ed636a6fdf53d896f2ad99587e8111ea,4d2f8a7fbafea0de5c2a99a8a8baf890ed636a6fdf53d896f2ad99587e8111ea,0.4388311207294464,1770,2791,0.015797581523656845,0.9673526883125305,0.31458041071891785,output/trufor_pretrained_policy_c_native/maps/dev_val/train/bonafide/iphone15pro/chinese-113_03.jpg.npz,computed,policy_c_native,native_RGB_float32_div256,ac1d90e329a72e0d66e8665e123a19e94bfae3209c3ef8a4f9ca3b91578c7844
dev_val,train/bonafide/scan/chinese-113_03.jpg,data/processed/policy_c/train/bonafide/scan/chinese-113_03.jpg,chinese-113_03,bonafide,,scan,0,58,1e1a75d777dd81c623a4d28087d88f0b86894468dc81e85138ac9e42c32a4126,1e1a75d777dd81c623a4d28087d88f0b86894468dc81e85138ac9e42c32a4126,0.6969877481460571,1250,1990,0.0031148428097367287,0.9784353971481323,0.13034062087535858,output/trufor_pretrained_policy_c_native/maps/dev_val/train/bonafide/scan/chinese-113_03.jpg.npz,computed,policy_c_native,native_RGB_float32_div256,ac1d90e329a72e0d66e8665e123a19e94bfae3209c3ef8a4f9ca3b91578c7844
dev_val,train/attack/digital_1/huawei/chinese-142_03.jpg,data/processed/policy_c/train/attack/digital_1/huawei/chinese-142_03.jpg,chinese-142_03,attack,digital_1,huawei,1,60,03c590537fd0c2afde61a5751ca4faffead511e845e09f341100c4299ca6ed85,03c590537fd0c2afde61a5751ca4faffead511e845e09f341100c4299ca6ed85,0.9878990054130554,1967,3195,0.0006307308794930577,0.9998549222946167,0.11415239423513412,output/trufor_pretrained_policy_c_native/maps/dev_val/train/attack/digital_1/huawei/chinese-142_03.jpg.npz,computed,policy_c_native,native_RGB_float32_div256,ac1d90e329a72e0d66e8665e123a19e94bfae3209c3ef8a4f9ca3b91578c7844
dev_val,train/attack/digital_1/iphone15pro/chinese-142_03.jpg,data/processed/policy_c/train/attack/digital_1/iphone15pro/chinese-142_03.jpg,chinese-142_03,attack,digital_1,iphone15pro,1,56,5a56e5a0c29efc210919ffefba4b3f61f5f46bc346e666edf8fd6776cb811864,5a56e5a0c29efc210919ffefba4b3f61f5f46bc346e666edf8fd6776cb811864,0.859920859336853,1762,2784,0.003585181199014187,0.9992111921310425,0.1221715435385704,output/trufor_pretrained_policy_c_native/maps/dev_val/train/attack/digital_1/iphone15pro/chinese-142_03.jpg.npz,computed,policy_c_native,native_RGB_float32_div256,ac1d90e329a72e0d66e8665e123a19e94bfae3209c3ef8a4f9ca3b91578c7844
dev_val,train/attack/digital_1/scan/chinese-142_03.jpg,data/processed/policy_c/train/attack/digital_1/scan/chinese-142_03.jpg,chinese-142_03,attack,digital_1,scan,1,65,f9475a4377df553ac4d142144325f619101334c5c076b139a7b8cb7ba19d4546,f9475a4377df553ac4d142144325f619101334c5c076b139a7b8cb7ba19d4546,0.9944408535957336,1250,1996,0.0001267920306418091,0.9999383687973022,0.023905010893940926,output/trufor_pretrained_policy_c_native/maps/dev_val/train/attack/digital_1/scan/chinese-142_03.jpg.npz,computed,policy_c_native,native_RGB_float32_div256,ac1d90e329a72e0d66e8665e123a19e94bfae3209c3ef8a4f9ca3b91578c7844
dev_val,train/attack/digital_2/huawei/chinese-142_03.jpg,data/processed/policy_c/train/attack/digital_2/huawei/chinese-142_03.jpg,chinese-142_03,attack,digital_2,huawei,1,60,82d1420184dc011310e87688e7650ac9321721f5f38674ab8005b6b8dd59c830,82d1420184dc011310e87688e7650ac9321721f5f38674ab8005b6b8dd59c830,0.69978266954422,1967,3195,0.032549794763326645,0.9911621809005737,0.3202184736728668,output/trufor_pretrained_policy_c_native/maps/dev_val/train/attack/digital_2/huawei/chinese-142_03.jpg.npz,computed,policy_c_native,native_RGB_float32_div256,ac1d90e329a72e0d66e8665e123a19e94bfae3209c3ef8a4f9ca3b91578c7844
dev_val,train/attack/digital_2/iphone15pro/chinese-142_03.jpg,data/processed/policy_c/train/attack/digital_2/iphone15pro/chinese-142_03.jpg,chinese-142_03,attack,digital_2,iphone15pro,1,56,3fe8962e96404c778c8b33734dc6ec3aed00c46373e3584ec817c556ea810392,3fe8962e96404c778c8b33734dc6ec3aed00c46373e3584ec817c556ea810392,0.7023573517799377,1762,2784,0.038297560065984726,0.9963800311088562,0.4651305377483368,output/trufor_pretrained_policy_c_native/maps/dev_val/train/attack/digital_2/iphone15pro/chinese-142_03.jpg.npz,computed,policy_c_native,native_RGB_float32_div256,ac1d90e329a72e0d66e8665e123a19e94bfae3209c3ef8a4f9ca3b91578c7844
dev_val,train/attack/digital_2/scan/chinese-142_03.jpg,data/processed/policy_c/train/attack/digital_2/scan/chinese-142_03.jpg,chinese-142_03,attack,digital_2,scan,1,65,d89eff8ab5bc70b91ed081e847810322afb83080eac491d293b5f70b50b971c1,d89eff8ab5bc70b91ed081e847810322afb83080eac491d293b5f70b50b971c1,0.5840806365013123,1250,1996,0.014343764632940292,0.9638201594352722,0.2824174165725708,output/trufor_pretrained_policy_c_native/maps/dev_val/train/attack/digital_2/scan/chinese-142_03.jpg.npz,computed,policy_c_native,native_RGB_float32_div256,ac1d90e329a72e0d66e8665e123a19e94bfae3209c3ef8a4f9ca3b91578c7844
dev_val,train/bonafide/huawei/chinese-142_03.jpg,data/processed/policy_c/train/bonafide/huawei/chinese-142_03.jpg,chinese-142_03,bonafide,,huawei,0,60,d3c67f7ec6a40108c7b2c23e0fe0d41f4fea8725f7fb5b292ed221e06c852a94,d3c67f7ec6a40108c7b2c23e0fe0d41f4fea8725f7fb5b292ed221e06c852a94,0.6836506724357605,1967,3195,0.009083325043320656,0.9915061593055725,0.25369179248809814,output/trufor_pretrained_policy_c_native/maps/dev_val/train/bonafide/huawei/chinese-142_03.jpg.npz,computed,policy_c_native,native_RGB_float32_div256,ac1d90e329a72e0d66e8665e123a19e94bfae3209c3ef8a4f9ca3b91578c7844
dev_val,train/bonafide/iphone15pro/chinese-142_03.jpg,data/processed/policy_c/train/bonafide/iphone15pro/chinese-142_03.jpg,chinese-142_03,bonafide,,iphone15pro,0,56,2da72df3818fb6d5819433288f694eff4eaaf5831df2fe9d0b172b7a256b1c1d,2da72df3818fb6d5819433288f694eff4eaaf5831df2fe9d0b172b7a256b1c1d,0.6240736842155457,1762,2784,0.0350620411336422,0.9823631048202515,0.3956977128982544,output/trufor_pretrained_policy_c_native/maps/dev_val/train/bonafide/iphone15pro/chinese-142_03.jpg.npz,computed,policy_c_native,native_RGB_float32_div256,ac1d90e329a72e0d66e8665e123a19e94bfae3209c3ef8a4f9ca3b91578c7844
dev_val,train/bonafide/scan/chinese-142_03.jpg,data/processed/policy_c/train/bonafide/scan/chinese-142_03.jpg,chinese-142_03,bonafide,,scan,0,65,82b238b19a3fb1b4e148ac9a050830511032b3eaf847d4855914f3b468292a2a,82b238b19a3fb1b4e148ac9a050830511032b3eaf847d4855914f3b468292a2a,0.5965964794158936,1250,1996,0.009406015276908875,0.9727652668952942,0.21350792050361633,output/trufor_pretrained_policy_c_native/maps/dev_val/train/bonafide/scan/chinese-142_03.jpg.npz,computed,policy_c_native,native_RGB_float32_div256,ac1d90e329a72e0d66e8665e123a19e94bfae3209c3ef8a4f9ca3b91578c7844
dev_val,train/attack/digital_1/huawei/chinese-NF-1050.jpg,data/processed/policy_c/train/attack/digital_1/huawei/chinese-NF-1050.jpg,chinese-NF-1050,attack,digital_1,huawei,1,58,2b6c889b1e45b2bf3f433cb2d00e9baa71c2feaf70e26ac7bb732f29c26054c6,2b6c889b1e45b2bf3f433cb2d00e9baa71c2feaf70e26ac7bb732f29c26054c6,0.8955658674240112,1968,3198,0.0028296704404056072,0.9996652603149414,0.1733141392469406,output/trufor_pretrained_policy_c_native/maps/dev_val/train/attack/digital_1/huawei/chinese-NF-1050.jpg.npz,computed,policy_c_native,native_RGB_float32_div256,ac1d90e329a72e0d66e8665e123a19e94bfae3209c3ef8a4f9ca3b91578c7844
dev_val,train/attack/digital_1/iphone15pro/chinese-NF-1050.jpg,data/processed/policy_c/train/attack/digital_1/iphone15pro/chinese-NF-1050.jpg,chinese-NF-1050,attack,digital_1,iphone15pro,1,72,4828f05b119ca8201333e804052180670002e92208727649ac37b2a2aba15e47,4828f05b119ca8201333e804052180670002e92208727649ac37b2a2aba15e47,0.9284194111824036,1776,2781,0.0012442192528396845,0.9998332262039185,0.11803553998470306,output/trufor_pretrained_policy_c_native/maps/dev_val/train/attack/digital_1/iphone15pro/chinese-NF-1050.jpg.npz,computed,policy_c_native,native_RGB_float32_div256,ac1d90e329a72e0d66e8665e123a19e94bfae3209c3ef8a4f9ca3b91578c7844
dev_val,train/attack/digital_1/scan/chinese-NF-1050.jpg,data/processed/policy_c/train/attack/digital_1/scan/chinese-NF-1050.jpg,chinese-NF-1050,attack,digital_1,scan,1,50,98734a4c484b85dd4b684cda2a81722988d30d49ef4112558ce78d20c59088be,98734a4c484b85dd4b684cda2a81722988d30d49ef4112558ce78d20c59088be,0.6920090317726135,1247,1993,0.010805107653141022,0.9981783628463745,0.1369316726922989,output/trufor_pretrained_policy_c_native/maps/dev_val/train/attack/digital_1/scan/chinese-NF-1050.jpg.npz,computed,policy_c_native,native_RGB_float32_div256,ac1d90e329a72e0d66e8665e123a19e94bfae3209c3ef8a4f9ca3b91578c7844
